path,class_name,dup_group
C:\Users\Fame IT\Videos\rwn\438\Dataset\Dataset\Black Spot\IMG20250601101600.jpg,Black Spot,0
C:\Users\Fame IT\Videos\rwn\438\Dataset\Dataset\Black Spot\IMG20250601101635.jpg,Black Spot,3
C:\Users\Fame IT\Videos\rwn\438\Dataset\Dataset\Black Spot\IMG20250601101808.jpg,Black Spot,5
C:\Users\Fame IT\Videos\rwn\438\Dataset\Dataset\Black Spot\IMG20250601101819.jpg,Black Spot,7
C:\Users\Fame IT\Videos\rwn\438\Dataset\Dataset\Black Spot\IMG20250601101839.jpg,Black Spot,8
C:\Users\Fame IT\Videos\rwn\438\Dataset\Dataset\Black Spot\IMG20250601101920.jpg,Black Spot,9
C:\Users\Fame IT\Videos\rwn\438\Dataset\Dataset\Black Spot\IMG20250601101937.jpg,Black Spot,10
C:\Users\Fame IT\Videos\rwn\438\Dataset\Dataset\Black Spot\IMG20250601101949.jpg,Black Spot,11
C:\Users\Fame IT\Videos\rwn\438\Dataset\Dataset\Black Spot\IMG20250601102056.jpg,Black Spot,12
C:\Users\Fame IT\Videos\rwn\438\Dataset\Dataset\Black Spot\IMG20250601102215.jpg,Black Spot,15
C:\Users\Fame IT\Videos\rwn\438\Dataset\Dataset\Black Spot\IMG20250601102221.jpg,Black Spot,16
C:\Users\Fame IT\Videos\rwn\438\Dataset\Dataset\Black Spot\IMG20250601102328.jpg,Black Spot,19
C:\Users\Fame IT\Videos\rwn\438\Dataset\Dataset\Black Spot\IMG20250601102413.jpg,Black Spot,22
C:\Users\Fame IT\Videos\rwn\438\Dataset\Dataset\Black Spot\IMG20250601102419.jpg,Black Spot,23
C:\Users\Fame IT\Videos\rwn\438\Dataset\Dataset\Black Spot\IMG20250601102426.jpg,Black Spot,24
C:\Users\Fame IT\Videos\rwn\438\Dataset\Dataset\Black Spot\IMG20250601102434.jpg,Black Spot,25
C:\Users\Fame IT\Videos\rwn\438\Dataset\Dataset\Black Spot\IMG20250601102532.jpg,Black Spot,29
C:\Users\Fame IT\Videos\rwn\438\Dataset\Dataset\Black Spot\IMG20250601102555.jpg,Black Spot,30
C:\Users\Fame IT\Videos\rwn\438\Dataset\Dataset\Black Spot\IMG20250601102606.jpg,Black Spot,31
C:\Users\Fame IT\Videos\rwn\438\Dataset\Dataset\Black Spot\IMG20250601102624.jpg,Black Spot,33
C:\Users\Fame IT\Videos\rwn\438\Dataset\Dataset\Black Spot\IMG20250601102732.jpg,Black Spot,35
C:\Users\Fame IT\Videos\rwn\438\Dataset\Dataset\Black Spot\IMG20250601102743.jpg,Black Spot,37
C:\Users\Fame IT\Videos\rwn\438\Dataset\Dataset\Black Spot\IMG20250601102808.jpg,Black Spot,38
C:\Users\Fame IT\Videos\rwn\438\Dataset\Dataset\Black Spot\IMG20250601102813.jpg,Black Spot,39
C:\Users\Fame IT\Videos\rwn\438\Dataset\Dataset\Black Spot\IMG20250601102827.jpg,Black Spot,41
C:\Users\Fame IT\Videos\rwn\438\Dataset\Dataset\Black Spot\IMG20250601102850.jpg,Black Spot,43
C:\Users\Fame IT\Videos\rwn\438\Dataset\Dataset\Black Spot\IMG20250601102908.jpg,Black Spot,45
C:\Users\Fame IT\Videos\rwn\438\Dataset\Dataset\Black Spot\IMG20250601103103.jpg,Black Spot,46
C:\Users\Fame IT\Videos\rwn\438\Dataset\Dataset\Black Spot\IMG20250601103113.jpg,Black Spot,48
C:\Users\Fame IT\Videos\rwn\438\Dataset\Dataset\Black Spot\IMG20250601103117.jpg,Black Spot,49
C:\Users\Fame IT\Videos\rwn\438\Dataset\Dataset\Black Spot\IMG20250601103124.jpg,Black Spot,50
C:\Users\Fame IT\Videos\rwn\438\Dataset\Dataset\Black Spot\IMG20250601103149.jpg,Black Spot,53
C:\Users\Fame IT\Videos\rwn\438\Dataset\Dataset\Black Spot\IMG20250601103201.jpg,Black Spot,54
C:\Users\Fame IT\Videos\rwn\438\Dataset\Dataset\Black Spot\IMG20250601103236.jpg,Black Spot,55
C:\Users\Fame IT\Videos\rwn\438\Dataset\Dataset\Black Spot\IMG20250601103313.jpg,Black Spot,56
C:\Users\Fame IT\Videos\rwn\438\Dataset\Dataset\Black Spot\IMG20250601103319.jpg,Black Spot,57
C:\Users\Fame IT\Videos\rwn\438\Dataset\Dataset\Black Spot\IMG20250601103328.jpg,Black Spot,58
C:\Users\Fame IT\Videos\rwn\438\Dataset\Dataset\Black Spot\IMG20250601103349.jpg,Black Spot,60
C:\Users\Fame IT\Videos\rwn\438\Dataset\Dataset\Black Spot\IMG20250601103357.jpg,Black Spot,61
C:\Users\Fame IT\Videos\rwn\438\Dataset\Dataset\Black Spot\IMG20250601103419.jpg,Black Spot,63
C:\Users\Fame IT\Videos\rwn\438\Dataset\Dataset\Black Spot\IMG20250601103436.jpg,Black Spot,65
C:\Users\Fame IT\Videos\rwn\438\Dataset\Dataset\Black Spot\IMG20250601103449.jpg,Black Spot,67
C:\Users\Fame IT\Videos\rwn\438\Dataset\Dataset\Black Spot\IMG20250601103453.jpg,Black Spot,68
C:\Users\Fame IT\Videos\rwn\438\Dataset\Dataset\Black Spot\IMG20250601103510.jpg,Black Spot,69
C:\Users\Fame IT\Videos\rwn\438\Dataset\Dataset\Black Spot\IMG20250601103519.jpg,Black Spot,70
C:\Users\Fame IT\Videos\rwn\438\Dataset\Dataset\Black Spot\IMG20250601103525.jpg,Black Spot,71
C:\Users\Fame IT\Videos\rwn\438\Dataset\Dataset\Black Spot\IMG20250601103536.jpg,Black Spot,73
C:\Users\Fame IT\Videos\rwn\438\Dataset\Dataset\Black Spot\IMG20250601103547.jpg,Black Spot,74
C:\Users\Fame IT\Videos\rwn\438\Dataset\Dataset\Black Spot\IMG20250601103554.jpg,Black Spot,75
C:\Users\Fame IT\Videos\rwn\438\Dataset\Dataset\Black Spot\IMG20250601103603.jpg,Black Spot,77
C:\Users\Fame IT\Videos\rwn\438\Dataset\Dataset\Black Spot\IMG20250601103643.jpg,Black Spot,79
C:\Users\Fame IT\Videos\rwn\438\Dataset\Dataset\Black Spot\IMG20250601103652.jpg,Black Spot,81
C:\Users\Fame IT\Videos\rwn\438\Dataset\Dataset\Black Spot\IMG20250601103716.jpg,Black Spot,82
C:\Users\Fame IT\Videos\rwn\438\Dataset\Dataset\Black Spot\IMG20250601103722.jpg,Black Spot,83
C:\Users\Fame IT\Videos\rwn\438\Dataset\Dataset\Black Spot\IMG20250601103728.jpg,Black Spot,84
C:\Users\Fame IT\Videos\rwn\438\Dataset\Dataset\Black Spot\IMG20250601103736.jpg,Black Spot,85
C:\Users\Fame IT\Videos\rwn\438\Dataset\Dataset\Black Spot\IMG20250601103814.jpg,Black Spot,88
C:\Users\Fame IT\Videos\rwn\438\Dataset\Dataset\Black Spot\IMG20250601103819.jpg,Black Spot,89
C:\Users\Fame IT\Videos\rwn\438\Dataset\Dataset\Black Spot\IMG20250601103836.jpg,Black Spot,90
C:\Users\Fame IT\Videos\rwn\438\Dataset\Dataset\Black Spot\IMG20250601103848.jpg,Black Spot,92
C:\Users\Fame IT\Videos\rwn\438\Dataset\Dataset\Black Spot\IMG20250601103852.jpg,Black Spot,93
C:\Users\Fame IT\Videos\rwn\438\Dataset\Dataset\Black Spot\IMG20250601103902.jpg,Black Spot,94
C:\Users\Fame IT\Videos\rwn\438\Dataset\Dataset\Black Spot\IMG20250601103909.jpg,Black Spot,95
C:\Users\Fame IT\Videos\rwn\438\Dataset\Dataset\Black Spot\IMG20250601103913.jpg,Black Spot,96
C:\Users\Fame IT\Videos\rwn\438\Dataset\Dataset\Black Spot\IMG20250601103948.jpg,Black Spot,99
C:\Users\Fame IT\Videos\rwn\438\Dataset\Dataset\Black Spot\IMG20250601103959.jpg,Black Spot,100
C:\Users\Fame IT\Videos\rwn\438\Dataset\Dataset\Black Spot\IMG20250601104012.jpg,Black Spot,101
C:\Users\Fame IT\Videos\rwn\438\Dataset\Dataset\Black Spot\IMG20250601104022.jpg,Black Spot,102
C:\Users\Fame IT\Videos\rwn\438\Dataset\Dataset\Black Spot\IMG20250601104033.jpg,Black Spot,103
C:\Users\Fame IT\Videos\rwn\438\Dataset\Dataset\Black Spot\IMG20250601104049.jpg,Black Spot,104
C:\Users\Fame IT\Videos\rwn\438\Dataset\Dataset\Black Spot\IMG20250601104145.jpg,Black Spot,107
C:\Users\Fame IT\Videos\rwn\438\Dataset\Dataset\Black Spot\IMG20250601104152.jpg,Black Spot,108
C:\Users\Fame IT\Videos\rwn\438\Dataset\Dataset\Black Spot\IMG20250601104215.jpg,Black Spot,109
C:\Users\Fame IT\Videos\rwn\438\Dataset\Dataset\Black Spot\IMG20250601104225.jpg,Black Spot,111
C:\Users\Fame IT\Videos\rwn\438\Dataset\Dataset\Black Spot\IMG20250601104231.jpg,Black Spot,112
C:\Users\Fame IT\Videos\rwn\438\Dataset\Dataset\Black Spot\IMG20250601104236.jpg,Black Spot,113
C:\Users\Fame IT\Videos\rwn\438\Dataset\Dataset\Black Spot\IMG20250601104249.jpg,Black Spot,114
C:\Users\Fame IT\Videos\rwn\438\Dataset\Dataset\Black Spot\IMG20250601104255.jpg,Black Spot,115
C:\Users\Fame IT\Videos\rwn\438\Dataset\Dataset\Black Spot\IMG20250601104300.jpg,Black Spot,116
C:\Users\Fame IT\Videos\rwn\438\Dataset\Dataset\Black Spot\IMG20250601104342.jpg,Black Spot,119
C:\Users\Fame IT\Videos\rwn\438\Dataset\Dataset\Black Spot\IMG20250601104351.jpg,Black Spot,120
C:\Users\Fame IT\Videos\rwn\438\Dataset\Dataset\Black Spot\IMG20250601110654.jpg,Black Spot,123
C:\Users\Fame IT\Videos\rwn\438\Dataset\Dataset\Black Spot\IMG20250601110701.jpg,Black Spot,124
C:\Users\Fame IT\Videos\rwn\438\Dataset\Dataset\Black Spot\IMG20250601110742.jpg,Black Spot,127
C:\Users\Fame IT\Videos\rwn\438\Dataset\Dataset\Black Spot\IMG20250601110757.jpg,Black Spot,129
C:\Users\Fame IT\Videos\rwn\438\Dataset\Dataset\Black Spot\IMG20250601110905.jpg,Black Spot,131
C:\Users\Fame IT\Videos\rwn\438\Dataset\Dataset\Black Spot\IMG20250601110917.jpg,Black Spot,132
C:\Users\Fame IT\Videos\rwn\438\Dataset\Dataset\Black Spot\IMG20250601110922.jpg,Black Spot,133
C:\Users\Fame IT\Videos\rwn\438\Dataset\Dataset\Black Spot\IMG20250601110944.jpg,Black Spot,135
C:\Users\Fame IT\Videos\rwn\438\Dataset\Dataset\Black Spot\IMG20250601110949.jpg,Black Spot,136
C:\Users\Fame IT\Videos\rwn\438\Dataset\Dataset\Black Spot\IMG20250601110953.jpg,Black Spot,137
C:\Users\Fame IT\Videos\rwn\438\Dataset\Dataset\Black Spot\IMG20250601111050.jpg,Black Spot,139
C:\Users\Fame IT\Videos\rwn\438\Dataset\Dataset\Black Spot\IMG20250601111116.jpg,Black Spot,140
C:\Users\Fame IT\Videos\rwn\438\Dataset\Dataset\Black Spot\IMG20250601111124.jpg,Black Spot,141
C:\Users\Fame IT\Videos\rwn\438\Dataset\Dataset\Black Spot\IMG20250601111128.jpg,Black Spot,142
C:\Users\Fame IT\Videos\rwn\438\Dataset\Dataset\Black Spot\IMG20250601111136.jpg,Black Spot,143
C:\Users\Fame IT\Videos\rwn\438\Dataset\Dataset\Black Spot\IMG20250601111140.jpg,Black Spot,144
C:\Users\Fame IT\Videos\rwn\438\Dataset\Dataset\Black Spot\IMG20250601111150.jpg,Black Spot,146
C:\Users\Fame IT\Videos\rwn\438\Dataset\Dataset\Black Spot\IMG20250601111204.jpg,Black Spot,147
C:\Users\Fame IT\Videos\rwn\438\Dataset\Dataset\Black Spot\IMG20250601111214.jpg,Black Spot,148
C:\Users\Fame IT\Videos\rwn\438\Dataset\Dataset\Black Spot\IMG20250601111225.jpg,Black Spot,149
C:\Users\Fame IT\Videos\rwn\438\Dataset\Dataset\Black Spot\IMG20250601111230.jpg,Black Spot,150
C:\Users\Fame IT\Videos\rwn\438\Dataset\Dataset\Black Spot\IMG20250601111242.jpg,Black Spot,151
C:\Users\Fame IT\Videos\rwn\438\Dataset\Dataset\Black Spot\IMG20250601111258.jpg,Black Spot,153
C:\Users\Fame IT\Videos\rwn\438\Dataset\Dataset\Black Spot\IMG20250601111311.jpg,Black Spot,155
C:\Users\Fame IT\Videos\rwn\438\Dataset\Dataset\Black Spot\IMG20250601111339.jpg,Black Spot,157
C:\Users\Fame IT\Videos\rwn\438\Dataset\Dataset\Black Spot\IMG20250601111344.jpg,Black Spot,158
C:\Users\Fame IT\Videos\rwn\438\Dataset\Dataset\Black Spot\IMG20250601111418.jpg,Black Spot,160
C:\Users\Fame IT\Videos\rwn\438\Dataset\Dataset\Black Spot\IMG20250601111447.jpg,Black Spot,162
C:\Users\Fame IT\Videos\rwn\438\Dataset\Dataset\Black Spot\IMG20250601111504.jpg,Black Spot,163
C:\Users\Fame IT\Videos\rwn\438\Dataset\Dataset\Black Spot\IMG20250601111520.jpg,Black Spot,165
C:\Users\Fame IT\Videos\rwn\438\Dataset\Dataset\Black Spot\IMG20250601111546.jpg,Black Spot,167
C:\Users\Fame IT\Videos\rwn\438\Dataset\Dataset\Black Spot\IMG20250601111552.jpg,Black Spot,168
C:\Users\Fame IT\Videos\rwn\438\Dataset\Dataset\Black Spot\IMG20250601111559.jpg,Black Spot,169
C:\Users\Fame IT\Videos\rwn\438\Dataset\Dataset\Black Spot\IMG20250601111603.jpg,Black Spot,170
C:\Users\Fame IT\Videos\rwn\438\Dataset\Dataset\Black Spot\IMG20250601111616.jpg,Black Spot,171
C:\Users\Fame IT\Videos\rwn\438\Dataset\Dataset\Black Spot\IMG20250601111633.jpg,Black Spot,172
C:\Users\Fame IT\Videos\rwn\438\Dataset\Dataset\Black Spot\IMG20250601111713.jpg,Black Spot,173
C:\Users\Fame IT\Videos\rwn\438\Dataset\Dataset\Black Spot\IMG20250601111719.jpg,Black Spot,174
C:\Users\Fame IT\Videos\rwn\438\Dataset\Dataset\Black Spot\IMG20250601111729.jpg,Black Spot,175
C:\Users\Fame IT\Videos\rwn\438\Dataset\Dataset\Black Spot\IMG20250601111743.jpg,Black Spot,176
C:\Users\Fame IT\Videos\rwn\438\Dataset\Dataset\Black Spot\IMG20250601111749.jpg,Black Spot,177
C:\Users\Fame IT\Videos\rwn\438\Dataset\Dataset\Black Spot\IMG20250601111756.jpg,Black Spot,178
C:\Users\Fame IT\Videos\rwn\438\Dataset\Dataset\Black Spot\IMG20250601111807.jpg,Black Spot,179
C:\Users\Fame IT\Videos\rwn\438\Dataset\Dataset\Black Spot\IMG20250601111814.jpg,Black Spot,180
C:\Users\Fame IT\Videos\rwn\438\Dataset\Dataset\Black Spot\IMG20250601111820.jpg,Black Spot,181
C:\Users\Fame IT\Videos\rwn\438\Dataset\Dataset\Black Spot\IMG20250601111824.jpg,Black Spot,182
C:\Users\Fame IT\Videos\rwn\438\Dataset\Dataset\Black Spot\IMG20250601111849.jpg,Black Spot,184
C:\Users\Fame IT\Videos\rwn\438\Dataset\Dataset\Black Spot\IMG20250601111856.jpg,Black Spot,185
C:\Users\Fame IT\Videos\rwn\438\Dataset\Dataset\Black Spot\IMG20250601111901.jpg,Black Spot,186
C:\Users\Fame IT\Videos\rwn\438\Dataset\Dataset\Black Spot\IMG20250601112027.jpg,Black Spot,191
C:\Users\Fame IT\Videos\rwn\438\Dataset\Dataset\Black Spot\IMG20250601112034.jpg,Black Spot,192
C:\Users\Fame IT\Videos\rwn\438\Dataset\Dataset\Black Spot\IMG20250601112045.jpg,Black Spot,193
C:\Users\Fame IT\Videos\rwn\438\Dataset\Dataset\Black Spot\IMG20250601112103.jpg,Black Spot,194
C:\Users\Fame IT\Videos\rwn\438\Dataset\Dataset\Black Spot\IMG20250601112151.jpg,Black Spot,196
C:\Users\Fame IT\Videos\rwn\438\Dataset\Dataset\Black Spot\IMG20250601112157.jpg,Black Spot,197
C:\Users\Fame IT\Videos\rwn\438\Dataset\Dataset\Black Spot\IMG20250601112229.jpg,Black Spot,198
C:\Users\Fame IT\Videos\rwn\438\Dataset\Dataset\Black Spot\IMG20250601112257.jpg,Black Spot,199
C:\Users\Fame IT\Videos\rwn\438\Dataset\Dataset\Black Spot\IMG20250601112354.jpg,Black Spot,202
C:\Users\Fame IT\Videos\rwn\438\Dataset\Dataset\Black Spot\IMG20250601112403.jpg,Black Spot,203
C:\Users\Fame IT\Videos\rwn\438\Dataset\Dataset\Black Spot\IMG20250601112406.jpg,Black Spot,204
C:\Users\Fame IT\Videos\rwn\438\Dataset\Dataset\Black Spot\IMG20250601112413.jpg,Black Spot,206
C:\Users\Fame IT\Videos\rwn\438\Dataset\Dataset\Black Spot\IMG20250601112430.jpg,Black Spot,207
C:\Users\Fame IT\Videos\rwn\438\Dataset\Dataset\Black Spot\IMG20250601112440.jpg,Black Spot,208
C:\Users\Fame IT\Videos\rwn\438\Dataset\Dataset\Black Spot\IMG20250601112447.jpg,Black Spot,209
C:\Users\Fame IT\Videos\rwn\438\Dataset\Dataset\Black Spot\IMG20250601112450.jpg,Black Spot,210
C:\Users\Fame IT\Videos\rwn\438\Dataset\Dataset\Black Spot\IMG20250601112500.jpg,Black Spot,211
C:\Users\Fame IT\Videos\rwn\438\Dataset\Dataset\Black Spot\IMG20250601112503.jpg,Black Spot,212
C:\Users\Fame IT\Videos\rwn\438\Dataset\Dataset\Black Spot\IMG20250601112506.jpg,Black Spot,213
C:\Users\Fame IT\Videos\rwn\438\Dataset\Dataset\Black Spot\IMG20250601112510.jpg,Black Spot,214
C:\Users\Fame IT\Videos\rwn\438\Dataset\Dataset\Black Spot\IMG20250601112518.jpg,Black Spot,215
C:\Users\Fame IT\Videos\rwn\438\Dataset\Dataset\Black Spot\IMG20250601112531.jpg,Black Spot,218
C:\Users\Fame IT\Videos\rwn\438\Dataset\Dataset\Black Spot\IMG20250601112540.jpg,Black Spot,219
C:\Users\Fame IT\Videos\rwn\438\Dataset\Dataset\Black Spot\IMG20250601112544.jpg,Black Spot,220
C:\Users\Fame IT\Videos\rwn\438\Dataset\Dataset\Black Spot\IMG20250601112553.jpg,Black Spot,222
C:\Users\Fame IT\Videos\rwn\438\Dataset\Dataset\Black Spot\IMG20250601112625.jpg,Black Spot,224
C:\Users\Fame IT\Videos\rwn\438\Dataset\Dataset\Black Spot\IMG20250601112635.jpg,Black Spot,226
C:\Users\Fame IT\Videos\rwn\438\Dataset\Dataset\Black Spot\IMG20250601112644.jpg,Black Spot,227
C:\Users\Fame IT\Videos\rwn\438\Dataset\Dataset\Black Spot\IMG20250601112648.jpg,Black Spot,228
C:\Users\Fame IT\Videos\rwn\438\Dataset\Dataset\Black Spot\IMG20250601112652.jpg,Black Spot,229
C:\Users\Fame IT\Videos\rwn\438\Dataset\Dataset\Black Spot\IMG20250601112702.jpg,Black Spot,231
C:\Users\Fame IT\Videos\rwn\438\Dataset\Dataset\Black Spot\IMG20250601112706.jpg,Black Spot,232
C:\Users\Fame IT\Videos\rwn\438\Dataset\Dataset\Black Spot\IMG20250601112709.jpg,Black Spot,233
C:\Users\Fame IT\Videos\rwn\438\Dataset\Dataset\Black Spot\IMG20250601112714.jpg,Black Spot,234
C:\Users\Fame IT\Videos\rwn\438\Dataset\Dataset\Black Spot\IMG20250601112728.jpg,Black Spot,237
C:\Users\Fame IT\Videos\rwn\438\Dataset\Dataset\Black Spot\IMG20250601112732.jpg,Black Spot,238
C:\Users\Fame IT\Videos\rwn\438\Dataset\Dataset\Black Spot\IMG20250601112747.jpg,Black Spot,239
C:\Users\Fame IT\Videos\rwn\438\Dataset\Dataset\Black Spot\IMG20250601112907.jpg,Black Spot,244
C:\Users\Fame IT\Videos\rwn\438\Dataset\Dataset\Black Spot\IMG20250601113141_BURST001_COVER.jpg,Black Spot,245
C:\Users\Fame IT\Videos\rwn\438\Dataset\Dataset\Black Spot\IMG20250601113203.jpg,Black Spot,246
C:\Users\Fame IT\Videos\rwn\438\Dataset\Dataset\Black Spot\IMG20250601113223.jpg,Black Spot,247
C:\Users\Fame IT\Videos\rwn\438\Dataset\Dataset\Black Spot\IMG20250601113247.jpg,Black Spot,248
C:\Users\Fame IT\Videos\rwn\438\Dataset\Dataset\Black Spot\IMG20250601113258.jpg,Black Spot,249
C:\Users\Fame IT\Videos\rwn\438\Dataset\Dataset\Black Spot\IMG20250601113303.jpg,Black Spot,250
C:\Users\Fame IT\Videos\rwn\438\Dataset\Dataset\Black Spot\IMG20250601113340.jpg,Black Spot,254
C:\Users\Fame IT\Videos\rwn\438\Dataset\Dataset\Black Spot\IMG20250601113402.jpg,Black Spot,257
C:\Users\Fame IT\Videos\rwn\438\Dataset\Dataset\Black Spot\IMG20250601113407.jpg,Black Spot,258
C:\Users\Fame IT\Videos\rwn\438\Dataset\Dataset\Black Spot\IMG20250601113411.jpg,Black Spot,259
C:\Users\Fame IT\Videos\rwn\438\Dataset\Dataset\Black Spot\IMG20250601113416.jpg,Black Spot,260
C:\Users\Fame IT\Videos\rwn\438\Dataset\Dataset\Black Spot\IMG20250601113428.jpg,Black Spot,261
C:\Users\Fame IT\Videos\rwn\438\Dataset\Dataset\Black Spot\IMG20250601113435.jpg,Black Spot,262
C:\Users\Fame IT\Videos\rwn\438\Dataset\Dataset\Black Spot\IMG20250601113441.jpg,Black Spot,263
C:\Users\Fame IT\Videos\rwn\438\Dataset\Dataset\Black Spot\IMG20250601113446.jpg,Black Spot,264
C:\Users\Fame IT\Videos\rwn\438\Dataset\Dataset\Black Spot\IMG20250601113454.jpg,Black Spot,265
C:\Users\Fame IT\Videos\rwn\438\Dataset\Dataset\Black Spot\IMG20250601113500.jpg,Black Spot,266
C:\Users\Fame IT\Videos\rwn\438\Dataset\Dataset\Black Spot\IMG20250601113507.jpg,Black Spot,267
C:\Users\Fame IT\Videos\rwn\438\Dataset\Dataset\Black Spot\IMG20250601113511.jpg,Black Spot,268
C:\Users\Fame IT\Videos\rwn\438\Dataset\Dataset\Black Spot\IMG20250601113530.jpg,Black Spot,272
C:\Users\Fame IT\Videos\rwn\438\Dataset\Dataset\Black Spot\IMG20250601113552.jpg,Black Spot,274
C:\Users\Fame IT\Videos\rwn\438\Dataset\Dataset\Black Spot\IMG20250601113602.jpg,Black Spot,275
C:\Users\Fame IT\Videos\rwn\438\Dataset\Dataset\Black Spot\IMG20250601113615.jpg,Black Spot,277
C:\Users\Fame IT\Videos\rwn\438\Dataset\Dataset\Black Spot\IMG20250601113619.jpg,Black Spot,278
C:\Users\Fame IT\Videos\rwn\438\Dataset\Dataset\Black Spot\IMG20250601113622.jpg,Black Spot,279
C:\Users\Fame IT\Videos\rwn\438\Dataset\Dataset\Black Spot\IMG20250601113626.jpg,Black Spot,280
C:\Users\Fame IT\Videos\rwn\438\Dataset\Dataset\Black Spot\IMG20250601113640.jpg,Black Spot,281
C:\Users\Fame IT\Videos\rwn\438\Dataset\Dataset\Black Spot\IMG20250601113647.jpg,Black Spot,282
C:\Users\Fame IT\Videos\rwn\438\Dataset\Dataset\Black Spot\IMG20250601113712.jpg,Black Spot,285
C:\Users\Fame IT\Videos\rwn\438\Dataset\Dataset\Black Spot\IMG20250601113723.jpg,Black Spot,287
C:\Users\Fame IT\Videos\rwn\438\Dataset\Dataset\Black Spot\IMG20250601113753.jpg,Black Spot,289
C:\Users\Fame IT\Videos\rwn\438\Dataset\Dataset\Black Spot\IMG20250601113803.jpg,Black Spot,290
C:\Users\Fame IT\Videos\rwn\438\Dataset\Dataset\Black Spot\IMG20250601113809.jpg,Black Spot,291
C:\Users\Fame IT\Videos\rwn\438\Dataset\Dataset\Black Spot\IMG20250601113813.jpg,Black Spot,292
C:\Users\Fame IT\Videos\rwn\438\Dataset\Dataset\Black Spot\IMG20250601113822.jpg,Black Spot,293
C:\Users\Fame IT\Videos\rwn\438\Dataset\Dataset\Black Spot\IMG20250601113826.jpg,Black Spot,294
C:\Users\Fame IT\Videos\rwn\438\Dataset\Dataset\Black Spot\IMG20250601113903.jpg,Black Spot,298
C:\Users\Fame IT\Videos\rwn\438\Dataset\Dataset\Black Spot\IMG20250601113910.jpg,Black Spot,299
C:\Users\Fame IT\Videos\rwn\438\Dataset\Dataset\Black Spot\IMG20250601113938.jpg,Black Spot,300
C:\Users\Fame IT\Videos\rwn\438\Dataset\Dataset\Black Spot\IMG20250601113942.jpg,Black Spot,301
C:\Users\Fame IT\Videos\rwn\438\Dataset\Dataset\Black Spot\IMG20250601114000.jpg,Black Spot,302
C:\Users\Fame IT\Videos\rwn\438\Dataset\Dataset\Black Spot\IMG20250601114004.jpg,Black Spot,303
C:\Users\Fame IT\Videos\rwn\438\Dataset\Dataset\Black Spot\IMG20250601114008.jpg,Black Spot,304
C:\Users\Fame IT\Videos\rwn\438\Dataset\Dataset\Black Spot\IMG20250601114012.jpg,Black Spot,305
C:\Users\Fame IT\Videos\rwn\438\Dataset\Dataset\Black Spot\IMG20250601114022.jpg,Black Spot,306
C:\Users\Fame IT\Videos\rwn\438\Dataset\Dataset\Black Spot\IMG20250601114029.jpg,Black Spot,307
C:\Users\Fame IT\Videos\rwn\438\Dataset\Dataset\Black Spot\IMG20250601114034.jpg,Black Spot,308
C:\Users\Fame IT\Videos\rwn\438\Dataset\Dataset\Black Spot\IMG20250601114046.jpg,Black Spot,309
C:\Users\Fame IT\Videos\rwn\438\Dataset\Dataset\Black Spot\IMG20250601114055.jpg,Black Spot,310
C:\Users\Fame IT\Videos\rwn\438\Dataset\Dataset\Black Spot\IMG20250601114101.jpg,Black Spot,311
C:\Users\Fame IT\Videos\rwn\438\Dataset\Dataset\Black Spot\IMG20250601114106.jpg,Black Spot,312
C:\Users\Fame IT\Videos\rwn\438\Dataset\Dataset\Black Spot\IMG20250601114110.jpg,Black Spot,313
C:\Users\Fame IT\Videos\rwn\438\Dataset\Dataset\Black Spot\IMG20250601114131.jpg,Black Spot,317
C:\Users\Fame IT\Videos\rwn\438\Dataset\Dataset\Black Spot\IMG20250601114140.jpg,Black Spot,318
C:\Users\Fame IT\Videos\rwn\438\Dataset\Dataset\Black Spot\IMG20250601114154.jpg,Black Spot,320
C:\Users\Fame IT\Videos\rwn\438\Dataset\Dataset\Black Spot\IMG20250601114159.jpg,Black Spot,321
C:\Users\Fame IT\Videos\rwn\438\Dataset\Dataset\Black Spot\IMG20250601114232.jpg,Black Spot,323
C:\Users\Fame IT\Videos\rwn\438\Dataset\Dataset\Black Spot\IMG20250601114249.jpg,Black Spot,324
C:\Users\Fame IT\Videos\rwn\438\Dataset\Dataset\Black Spot\IMG20250601114254.jpg,Black Spot,325
C:\Users\Fame IT\Videos\rwn\438\Dataset\Dataset\Black Spot\IMG20250601114303.jpg,Black Spot,326
C:\Users\Fame IT\Videos\rwn\438\Dataset\Dataset\Black Spot\IMG20250601114316.jpg,Black Spot,327
C:\Users\Fame IT\Videos\rwn\438\Dataset\Dataset\Black Spot\IMG20250601114320.jpg,Black Spot,328
C:\Users\Fame IT\Videos\rwn\438\Dataset\Dataset\Black Spot\IMG20250601114325.jpg,Black Spot,329
C:\Users\Fame IT\Videos\rwn\438\Dataset\Dataset\Black Spot\IMG20250601114402.jpg,Black Spot,331
C:\Users\Fame IT\Videos\rwn\438\Dataset\Dataset\Black Spot\IMG20250601114406.jpg,Black Spot,332
C:\Users\Fame IT\Videos\rwn\438\Dataset\Dataset\Black Spot\IMG20250601114410.jpg,Black Spot,333
C:\Users\Fame IT\Videos\rwn\438\Dataset\Dataset\Black Spot\IMG20250601114417.jpg,Black Spot,334
C:\Users\Fame IT\Videos\rwn\438\Dataset\Dataset\Black Spot\IMG20250601114424.jpg,Black Spot,336
C:\Users\Fame IT\Videos\rwn\438\Dataset\Dataset\Black Spot\IMG20250601114445.jpg,Black Spot,338
C:\Users\Fame IT\Videos\rwn\438\Dataset\Dataset\Black Spot\IMG20250601114455.jpg,Black Spot,340
C:\Users\Fame IT\Videos\rwn\438\Dataset\Dataset\Black Spot\IMG20250601114500.jpg,Black Spot,341
C:\Users\Fame IT\Videos\rwn\438\Dataset\Dataset\Black Spot\IMG20250601115230.jpg,Black Spot,342
C:\Users\Fame IT\Videos\rwn\438\Dataset\Dataset\Black Spot\IMG20250601115241.jpg,Black Spot,344
C:\Users\Fame IT\Videos\rwn\438\Dataset\Dataset\Black Spot\IMG20250601115255.jpg,Black Spot,347
C:\Users\Fame IT\Videos\rwn\438\Dataset\Dataset\Black Spot\IMG20250601115301.jpg,Black Spot,348
C:\Users\Fame IT\Videos\rwn\438\Dataset\Dataset\Black Spot\IMG20250601115309.jpg,Black Spot,349
C:\Users\Fame IT\Videos\rwn\438\Dataset\Dataset\Black Spot\IMG20250601115319.jpg,Black Spot,350
C:\Users\Fame IT\Videos\rwn\438\Dataset\Dataset\Black Spot\IMG20250601115324.jpg,Black Spot,351
C:\Users\Fame IT\Videos\rwn\438\Dataset\Dataset\Black Spot\IMG20250601115328.jpg,Black Spot,352
C:\Users\Fame IT\Videos\rwn\438\Dataset\Dataset\Black Spot\IMG20250601115336.jpg,Black Spot,353
C:\Users\Fame IT\Videos\rwn\438\Dataset\Dataset\Black Spot\IMG20250601115342.jpg,Black Spot,354
C:\Users\Fame IT\Videos\rwn\438\Dataset\Dataset\Black Spot\IMG20250601115348.jpg,Black Spot,355
C:\Users\Fame IT\Videos\rwn\438\Dataset\Dataset\Black Spot\IMG20250601115351.jpg,Black Spot,356
C:\Users\Fame IT\Videos\rwn\438\Dataset\Dataset\Black Spot\IMG20250601115410.jpg,Black Spot,357
C:\Users\Fame IT\Videos\rwn\438\Dataset\Dataset\Black Spot\IMG20250601115415.jpg,Black Spot,358
C:\Users\Fame IT\Videos\rwn\438\Dataset\Dataset\Black Spot\IMG20250601115428.jpg,Black Spot,360
C:\Users\Fame IT\Videos\rwn\438\Dataset\Dataset\Black Spot\IMG20250601115437.jpg,Black Spot,361
C:\Users\Fame IT\Videos\rwn\438\Dataset\Dataset\Black Spot\IMG20250601115441.jpg,Black Spot,362
C:\Users\Fame IT\Videos\rwn\438\Dataset\Dataset\Black Spot\IMG20250601115446.jpg,Black Spot,363
C:\Users\Fame IT\Videos\rwn\438\Dataset\Dataset\Black Spot\IMG20250601115452.jpg,Black Spot,365
C:\Users\Fame IT\Videos\rwn\438\Dataset\Dataset\Black Spot\IMG20250601115522.jpg,Black Spot,368
C:\Users\Fame IT\Videos\rwn\438\Dataset\Dataset\Black Spot\IMG20250601115528.jpg,Black Spot,369
C:\Users\Fame IT\Videos\rwn\438\Dataset\Dataset\Black Spot\IMG20250601115534.jpg,Black Spot,370
C:\Users\Fame IT\Videos\rwn\438\Dataset\Dataset\Black Spot\IMG20250601115538.jpg,Black Spot,371
C:\Users\Fame IT\Videos\rwn\438\Dataset\Dataset\Black Spot\IMG20250601115542.jpg,Black Spot,372
C:\Users\Fame IT\Videos\rwn\438\Dataset\Dataset\Black Spot\IMG20250601115545.jpg,Black Spot,373
C:\Users\Fame IT\Videos\rwn\438\Dataset\Dataset\Black Spot\IMG20250601115556.jpg,Black Spot,374
C:\Users\Fame IT\Videos\rwn\438\Dataset\Dataset\Black Spot\IMG20250601115559.jpg,Black Spot,375
C:\Users\Fame IT\Videos\rwn\438\Dataset\Dataset\Black Spot\IMG20250601115604.jpg,Black Spot,376
C:\Users\Fame IT\Videos\rwn\438\Dataset\Dataset\Black Spot\IMG20250601115607.jpg,Black Spot,377
C:\Users\Fame IT\Videos\rwn\438\Dataset\Dataset\Black Spot\IMG20250601115637.jpg,Black Spot,380
C:\Users\Fame IT\Videos\rwn\438\Dataset\Dataset\Black Spot\IMG20250601115653.jpg,Black Spot,381
C:\Users\Fame IT\Videos\rwn\438\Dataset\Dataset\Black Spot\IMG20250601115706.jpg,Black Spot,382
C:\Users\Fame IT\Videos\rwn\438\Dataset\Dataset\Black Spot\IMG20250601115711.jpg,Black Spot,383
C:\Users\Fame IT\Videos\rwn\438\Dataset\Dataset\Black Spot\IMG20250601115729.jpg,Black Spot,386
C:\Users\Fame IT\Videos\rwn\438\Dataset\Dataset\Black Spot\IMG20250601115738.jpg,Black Spot,388
C:\Users\Fame IT\Videos\rwn\438\Dataset\Dataset\Black Spot\IMG20250601115747.jpg,Black Spot,390
C:\Users\Fame IT\Videos\rwn\438\Dataset\Dataset\Black Spot\IMG20250601115800.jpg,Black Spot,392
C:\Users\Fame IT\Videos\rwn\438\Dataset\Dataset\Black Spot\IMG20250601115805.jpg,Black Spot,393
C:\Users\Fame IT\Videos\rwn\438\Dataset\Dataset\Black Spot\IMG20250601115813.jpg,Black Spot,394
C:\Users\Fame IT\Videos\rwn\438\Dataset\Dataset\Black Spot\IMG20250601115831.jpg,Black Spot,396
C:\Users\Fame IT\Videos\rwn\438\Dataset\Dataset\Black Spot\IMG20250601115858.jpg,Black Spot,399
C:\Users\Fame IT\Videos\rwn\438\Dataset\Dataset\Black Spot\IMG20250601115907.jpg,Black Spot,400
C:\Users\Fame IT\Videos\rwn\438\Dataset\Dataset\Black Spot\IMG20250601115922.jpg,Black Spot,402
C:\Users\Fame IT\Videos\rwn\438\Dataset\Dataset\Black Spot\IMG20250601115950.jpg,Black Spot,404
C:\Users\Fame IT\Videos\rwn\438\Dataset\Dataset\Black Spot\IMG20250601120002.jpg,Black Spot,407
C:\Users\Fame IT\Videos\rwn\438\Dataset\Dataset\Black Spot\IMG20250601120011.jpg,Black Spot,408
C:\Users\Fame IT\Videos\rwn\438\Dataset\Dataset\Black Spot\IMG20250601120015.jpg,Black Spot,409
C:\Users\Fame IT\Videos\rwn\438\Dataset\Dataset\Black Spot\IMG20250601120021.jpg,Black Spot,410
C:\Users\Fame IT\Videos\rwn\438\Dataset\Dataset\Black Spot\IMG20250601120024.jpg,Black Spot,411
C:\Users\Fame IT\Videos\rwn\438\Dataset\Dataset\Black Spot\IMG20250601120031.jpg,Black Spot,412
C:\Users\Fame IT\Videos\rwn\438\Dataset\Dataset\Black Spot\IMG20250601120036.jpg,Black Spot,413
C:\Users\Fame IT\Videos\rwn\438\Dataset\Dataset\Black Spot\IMG20250601120041.jpg,Black Spot,414
C:\Users\Fame IT\Videos\rwn\438\Dataset\Dataset\Black Spot\IMG20250601120045.jpg,Black Spot,415
C:\Users\Fame IT\Videos\rwn\438\Dataset\Dataset\Black Spot\IMG20250601120111.jpg,Black Spot,416
C:\Users\Fame IT\Videos\rwn\438\Dataset\Dataset\Black Spot\IMG20250601120115.jpg,Black Spot,417
C:\Users\Fame IT\Videos\rwn\438\Dataset\Dataset\Black Spot\IMG20250601120122.jpg,Black Spot,419
C:\Users\Fame IT\Videos\rwn\438\Dataset\Dataset\Black Spot\IMG20250601120130.jpg,Black Spot,420
C:\Users\Fame IT\Videos\rwn\438\Dataset\Dataset\Black Spot\IMG20250601120133.jpg,Black Spot,421
C:\Users\Fame IT\Videos\rwn\438\Dataset\Dataset\Black Spot\IMG20250601120137.jpg,Black Spot,422
C:\Users\Fame IT\Videos\rwn\438\Dataset\Dataset\Black Spot\IMG20250601120143.jpg,Black Spot,423
C:\Users\Fame IT\Videos\rwn\438\Dataset\Dataset\Black Spot\IMG20250601120155.jpg,Black Spot,424
C:\Users\Fame IT\Videos\rwn\438\Dataset\Dataset\Black Spot\IMG20250601120159.jpg,Black Spot,425
C:\Users\Fame IT\Videos\rwn\438\Dataset\Dataset\Black Spot\IMG20250601120202.jpg,Black Spot,426
C:\Users\Fame IT\Videos\rwn\438\Dataset\Dataset\Black Spot\IMG20250601120255.jpg,Black Spot,428
C:\Users\Fame IT\Videos\rwn\438\Dataset\Dataset\Black Spot\IMG20250601120307.jpg,Black Spot,430
C:\Users\Fame IT\Videos\rwn\438\Dataset\Dataset\Black Spot\IMG20250601120312.jpg,Black Spot,431
C:\Users\Fame IT\Videos\rwn\438\Dataset\Dataset\Black Spot\IMG20250601120609.jpg,Black Spot,432
C:\Users\Fame IT\Videos\rwn\438\Dataset\Dataset\Black Spot\IMG20250601120616.jpg,Black Spot,433
C:\Users\Fame IT\Videos\rwn\438\Dataset\Dataset\Black Spot\IMG20250601120620.jpg,Black Spot,434
C:\Users\Fame IT\Videos\rwn\438\Dataset\Dataset\Black Spot\IMG20250601120703.jpg,Black Spot,436
C:\Users\Fame IT\Videos\rwn\438\Dataset\Dataset\Black Spot\IMG20250601120710.jpg,Black Spot,437
C:\Users\Fame IT\Videos\rwn\438\Dataset\Dataset\Black Spot\IMG20250601120715.jpg,Black Spot,438
C:\Users\Fame IT\Videos\rwn\438\Dataset\Dataset\Black Spot\IMG20250601120719.jpg,Black Spot,439
C:\Users\Fame IT\Videos\rwn\438\Dataset\Dataset\Black Spot\IMG20250601120724.jpg,Black Spot,440
C:\Users\Fame IT\Videos\rwn\438\Dataset\Dataset\Black Spot\IMG20250601120738.jpg,Black Spot,443
C:\Users\Fame IT\Videos\rwn\438\Dataset\Dataset\Black Spot\IMG20250601120757.jpg,Black Spot,444
C:\Users\Fame IT\Videos\rwn\438\Dataset\Dataset\Black Spot\IMG20250601120800.jpg,Black Spot,445
C:\Users\Fame IT\Videos\rwn\438\Dataset\Dataset\Black Spot\IMG20250601120806.jpg,Black Spot,446
C:\Users\Fame IT\Videos\rwn\438\Dataset\Dataset\Black Spot\IMG20250601120810.jpg,Black Spot,447
C:\Users\Fame IT\Videos\rwn\438\Dataset\Dataset\Black Spot\IMG20250601120836.jpg,Black Spot,449
C:\Users\Fame IT\Videos\rwn\438\Dataset\Dataset\Black Spot\IMG20250601120847.jpg,Black Spot,451
C:\Users\Fame IT\Videos\rwn\438\Dataset\Dataset\Black Spot\IMG20250601120900.jpg,Black Spot,453
C:\Users\Fame IT\Videos\rwn\438\Dataset\Dataset\Black Spot\IMG20250601120927.jpg,Black Spot,458
C:\Users\Fame IT\Videos\rwn\438\Dataset\Dataset\Black Spot\IMG20250601120938.jpg,Black Spot,460
C:\Users\Fame IT\Videos\rwn\438\Dataset\Dataset\Black Spot\IMG20250601120947.jpg,Black Spot,462
C:\Users\Fame IT\Videos\rwn\438\Dataset\Dataset\Black Spot\IMG20250601120954.jpg,Black Spot,463
C:\Users\Fame IT\Videos\rwn\438\Dataset\Dataset\Black Spot\IMG20250601121004.jpg,Black Spot,465
C:\Users\Fame IT\Videos\rwn\438\Dataset\Dataset\Black Spot\IMG20250601121054.jpg,Black Spot,467
C:\Users\Fame IT\Videos\rwn\438\Dataset\Dataset\Black Spot\IMG20250601121058.jpg,Black Spot,468
C:\Users\Fame IT\Videos\rwn\438\Dataset\Dataset\Black Spot\IMG20250601121108.jpg,Black Spot,470
C:\Users\Fame IT\Videos\rwn\438\Dataset\Dataset\Black Spot\IMG20250601121120.jpg,Black Spot,472
C:\Users\Fame IT\Videos\rwn\438\Dataset\Dataset\Black Spot\IMG20250601121131.jpg,Black Spot,473
C:\Users\Fame IT\Videos\rwn\438\Dataset\Dataset\Black Spot\IMG20250601121139.jpg,Black Spot,475
C:\Users\Fame IT\Videos\rwn\438\Dataset\Dataset\Black Spot\IMG20250601121158.jpg,Black Spot,478
C:\Users\Fame IT\Videos\rwn\438\Dataset\Dataset\Black Spot\IMG20250601121208.jpg,Black Spot,479
C:\Users\Fame IT\Videos\rwn\438\Dataset\Dataset\Black Spot\IMG20250601121213.jpg,Black Spot,480
C:\Users\Fame IT\Videos\rwn\438\Dataset\Dataset\Black Spot\IMG20250601121216.jpg,Black Spot,481
C:\Users\Fame IT\Videos\rwn\438\Dataset\Dataset\Black Spot\IMG20250601121227.jpg,Black Spot,482
C:\Users\Fame IT\Videos\rwn\438\Dataset\Dataset\Black Spot\IMG20250601121230.jpg,Black Spot,483
C:\Users\Fame IT\Videos\rwn\438\Dataset\Dataset\Black Spot\IMG20250601121244.jpg,Black Spot,486
C:\Users\Fame IT\Videos\rwn\438\Dataset\Dataset\Black Spot\IMG20250601121248.jpg,Black Spot,487
C:\Users\Fame IT\Videos\rwn\438\Dataset\Dataset\Black Spot\IMG20250601121255.jpg,Black Spot,488
C:\Users\Fame IT\Videos\rwn\438\Dataset\Dataset\Black Spot\IMG20250601121302.jpg,Black Spot,490
C:\Users\Fame IT\Videos\rwn\438\Dataset\Dataset\Black Spot\IMG20250601121315.jpg,Black Spot,493
C:\Users\Fame IT\Videos\rwn\438\Dataset\Dataset\Black Spot\IMG20250601121320.jpg,Black Spot,494
C:\Users\Fame IT\Videos\rwn\438\Dataset\Dataset\Black Spot\IMG20250601121323.jpg,Black Spot,495
C:\Users\Fame IT\Videos\rwn\438\Dataset\Dataset\Black Spot\IMG20250601121332.jpg,Black Spot,496
C:\Users\Fame IT\Videos\rwn\438\Dataset\Dataset\Black Spot\IMG20250601121339.jpg,Black Spot,497
C:\Users\Fame IT\Videos\rwn\438\Dataset\Dataset\Black Spot\IMG20250601121346.jpg,Black Spot,499
C:\Users\Fame IT\Videos\rwn\438\Dataset\Dataset\Black Spot\IMG20250601121400.jpg,Black Spot,500
C:\Users\Fame IT\Videos\rwn\438\Dataset\Dataset\Black Spot\IMG20250601121405.jpg,Black Spot,501
C:\Users\Fame IT\Videos\rwn\438\Dataset\Dataset\Black Spot\IMG20250601121424.jpg,Black Spot,505
C:\Users\Fame IT\Videos\rwn\438\Dataset\Dataset\Black Spot\IMG20250601121429.jpg,Black Spot,506
C:\Users\Fame IT\Videos\rwn\438\Dataset\Dataset\Black Spot\IMG20250601121435.jpg,Black Spot,507
C:\Users\Fame IT\Videos\rwn\438\Dataset\Dataset\Black Spot\IMG20250601121446.jpg,Black Spot,509
C:\Users\Fame IT\Videos\rwn\438\Dataset\Dataset\Black Spot\IMG20250601121454.jpg,Black Spot,511
C:\Users\Fame IT\Videos\rwn\438\Dataset\Dataset\Black Spot\IMG20250601121500.jpg,Black Spot,512
C:\Users\Fame IT\Videos\rwn\438\Dataset\Dataset\Black Spot\IMG20250601121506.jpg,Black Spot,513
C:\Users\Fame IT\Videos\rwn\438\Dataset\Dataset\Black Spot\IMG20250601121515.jpg,Black Spot,515
C:\Users\Fame IT\Videos\rwn\438\Dataset\Dataset\Black Spot\IMG20250601121518.jpg,Black Spot,516
C:\Users\Fame IT\Videos\rwn\438\Dataset\Dataset\Black Spot\IMG20250601121521.jpg,Black Spot,517
C:\Users\Fame IT\Videos\rwn\438\Dataset\Dataset\Black Spot\IMG20250601121528.jpg,Black Spot,518
C:\Users\Fame IT\Videos\rwn\438\Dataset\Dataset\Black Spot\IMG20250601121532.jpg,Black Spot,519
C:\Users\Fame IT\Videos\rwn\438\Dataset\Dataset\Black Spot\IMG20250601121538.jpg,Black Spot,521
C:\Users\Fame IT\Videos\rwn\438\Dataset\Dataset\Black Spot\IMG20250601121544.jpg,Black Spot,522
C:\Users\Fame IT\Videos\rwn\438\Dataset\Dataset\Black Spot\IMG20250601121548.jpg,Black Spot,523
C:\Users\Fame IT\Videos\rwn\438\Dataset\Dataset\Black Spot\IMG20250601121551.jpg,Black Spot,524
C:\Users\Fame IT\Videos\rwn\438\Dataset\Dataset\Black Spot\IMG20250601121559.jpg,Black Spot,525
C:\Users\Fame IT\Videos\rwn\438\Dataset\Dataset\Black Spot\IMG20250601121602.jpg,Black Spot,526
C:\Users\Fame IT\Videos\rwn\438\Dataset\Dataset\Black Spot\IMG20250601121607.jpg,Black Spot,527
C:\Users\Fame IT\Videos\rwn\438\Dataset\Dataset\Black Spot\IMG20250601121611.jpg,Black Spot,528
C:\Users\Fame IT\Videos\rwn\438\Dataset\Dataset\Black Spot\IMG20250601121616.jpg,Black Spot,529
C:\Users\Fame IT\Videos\rwn\438\Dataset\Dataset\Black Spot\IMG20250601121625.jpg,Black Spot,530
C:\Users\Fame IT\Videos\rwn\438\Dataset\Dataset\Black Spot\IMG20250601121631.jpg,Black Spot,531
C:\Users\Fame IT\Videos\rwn\438\Dataset\Dataset\Black Spot\IMG20250601121641.jpg,Black Spot,532
C:\Users\Fame IT\Videos\rwn\438\Dataset\Dataset\Black Spot\IMG20250601121649.jpg,Black Spot,533
C:\Users\Fame IT\Videos\rwn\438\Dataset\Dataset\Black Spot\IMG20250601121702.jpg,Black Spot,536
C:\Users\Fame IT\Videos\rwn\438\Dataset\Dataset\Black Spot\IMG20250601121708.jpg,Black Spot,537
C:\Users\Fame IT\Videos\rwn\438\Dataset\Dataset\Black Spot\IMG20250601121736.jpg,Black Spot,542
C:\Users\Fame IT\Videos\rwn\438\Dataset\Dataset\Black Spot\IMG20250601121745.jpg,Black Spot,543
C:\Users\Fame IT\Videos\rwn\438\Dataset\Dataset\Black Spot\IMG20250601121751.jpg,Black Spot,544
C:\Users\Fame IT\Videos\rwn\438\Dataset\Dataset\Black Spot\IMG20250601121754.jpg,Black Spot,545
C:\Users\Fame IT\Videos\rwn\438\Dataset\Dataset\Black Spot\IMG20250601121810.jpg,Black Spot,548
C:\Users\Fame IT\Videos\rwn\438\Dataset\Dataset\Black Spot\IMG20250601121817.jpg,Black Spot,549
C:\Users\Fame IT\Videos\rwn\438\Dataset\Dataset\Black Spot\IMG20250601121823.jpg,Black Spot,550
C:\Users\Fame IT\Videos\rwn\438\Dataset\Dataset\Black Spot\IMG20250601121827.jpg,Black Spot,551
C:\Users\Fame IT\Videos\rwn\438\Dataset\Dataset\Black Spot\IMG20250601121837.jpg,Black Spot,553
C:\Users\Fame IT\Videos\rwn\438\Dataset\Dataset\Black Spot\IMG20250601121842.jpg,Black Spot,554
C:\Users\Fame IT\Videos\rwn\438\Dataset\Dataset\Black Spot\IMG20250601121926.jpg,Black Spot,559
C:\Users\Fame IT\Videos\rwn\438\Dataset\Dataset\Black Spot\IMG20250601121931.jpg,Black Spot,560
C:\Users\Fame IT\Videos\rwn\438\Dataset\Dataset\Black Spot\IMG20250601121949.jpg,Black Spot,563
C:\Users\Fame IT\Videos\rwn\438\Dataset\Dataset\Black Spot\IMG20250601122016.jpg,Black Spot,567
C:\Users\Fame IT\Videos\rwn\438\Dataset\Dataset\Black Spot\IMG20250601122022.jpg,Black Spot,568
C:\Users\Fame IT\Videos\rwn\438\Dataset\Dataset\Black Spot\IMG20250601122026.jpg,Black Spot,569
C:\Users\Fame IT\Videos\rwn\438\Dataset\Dataset\Black Spot\IMG20250601122032.jpg,Black Spot,570
C:\Users\Fame IT\Videos\rwn\438\Dataset\Dataset\Black Spot\IMG20250601122042.jpg,Black Spot,572
C:\Users\Fame IT\Videos\rwn\438\Dataset\Dataset\Black Spot\IMG20250601122056.jpg,Black Spot,574
C:\Users\Fame IT\Videos\rwn\438\Dataset\Dataset\Black Spot\IMG20250601122100.jpg,Black Spot,575
C:\Users\Fame IT\Videos\rwn\438\Dataset\Dataset\Black Spot\IMG20250601122107.jpg,Black Spot,576
C:\Users\Fame IT\Videos\rwn\438\Dataset\Dataset\Black Spot\IMG20250601122116.jpg,Black Spot,578
C:\Users\Fame IT\Videos\rwn\438\Dataset\Dataset\Black Spot\IMG20250601122136.jpg,Black Spot,581
C:\Users\Fame IT\Videos\rwn\438\Dataset\Dataset\Black Spot\IMG20250601122145.jpg,Black Spot,582
C:\Users\Fame IT\Videos\rwn\438\Dataset\Dataset\Black Spot\IMG20250601122152.jpg,Black Spot,583
C:\Users\Fame IT\Videos\rwn\438\Dataset\Dataset\Black Spot\IMG20250601122156.jpg,Black Spot,584
C:\Users\Fame IT\Videos\rwn\438\Dataset\Dataset\Black Spot\IMG20250601122204.jpg,Black Spot,585
C:\Users\Fame IT\Videos\rwn\438\Dataset\Dataset\Black Spot\IMG20250601122211.jpg,Black Spot,587
C:\Users\Fame IT\Videos\rwn\438\Dataset\Dataset\Black Spot\IMG20250601122225.jpg,Black Spot,588
C:\Users\Fame IT\Videos\rwn\438\Dataset\Dataset\Black Spot\IMG20250601122230.jpg,Black Spot,589
C:\Users\Fame IT\Videos\rwn\438\Dataset\Dataset\Black Spot\IMG20250601122240.jpg,Black Spot,591
C:\Users\Fame IT\Videos\rwn\438\Dataset\Dataset\Black Spot\IMG20250601122252.jpg,Black Spot,594
C:\Users\Fame IT\Videos\rwn\438\Dataset\Dataset\Black Spot\IMG20250601122257.jpg,Black Spot,595
C:\Users\Fame IT\Videos\rwn\438\Dataset\Dataset\Black Spot\IMG20250601122301.jpg,Black Spot,596
C:\Users\Fame IT\Videos\rwn\438\Dataset\Dataset\Black Spot\IMG20250601122311.jpg,Black Spot,598
C:\Users\Fame IT\Videos\rwn\438\Dataset\Dataset\Black Spot\IMG20250601122328.jpg,Black Spot,601
C:\Users\Fame IT\Videos\rwn\438\Dataset\Dataset\Black Spot\IMG20250601122332.jpg,Black Spot,602
C:\Users\Fame IT\Videos\rwn\438\Dataset\Dataset\Black Spot\IMG20250601122336.jpg,Black Spot,603
C:\Users\Fame IT\Videos\rwn\438\Dataset\Dataset\Black Spot\IMG20250601122342.jpg,Black Spot,604
C:\Users\Fame IT\Videos\rwn\438\Dataset\Dataset\Black Spot\IMG20250601122347.jpg,Black Spot,605
C:\Users\Fame IT\Videos\rwn\438\Dataset\Dataset\Black Spot\IMG20250601122352.jpg,Black Spot,606
C:\Users\Fame IT\Videos\rwn\438\Dataset\Dataset\Black Spot\IMG20250601122357.jpg,Black Spot,607
C:\Users\Fame IT\Videos\rwn\438\Dataset\Dataset\Black Spot\IMG20250601122401.jpg,Black Spot,608
C:\Users\Fame IT\Videos\rwn\438\Dataset\Dataset\Black Spot\IMG20250601122405.jpg,Black Spot,609
C:\Users\Fame IT\Videos\rwn\438\Dataset\Dataset\Black Spot\IMG20250601122416.jpg,Black Spot,611
C:\Users\Fame IT\Videos\rwn\438\Dataset\Dataset\Black Spot\IMG20250601122425.jpg,Black Spot,613
C:\Users\Fame IT\Videos\rwn\438\Dataset\Dataset\Black Spot\IMG20250601122428.jpg,Black Spot,614
C:\Users\Fame IT\Videos\rwn\438\Dataset\Dataset\Black Spot\IMG20250601122431.jpg,Black Spot,615
C:\Users\Fame IT\Videos\rwn\438\Dataset\Dataset\Black Spot\IMG20250601122447.jpg,Black Spot,616
C:\Users\Fame IT\Videos\rwn\438\Dataset\Dataset\Black Spot\IMG20250601122450.jpg,Black Spot,617
C:\Users\Fame IT\Videos\rwn\438\Dataset\Dataset\Black Spot\IMG20250601122454.jpg,Black Spot,618
C:\Users\Fame IT\Videos\rwn\438\Dataset\Dataset\Black Spot\IMG20250601122501.jpg,Black Spot,619
C:\Users\Fame IT\Videos\rwn\438\Dataset\Dataset\Black Spot\IMG20250601122507.jpg,Black Spot,620
C:\Users\Fame IT\Videos\rwn\438\Dataset\Dataset\Black Spot\IMG20250601122510.jpg,Black Spot,621
C:\Users\Fame IT\Videos\rwn\438\Dataset\Dataset\Black Spot\IMG20250601122934.jpg,Black Spot,622
C:\Users\Fame IT\Videos\rwn\438\Dataset\Dataset\Black Spot\IMG20250601122949.jpg,Black Spot,623
C:\Users\Fame IT\Videos\rwn\438\Dataset\Dataset\Black Spot\IMG20250601122956.jpg,Black Spot,624
C:\Users\Fame IT\Videos\rwn\438\Dataset\Dataset\Black Spot\IMG20250601123004.jpg,Black Spot,625
C:\Users\Fame IT\Videos\rwn\438\Dataset\Dataset\Black Spot\IMG20250601123011.jpg,Black Spot,626
C:\Users\Fame IT\Videos\rwn\438\Dataset\Dataset\Black Spot\IMG20250601123016.jpg,Black Spot,627
C:\Users\Fame IT\Videos\rwn\438\Dataset\Dataset\Black Spot\IMG20250601123033.jpg,Black Spot,628
C:\Users\Fame IT\Videos\rwn\438\Dataset\Dataset\Black Spot\IMG20250601123040.jpg,Black Spot,629
C:\Users\Fame IT\Videos\rwn\438\Dataset\Dataset\Black Spot\IMG20250601123045.jpg,Black Spot,630
C:\Users\Fame IT\Videos\rwn\438\Dataset\Dataset\Black Spot\IMG20250601123059.jpg,Black Spot,631
C:\Users\Fame IT\Videos\rwn\438\Dataset\Dataset\Black Spot\IMG20250601123106.jpg,Black Spot,632
C:\Users\Fame IT\Videos\rwn\438\Dataset\Dataset\Black Spot\IMG20250601123110.jpg,Black Spot,633
C:\Users\Fame IT\Videos\rwn\438\Dataset\Dataset\Black Spot\IMG20250601123129.jpg,Black Spot,634
C:\Users\Fame IT\Videos\rwn\438\Dataset\Dataset\Black Spot\IMG20250601123134.jpg,Black Spot,635
C:\Users\Fame IT\Videos\rwn\438\Dataset\Dataset\Black Spot\IMG20250601123137.jpg,Black Spot,636
C:\Users\Fame IT\Videos\rwn\438\Dataset\Dataset\Black Spot\IMG20250601123149.jpg,Black Spot,638
C:\Users\Fame IT\Videos\rwn\438\Dataset\Dataset\Black Spot\IMG20250601123153.jpg,Black Spot,639
C:\Users\Fame IT\Videos\rwn\438\Dataset\Dataset\Black Spot\IMG20250601123157.jpg,Black Spot,640
C:\Users\Fame IT\Videos\rwn\438\Dataset\Dataset\Black Spot\IMG20250601123201.jpg,Black Spot,641
C:\Users\Fame IT\Videos\rwn\438\Dataset\Dataset\Black Spot\IMG20250601123209.jpg,Black Spot,643
C:\Users\Fame IT\Videos\rwn\438\Dataset\Dataset\Black Spot\IMG20250601123216.jpg,Black Spot,644
C:\Users\Fame IT\Videos\rwn\438\Dataset\Dataset\Black Spot\IMG20250601123243.jpg,Black Spot,648
C:\Users\Fame IT\Videos\rwn\438\Dataset\Dataset\Black Spot\IMG20250601123252.jpg,Black Spot,650
C:\Users\Fame IT\Videos\rwn\438\Dataset\Dataset\Black Spot\IMG20250601123258.jpg,Black Spot,651
C:\Users\Fame IT\Videos\rwn\438\Dataset\Dataset\Black Spot\IMG20250601123302.jpg,Black Spot,652
C:\Users\Fame IT\Videos\rwn\438\Dataset\Dataset\Black Spot\IMG20250601123310.jpg,Black Spot,653
C:\Users\Fame IT\Videos\rwn\438\Dataset\Dataset\Black Spot\IMG20250601123348.jpg,Black Spot,657
C:\Users\Fame IT\Videos\rwn\438\Dataset\Dataset\Black Spot\IMG20250601123425.jpg,Black Spot,661
C:\Users\Fame IT\Videos\rwn\438\Dataset\Dataset\Black Spot\IMG20250601123432.jpg,Black Spot,662
C:\Users\Fame IT\Videos\rwn\438\Dataset\Dataset\Black Spot\IMG20250601123437.jpg,Black Spot,663
C:\Users\Fame IT\Videos\rwn\438\Dataset\Dataset\Black Spot\IMG20250601123440.jpg,Black Spot,664
C:\Users\Fame IT\Videos\rwn\438\Dataset\Dataset\Black Spot\IMG20250601123444.jpg,Black Spot,665
C:\Users\Fame IT\Videos\rwn\438\Dataset\Dataset\Black Spot\IMG20250601123450.jpg,Black Spot,666
C:\Users\Fame IT\Videos\rwn\438\Dataset\Dataset\Black Spot\IMG20250601123501.jpg,Black Spot,669
C:\Users\Fame IT\Videos\rwn\438\Dataset\Dataset\Black Spot\IMG20250601123507.jpg,Black Spot,670
C:\Users\Fame IT\Videos\rwn\438\Dataset\Dataset\Black Spot\IMG20250601123511.jpg,Black Spot,671
C:\Users\Fame IT\Videos\rwn\438\Dataset\Dataset\Black Spot\IMG20250601123514.jpg,Black Spot,672
C:\Users\Fame IT\Videos\rwn\438\Dataset\Dataset\Black Spot\IMG20250601123520.jpg,Black Spot,673
C:\Users\Fame IT\Videos\rwn\438\Dataset\Dataset\Black Spot\IMG20250601123527.jpg,Black Spot,675
C:\Users\Fame IT\Videos\rwn\438\Dataset\Dataset\Black Spot\IMG20250601123536.jpg,Black Spot,676
C:\Users\Fame IT\Videos\rwn\438\Dataset\Dataset\Black Spot\IMG20250601123542.jpg,Black Spot,677
C:\Users\Fame IT\Videos\rwn\438\Dataset\Dataset\Black Spot\IMG20250601123546.jpg,Black Spot,678
C:\Users\Fame IT\Videos\rwn\438\Dataset\Dataset\Black Spot\IMG20250601123552.jpg,Black Spot,679
C:\Users\Fame IT\Videos\rwn\438\Dataset\Dataset\Black Spot\IMG20250601123557.jpg,Black Spot,680
C:\Users\Fame IT\Videos\rwn\438\Dataset\Dataset\Black Spot\IMG20250601123603.jpg,Black Spot,681
C:\Users\Fame IT\Videos\rwn\438\Dataset\Dataset\Black Spot\IMG20250601123609.jpg,Black Spot,682
C:\Users\Fame IT\Videos\rwn\438\Dataset\Dataset\Black Spot\IMG20250601123618.jpg,Black Spot,684
C:\Users\Fame IT\Videos\rwn\438\Dataset\Dataset\Black Spot\IMG20250601123625.jpg,Black Spot,685
C:\Users\Fame IT\Videos\rwn\438\Dataset\Dataset\Black Spot\IMG20250601123632.jpg,Black Spot,687
C:\Users\Fame IT\Videos\rwn\438\Dataset\Dataset\Black Spot\IMG20250601123639.jpg,Black Spot,688
C:\Users\Fame IT\Videos\rwn\438\Dataset\Dataset\Black Spot\IMG20250601123645.jpg,Black Spot,690
C:\Users\Fame IT\Videos\rwn\438\Dataset\Dataset\Black Spot\IMG20250601123650.jpg,Black Spot,691
C:\Users\Fame IT\Videos\rwn\438\Dataset\Dataset\Black Spot\IMG20250601123653.jpg,Black Spot,692
C:\Users\Fame IT\Videos\rwn\438\Dataset\Dataset\Black Spot\IMG20250601123656.jpg,Black Spot,693
C:\Users\Fame IT\Videos\rwn\438\Dataset\Dataset\Black Spot\IMG20250601123706.jpg,Black Spot,694
C:\Users\Fame IT\Videos\rwn\438\Dataset\Dataset\Black Spot\IMG20250601123709.jpg,Black Spot,695
C:\Users\Fame IT\Videos\rwn\438\Dataset\Dataset\Black Spot\IMG20250601123713.jpg,Black Spot,696
C:\Users\Fame IT\Videos\rwn\438\Dataset\Dataset\Black Spot\IMG20250601123722.jpg,Black Spot,698
C:\Users\Fame IT\Videos\rwn\438\Dataset\Dataset\Black Spot\IMG20250601123731.jpg,Black Spot,700
C:\Users\Fame IT\Videos\rwn\438\Dataset\Dataset\Black Spot\IMG20250601123746.jpg,Black Spot,703
C:\Users\Fame IT\Videos\rwn\438\Dataset\Dataset\Black Spot\IMG20250601123752.jpg,Black Spot,704
C:\Users\Fame IT\Videos\rwn\438\Dataset\Dataset\Black Spot\IMG20250601123755.jpg,Black Spot,705
C:\Users\Fame IT\Videos\rwn\438\Dataset\Dataset\Black Spot\IMG20250601123802.jpg,Black Spot,706
C:\Users\Fame IT\Videos\rwn\438\Dataset\Dataset\Black Spot\IMG20250601123806.jpg,Black Spot,707
C:\Users\Fame IT\Videos\rwn\438\Dataset\Dataset\Black Spot\IMG20250601123809.jpg,Black Spot,708
C:\Users\Fame IT\Videos\rwn\438\Dataset\Dataset\Black Spot\IMG20250601123814.jpg,Black Spot,709
C:\Users\Fame IT\Videos\rwn\438\Dataset\Dataset\Black Spot\IMG20250601123819.jpg,Black Spot,710
C:\Users\Fame IT\Videos\rwn\438\Dataset\Dataset\Black Spot\IMG20250601123822.jpg,Black Spot,711
C:\Users\Fame IT\Videos\rwn\438\Dataset\Dataset\Black Spot\IMG20250601123829.jpg,Black Spot,713
C:\Users\Fame IT\Videos\rwn\438\Dataset\Dataset\Black Spot\IMG20250601123839.jpg,Black Spot,715
C:\Users\Fame IT\Videos\rwn\438\Dataset\Dataset\Black Spot\IMG20250601123843.jpg,Black Spot,716
C:\Users\Fame IT\Videos\rwn\438\Dataset\Dataset\Black Spot\IMG20250601123857.jpg,Black Spot,717
C:\Users\Fame IT\Videos\rwn\438\Dataset\Dataset\Black Spot\IMG20250601123902.jpg,Black Spot,718
C:\Users\Fame IT\Videos\rwn\438\Dataset\Dataset\Black Spot\IMG20250601123909.jpg,Black Spot,720
C:\Users\Fame IT\Videos\rwn\438\Dataset\Dataset\Black Spot\IMG20250601123913.jpg,Black Spot,721
C:\Users\Fame IT\Videos\rwn\438\Dataset\Dataset\Black Spot\IMG20250601123916.jpg,Black Spot,722
C:\Users\Fame IT\Videos\rwn\438\Dataset\Dataset\Black Spot\IMG20250601123922.jpg,Black Spot,723
C:\Users\Fame IT\Videos\rwn\438\Dataset\Dataset\Black Spot\IMG20250601123948.jpg,Black Spot,728
C:\Users\Fame IT\Videos\rwn\438\Dataset\Dataset\Black Spot\IMG20250601123955.jpg,Black Spot,730
C:\Users\Fame IT\Videos\rwn\438\Dataset\Dataset\Black Spot\IMG20250601124005.jpg,Black Spot,731
C:\Users\Fame IT\Videos\rwn\438\Dataset\Dataset\Black Spot\IMG20250601124009.jpg,Black Spot,732
C:\Users\Fame IT\Videos\rwn\438\Dataset\Dataset\Black Spot\IMG20250601124015.jpg,Black Spot,733
C:\Users\Fame IT\Videos\rwn\438\Dataset\Dataset\Black Spot\IMG20250601124018.jpg,Black Spot,734
C:\Users\Fame IT\Videos\rwn\438\Dataset\Dataset\Black Spot\IMG20250601124025.jpg,Black Spot,735
C:\Users\Fame IT\Videos\rwn\438\Dataset\Dataset\Black Spot\IMG20250601124028.jpg,Black Spot,736
C:\Users\Fame IT\Videos\rwn\438\Dataset\Dataset\Black Spot\IMG20250601124031.jpg,Black Spot,737
C:\Users\Fame IT\Videos\rwn\438\Dataset\Dataset\Black Spot\IMG20250601124041.jpg,Black Spot,739
C:\Users\Fame IT\Videos\rwn\438\Dataset\Dataset\Black Spot\IMG20250601124046.jpg,Black Spot,740
C:\Users\Fame IT\Videos\rwn\438\Dataset\Dataset\Black Spot\IMG20250601124050.jpg,Black Spot,741
C:\Users\Fame IT\Videos\rwn\438\Dataset\Dataset\Black Spot\IMG20250601124053.jpg,Black Spot,742
C:\Users\Fame IT\Videos\rwn\438\Dataset\Dataset\Black Spot\IMG20250601124056.jpg,Black Spot,743
C:\Users\Fame IT\Videos\rwn\438\Dataset\Dataset\Black Spot\IMG20250601124059.jpg,Black Spot,744
C:\Users\Fame IT\Videos\rwn\438\Dataset\Dataset\Black Spot\IMG20250601124105.jpg,Black Spot,745
C:\Users\Fame IT\Videos\rwn\438\Dataset\Dataset\Black Spot\IMG20250601124111.jpg,Black Spot,746
C:\Users\Fame IT\Videos\rwn\438\Dataset\Dataset\Black Spot\IMG20250601124717.jpg,Black Spot,749
C:\Users\Fame IT\Videos\rwn\438\Dataset\Dataset\Black Spot\IMG20250601124720.jpg,Black Spot,750
C:\Users\Fame IT\Videos\rwn\438\Dataset\Dataset\Black Spot\IMG20250601124730.jpg,Black Spot,752
C:\Users\Fame IT\Videos\rwn\438\Dataset\Dataset\Black Spot\IMG20250601124733.jpg,Black Spot,753
C:\Users\Fame IT\Videos\rwn\438\Dataset\Dataset\Black Spot\IMG20250601124739.jpg,Black Spot,754
C:\Users\Fame IT\Videos\rwn\438\Dataset\Dataset\Black Spot\IMG20250601124752.jpg,Black Spot,757
C:\Users\Fame IT\Videos\rwn\438\Dataset\Dataset\Black Spot\IMG20250601124755.jpg,Black Spot,758
C:\Users\Fame IT\Videos\rwn\438\Dataset\Dataset\Black Spot\IMG20250601124800.jpg,Black Spot,759
C:\Users\Fame IT\Videos\rwn\438\Dataset\Dataset\Black Spot\IMG20250601124807.jpg,Black Spot,760
C:\Users\Fame IT\Videos\rwn\438\Dataset\Dataset\Black Spot\IMG20250601124811.jpg,Black Spot,761
C:\Users\Fame IT\Videos\rwn\438\Dataset\Dataset\Black Spot\IMG20250601124814.jpg,Black Spot,762
C:\Users\Fame IT\Videos\rwn\438\Dataset\Dataset\Black Spot\IMG20250601124822.jpg,Black Spot,764
C:\Users\Fame IT\Videos\rwn\438\Dataset\Dataset\Black Spot\IMG20250601124825.jpg,Black Spot,765
C:\Users\Fame IT\Videos\rwn\438\Dataset\Dataset\Black Spot\IMG20250601124834.jpg,Black Spot,767
C:\Users\Fame IT\Videos\rwn\438\Dataset\Dataset\Black Spot\IMG20250601124848.jpg,Black Spot,770
C:\Users\Fame IT\Videos\rwn\438\Dataset\Dataset\Black Spot\IMG20250601124904.jpg,Black Spot,773
C:\Users\Fame IT\Videos\rwn\438\Dataset\Dataset\Black Spot\IMG20250601124910.jpg,Black Spot,774
C:\Users\Fame IT\Videos\rwn\438\Dataset\Dataset\Black Spot\IMG20250601124923.jpg,Black Spot,777
C:\Users\Fame IT\Videos\rwn\438\Dataset\Dataset\Black Spot\IMG20250601124934.jpg,Black Spot,780
C:\Users\Fame IT\Videos\rwn\438\Dataset\Dataset\Black Spot\IMG20250601124945.jpg,Black Spot,783
C:\Users\Fame IT\Videos\rwn\438\Dataset\Dataset\Black Spot\IMG20250601124952.jpg,Black Spot,784
C:\Users\Fame IT\Videos\rwn\438\Dataset\Dataset\Black Spot\IMG20250601124956.jpg,Black Spot,785
C:\Users\Fame IT\Videos\rwn\438\Dataset\Dataset\Black Spot\IMG20250601124959.jpg,Black Spot,786
C:\Users\Fame IT\Videos\rwn\438\Dataset\Dataset\Black Spot\IMG20250601125003.jpg,Black Spot,787
C:\Users\Fame IT\Videos\rwn\438\Dataset\Dataset\Black Spot\IMG20250601125006.jpg,Black Spot,788
C:\Users\Fame IT\Videos\rwn\438\Dataset\Dataset\Black Spot\IMG20250601125009.jpg,Black Spot,789
C:\Users\Fame IT\Videos\rwn\438\Dataset\Dataset\Black Spot\IMG20250601125014.jpg,Black Spot,790
C:\Users\Fame IT\Videos\rwn\438\Dataset\Dataset\Black Spot\IMG20250601125020.jpg,Black Spot,792
C:\Users\Fame IT\Videos\rwn\438\Dataset\Dataset\Black Spot\IMG20250601125023.jpg,Black Spot,793
C:\Users\Fame IT\Videos\rwn\438\Dataset\Dataset\Black Spot\IMG20250601125318.jpg,Black Spot,796
C:\Users\Fame IT\Videos\rwn\438\Dataset\Dataset\Black Spot\IMG20250601125341.jpg,Black Spot,797
C:\Users\Fame IT\Videos\rwn\438\Dataset\Dataset\Black Spot\IMG20250601125344.jpg,Black Spot,798
C:\Users\Fame IT\Videos\rwn\438\Dataset\Dataset\Black Spot\IMG20250601125347.jpg,Black Spot,799
C:\Users\Fame IT\Videos\rwn\438\Dataset\Dataset\Black Spot\IMG20250601125350.jpg,Black Spot,800
C:\Users\Fame IT\Videos\rwn\438\Dataset\Dataset\Black Spot\IMG20250601125355.jpg,Black Spot,801
C:\Users\Fame IT\Videos\rwn\438\Dataset\Dataset\Black Spot\IMG20250601125401.jpg,Black Spot,803
C:\Users\Fame IT\Videos\rwn\438\Dataset\Dataset\Black Spot\IMG20250601125420.jpg,Black Spot,807
C:\Users\Fame IT\Videos\rwn\438\Dataset\Dataset\Black Spot\IMG20250601125426.jpg,Black Spot,808
C:\Users\Fame IT\Videos\rwn\438\Dataset\Dataset\Black Spot\IMG20250601125433.jpg,Black Spot,810
C:\Users\Fame IT\Videos\rwn\438\Dataset\Dataset\Black Spot\IMG20250601125439.jpg,Black Spot,811
C:\Users\Fame IT\Videos\rwn\438\Dataset\Dataset\Black Spot\IMG20250601125446.jpg,Black Spot,813
C:\Users\Fame IT\Videos\rwn\438\Dataset\Dataset\Black Spot\IMG20250601125500.jpg,Black Spot,816
C:\Users\Fame IT\Videos\rwn\438\Dataset\Dataset\Black Spot\IMG20250601125506.jpg,Black Spot,817
C:\Users\Fame IT\Videos\rwn\438\Dataset\Dataset\Black Spot\IMG20250601125513.jpg,Black Spot,819
C:\Users\Fame IT\Videos\rwn\438\Dataset\Dataset\Black Spot\IMG20250601125518.jpg,Black Spot,820
C:\Users\Fame IT\Videos\rwn\438\Dataset\Dataset\Black Spot\IMG20250601125527.jpg,Black Spot,822
C:\Users\Fame IT\Videos\rwn\438\Dataset\Dataset\Black Spot\IMG20250601125530.jpg,Black Spot,823
C:\Users\Fame IT\Videos\rwn\438\Dataset\Dataset\Black Spot\IMG20250601125537.jpg,Black Spot,824
C:\Users\Fame IT\Videos\rwn\438\Dataset\Dataset\Black Spot\IMG20250601125542.jpg,Black Spot,825
C:\Users\Fame IT\Videos\rwn\438\Dataset\Dataset\Black Spot\IMG20250601125601.jpg,Black Spot,830
C:\Users\Fame IT\Videos\rwn\438\Dataset\Dataset\Black Spot\IMG20250601125608.jpg,Black Spot,832
C:\Users\Fame IT\Videos\rwn\438\Dataset\Dataset\Black Spot\IMG20250601125611.jpg,Black Spot,833
C:\Users\Fame IT\Videos\rwn\438\Dataset\Dataset\Black Spot\IMG20250601125613.jpg,Black Spot,834
C:\Users\Fame IT\Videos\rwn\438\Dataset\Dataset\Black Spot\IMG20250601125618.jpg,Black Spot,835
C:\Users\Fame IT\Videos\rwn\438\Dataset\Dataset\Black Spot\IMG20250601125620.jpg,Black Spot,836
C:\Users\Fame IT\Videos\rwn\438\Dataset\Dataset\Black Spot\IMG20250601125625.jpg,Black Spot,837
C:\Users\Fame IT\Videos\rwn\438\Dataset\Dataset\Black Spot\IMG20250601125637.jpg,Black Spot,841
C:\Users\Fame IT\Videos\rwn\438\Dataset\Dataset\Black Spot\IMG20250601125645.jpg,Black Spot,842
C:\Users\Fame IT\Videos\rwn\438\Dataset\Dataset\Black Spot\IMG20250601125651.jpg,Black Spot,843
C:\Users\Fame IT\Videos\rwn\438\Dataset\Dataset\Black Spot\IMG20250601125654.jpg,Black Spot,844
C:\Users\Fame IT\Videos\rwn\438\Dataset\Dataset\Black Spot\IMG20250601125659.jpg,Black Spot,845
C:\Users\Fame IT\Videos\rwn\438\Dataset\Dataset\Black Spot\IMG20250601125702.jpg,Black Spot,846
C:\Users\Fame IT\Videos\rwn\438\Dataset\Dataset\Black Spot\IMG20250601125706.jpg,Black Spot,847
C:\Users\Fame IT\Videos\rwn\438\Dataset\Dataset\Black Spot\IMG20250601125712.jpg,Black Spot,848
C:\Users\Fame IT\Videos\rwn\438\Dataset\Dataset\Black Spot\IMG20250601125718.jpg,Black Spot,849
C:\Users\Fame IT\Videos\rwn\438\Dataset\Dataset\Black Spot\IMG20250601125729.jpg,Black Spot,851
C:\Users\Fame IT\Videos\rwn\438\Dataset\Dataset\Black Spot\IMG20250601125735.jpg,Black Spot,852
C:\Users\Fame IT\Videos\rwn\438\Dataset\Dataset\Black Spot\IMG20250601125738.jpg,Black Spot,853
C:\Users\Fame IT\Videos\rwn\438\Dataset\Dataset\Black Spot\IMG20250601125742.jpg,Black Spot,854
C:\Users\Fame IT\Videos\rwn\438\Dataset\Dataset\Black Spot\IMG20250601125814.jpg,Black Spot,861
C:\Users\Fame IT\Videos\rwn\438\Dataset\Dataset\Black Spot\IMG20250601125827.jpg,Black Spot,864
C:\Users\Fame IT\Videos\rwn\438\Dataset\Dataset\Black Spot\IMG20250601125832.jpg,Black Spot,865
C:\Users\Fame IT\Videos\rwn\438\Dataset\Dataset\Black Spot\IMG20250601125834.jpg,Black Spot,866
C:\Users\Fame IT\Videos\rwn\438\Dataset\Dataset\Black Spot\IMG20250601125838.jpg,Black Spot,867
C:\Users\Fame IT\Videos\rwn\438\Dataset\Dataset\Black Spot\IMG20250601125843.jpg,Black Spot,868
C:\Users\Fame IT\Videos\rwn\438\Dataset\Dataset\Black Spot\IMG20250601125846.jpg,Black Spot,869
C:\Users\Fame IT\Videos\rwn\438\Dataset\Dataset\Black Spot\IMG20250601125901.jpg,Black Spot,872
C:\Users\Fame IT\Videos\rwn\438\Dataset\Dataset\Black Spot\IMG20250601130246.jpg,Black Spot,873
C:\Users\Fame IT\Videos\rwn\438\Dataset\Dataset\Black Spot\IMG20250601130300.jpg,Black Spot,876
C:\Users\Fame IT\Videos\rwn\438\Dataset\Dataset\Black Spot\IMG20250601130306.jpg,Black Spot,877
C:\Users\Fame IT\Videos\rwn\438\Dataset\Dataset\Black Spot\IMG20250601130316.jpg,Black Spot,879
C:\Users\Fame IT\Videos\rwn\438\Dataset\Dataset\Black Spot\IMG20250601130320.jpg,Black Spot,880
C:\Users\Fame IT\Videos\rwn\438\Dataset\Dataset\Black Spot\IMG20250601130323.jpg,Black Spot,881
C:\Users\Fame IT\Videos\rwn\438\Dataset\Dataset\Black Spot\IMG20250601130330.jpg,Black Spot,882
C:\Users\Fame IT\Videos\rwn\438\Dataset\Dataset\Black Spot\IMG20250601130336.jpg,Black Spot,883
C:\Users\Fame IT\Videos\rwn\438\Dataset\Dataset\Black Spot\IMG20250601130339.jpg,Black Spot,884
C:\Users\Fame IT\Videos\rwn\438\Dataset\Dataset\Black Spot\IMG20250601130353.jpg,Black Spot,887
C:\Users\Fame IT\Videos\rwn\438\Dataset\Dataset\Black Spot\IMG20250601130355.jpg,Black Spot,888
C:\Users\Fame IT\Videos\rwn\438\Dataset\Dataset\Black Spot\IMG20250601130400.jpg,Black Spot,889
C:\Users\Fame IT\Videos\rwn\438\Dataset\Dataset\Black Spot\IMG20250601130408.jpg,Black Spot,890
C:\Users\Fame IT\Videos\rwn\438\Dataset\Dataset\Black Spot\IMG20250601130411.jpg,Black Spot,891
C:\Users\Fame IT\Videos\rwn\438\Dataset\Dataset\Black Spot\IMG20250601130420.jpg,Black Spot,893
C:\Users\Fame IT\Videos\rwn\438\Dataset\Dataset\Black Spot\IMG20250601130423.jpg,Black Spot,894
C:\Users\Fame IT\Videos\rwn\438\Dataset\Dataset\Black Spot\IMG20250601130431.jpg,Black Spot,895
C:\Users\Fame IT\Videos\rwn\438\Dataset\Dataset\Black Spot\IMG20250601130435.jpg,Black Spot,896
C:\Users\Fame IT\Videos\rwn\438\Dataset\Dataset\Black Spot\IMG20250601130444.jpg,Black Spot,898
C:\Users\Fame IT\Videos\rwn\438\Dataset\Dataset\Black Spot\IMG20250601130448.jpg,Black Spot,899
C:\Users\Fame IT\Videos\rwn\438\Dataset\Dataset\Black Spot\IMG20250601130452.jpg,Black Spot,900
C:\Users\Fame IT\Videos\rwn\438\Dataset\Dataset\Black Spot\IMG20250601130457.jpg,Black Spot,901
C:\Users\Fame IT\Videos\rwn\438\Dataset\Dataset\Black Spot\IMG20250601130504.jpg,Black Spot,903
C:\Users\Fame IT\Videos\rwn\438\Dataset\Dataset\Black Spot\IMG20250601130508.jpg,Black Spot,904
C:\Users\Fame IT\Videos\rwn\438\Dataset\Dataset\Black Spot\IMG20250601130512.jpg,Black Spot,905
C:\Users\Fame IT\Videos\rwn\438\Dataset\Dataset\Black Spot\IMG20250601130514.jpg,Black Spot,906
C:\Users\Fame IT\Videos\rwn\438\Dataset\Dataset\Black Spot\IMG20250601130519.jpg,Black Spot,907
C:\Users\Fame IT\Videos\rwn\438\Dataset\Dataset\Black Spot\IMG20250601130531.jpg,Black Spot,910
C:\Users\Fame IT\Videos\rwn\438\Dataset\Dataset\Black Spot\IMG20250601130537.jpg,Black Spot,912
C:\Users\Fame IT\Videos\rwn\438\Dataset\Dataset\Black Spot\IMG20250601130544.jpg,Black Spot,913
C:\Users\Fame IT\Videos\rwn\438\Dataset\Dataset\Black Spot\IMG20250601130549.jpg,Black Spot,914
C:\Users\Fame IT\Videos\rwn\438\Dataset\Dataset\Black Spot\IMG20250601130620.jpg,Black Spot,917
C:\Users\Fame IT\Videos\rwn\438\Dataset\Dataset\Black Spot\IMG20250601130632.jpg,Black Spot,919
C:\Users\Fame IT\Videos\rwn\438\Dataset\Dataset\Black Spot\IMG20250601130646.jpg,Black Spot,922
C:\Users\Fame IT\Videos\rwn\438\Dataset\Dataset\Black Spot\IMG20250601130653.jpg,Black Spot,924
C:\Users\Fame IT\Videos\rwn\438\Dataset\Dataset\Black Spot\IMG20250601130656.jpg,Black Spot,925
C:\Users\Fame IT\Videos\rwn\438\Dataset\Dataset\Black Spot\IMG20250601130701.jpg,Black Spot,926
C:\Users\Fame IT\Videos\rwn\438\Dataset\Dataset\Black Spot\IMG20250601130705.jpg,Black Spot,927
C:\Users\Fame IT\Videos\rwn\438\Dataset\Dataset\Black Spot\IMG20250601130710.jpg,Black Spot,928
C:\Users\Fame IT\Videos\rwn\438\Dataset\Dataset\Black Spot\IMG20250601130713.jpg,Black Spot,929
C:\Users\Fame IT\Videos\rwn\438\Dataset\Dataset\Black Spot\IMG20250601130717.jpg,Black Spot,930
C:\Users\Fame IT\Videos\rwn\438\Dataset\Dataset\Black Spot\IMG20250601130728.jpg,Black Spot,932
C:\Users\Fame IT\Videos\rwn\438\Dataset\Dataset\Black Spot\IMG20250601130733.jpg,Black Spot,933
C:\Users\Fame IT\Videos\rwn\438\Dataset\Dataset\Black Spot\IMG20250601130736.jpg,Black Spot,934
C:\Users\Fame IT\Videos\rwn\438\Dataset\Dataset\Black Spot\IMG20250601130740.jpg,Black Spot,935
C:\Users\Fame IT\Videos\rwn\438\Dataset\Dataset\Black Spot\IMG20250601130745.jpg,Black Spot,936
C:\Users\Fame IT\Videos\rwn\438\Dataset\Dataset\Black Spot\IMG20250601130753.jpg,Black Spot,938
C:\Users\Fame IT\Videos\rwn\438\Dataset\Dataset\Black Spot\IMG20250601130755.jpg,Black Spot,939
C:\Users\Fame IT\Videos\rwn\438\Dataset\Dataset\Black Spot\IMG20250601130802.jpg,Black Spot,940
C:\Users\Fame IT\Videos\rwn\438\Dataset\Dataset\Black Spot\IMG20250601130821.jpg,Black Spot,943
C:\Users\Fame IT\Videos\rwn\438\Dataset\Dataset\Black Spot\IMG20250601130824.jpg,Black Spot,944
C:\Users\Fame IT\Videos\rwn\438\Dataset\Dataset\Black Spot\IMG20250601130827.jpg,Black Spot,945
C:\Users\Fame IT\Videos\rwn\438\Dataset\Dataset\Black Spot\IMG20250601130832.jpg,Black Spot,946
C:\Users\Fame IT\Videos\rwn\438\Dataset\Dataset\Black Spot\IMG20250601130835.jpg,Black Spot,947
C:\Users\Fame IT\Videos\rwn\438\Dataset\Dataset\Black Spot\IMG20250601130838.jpg,Black Spot,948
C:\Users\Fame IT\Videos\rwn\438\Dataset\Dataset\Black Spot\IMG20250601130846.jpg,Black Spot,950
C:\Users\Fame IT\Videos\rwn\438\Dataset\Dataset\Black Spot\IMG20250601130850.jpg,Black Spot,951
C:\Users\Fame IT\Videos\rwn\438\Dataset\Dataset\Black Spot\IMG20250601130853.jpg,Black Spot,952
C:\Users\Fame IT\Videos\rwn\438\Dataset\Dataset\Black Spot\IMG20250601130857.jpg,Black Spot,953
C:\Users\Fame IT\Videos\rwn\438\Dataset\Dataset\Black Spot\IMG20250601130913.jpg,Black Spot,954
C:\Users\Fame IT\Videos\rwn\438\Dataset\Dataset\Black Spot\IMG20250601130920.jpg,Black Spot,956
C:\Users\Fame IT\Videos\rwn\438\Dataset\Dataset\Black Spot\IMG20250601130925.jpg,Black Spot,958
C:\Users\Fame IT\Videos\rwn\438\Dataset\Dataset\Black Spot\IMG20250601130939.jpg,Black Spot,960
C:\Users\Fame IT\Videos\rwn\438\Dataset\Dataset\Black Spot\IMG20250601130943.jpg,Black Spot,961
C:\Users\Fame IT\Videos\rwn\438\Dataset\Dataset\Black Spot\IMG20250601130946.jpg,Black Spot,962
C:\Users\Fame IT\Videos\rwn\438\Dataset\Dataset\Black Spot\IMG20250601130950.jpg,Black Spot,963
C:\Users\Fame IT\Videos\rwn\438\Dataset\Dataset\Black Spot\IMG20250601130956.jpg,Black Spot,964
C:\Users\Fame IT\Videos\rwn\438\Dataset\Dataset\Black Spot\IMG20250601131005.jpg,Black Spot,966
C:\Users\Fame IT\Videos\rwn\438\Dataset\Dataset\Black Spot\IMG20250601131007.jpg,Black Spot,967
C:\Users\Fame IT\Videos\rwn\438\Dataset\Dataset\Black Spot\IMG20250601131011.jpg,Black Spot,968
C:\Users\Fame IT\Videos\rwn\438\Dataset\Dataset\Black Spot\IMG20250601131014.jpg,Black Spot,969
C:\Users\Fame IT\Videos\rwn\438\Dataset\Dataset\Black Spot\IMG20250601131017.jpg,Black Spot,970
C:\Users\Fame IT\Videos\rwn\438\Dataset\Dataset\Black Spot\IMG20250601131020.jpg,Black Spot,971
C:\Users\Fame IT\Videos\rwn\438\Dataset\Dataset\Black Spot\IMG20250601131024.jpg,Black Spot,972
C:\Users\Fame IT\Videos\rwn\438\Dataset\Dataset\Black Spot\IMG20250601131029.jpg,Black Spot,973
C:\Users\Fame IT\Videos\rwn\438\Dataset\Dataset\Black Spot\IMG20250601131035.jpg,Black Spot,974
C:\Users\Fame IT\Videos\rwn\438\Dataset\Dataset\Black Spot\IMG20250601131043.jpg,Black Spot,976
C:\Users\Fame IT\Videos\rwn\438\Dataset\Dataset\Black Spot\IMG20250601131045.jpg,Black Spot,977
C:\Users\Fame IT\Videos\rwn\438\Dataset\Dataset\Black Spot\IMG20250601131203.jpg,Black Spot,981
C:\Users\Fame IT\Videos\rwn\438\Dataset\Dataset\Black Spot\IMG20250601131207.jpg,Black Spot,982
C:\Users\Fame IT\Videos\rwn\438\Dataset\Dataset\Black Spot\IMG20250601131214.jpg,Black Spot,983
C:\Users\Fame IT\Videos\rwn\438\Dataset\Dataset\Black Spot\IMG20250601131219.jpg,Black Spot,984
C:\Users\Fame IT\Videos\rwn\438\Dataset\Dataset\Black Spot\IMG20250601131222.jpg,Black Spot,985
C:\Users\Fame IT\Videos\rwn\438\Dataset\Dataset\Black Spot\IMG20250601131225.jpg,Black Spot,986
C:\Users\Fame IT\Videos\rwn\438\Dataset\Dataset\Black Spot\IMG20250601131434.jpg,Black Spot,987
C:\Users\Fame IT\Videos\rwn\438\Dataset\Dataset\Black Spot\IMG20250601131438.jpg,Black Spot,988
C:\Users\Fame IT\Videos\rwn\438\Dataset\Dataset\Black Spot\IMG20250601131442.jpg,Black Spot,989
C:\Users\Fame IT\Videos\rwn\438\Dataset\Dataset\Black Spot\IMG20250601131446.jpg,Black Spot,990
C:\Users\Fame IT\Videos\rwn\438\Dataset\Dataset\Black Spot\IMG20250601131453.jpg,Black Spot,991
C:\Users\Fame IT\Videos\rwn\438\Dataset\Dataset\Black Spot\IMG20250601131457.jpg,Black Spot,992
C:\Users\Fame IT\Videos\rwn\438\Dataset\Dataset\Black Spot\IMG20250601131502.jpg,Black Spot,993
C:\Users\Fame IT\Videos\rwn\438\Dataset\Dataset\Black Spot\IMG20250601131506.jpg,Black Spot,994
C:\Users\Fame IT\Videos\rwn\438\Dataset\Dataset\Black Spot\IMG20250601131511.jpg,Black Spot,995
C:\Users\Fame IT\Videos\rwn\438\Dataset\Dataset\Black Spot\IMG20250601131514.jpg,Black Spot,996
C:\Users\Fame IT\Videos\rwn\438\Dataset\Dataset\Black Spot\IMG20250601131517.jpg,Black Spot,997
C:\Users\Fame IT\Videos\rwn\438\Dataset\Dataset\Black Spot\IMG20250601131523.jpg,Black Spot,998
C:\Users\Fame IT\Videos\rwn\438\Dataset\Dataset\Black Spot\IMG20250601131529.jpg,Black Spot,999
C:\Users\Fame IT\Videos\rwn\438\Dataset\Dataset\Black Spot\IMG20250601131532.jpg,Black Spot,1000
C:\Users\Fame IT\Videos\rwn\438\Dataset\Dataset\Black Spot\IMG20250601131543.jpg,Black Spot,1001
C:\Users\Fame IT\Videos\rwn\438\Dataset\Dataset\Black Spot\IMG20250601131546.jpg,Black Spot,1002
C:\Users\Fame IT\Videos\rwn\438\Dataset\Dataset\Black Spot\IMG20250601131555.jpg,Black Spot,1004
C:\Users\Fame IT\Videos\rwn\438\Dataset\Dataset\Black Spot\IMG20250601131558.jpg,Black Spot,1005
C:\Users\Fame IT\Videos\rwn\438\Dataset\Dataset\Black Spot\IMG20250601131603.jpg,Black Spot,1006
C:\Users\Fame IT\Videos\rwn\438\Dataset\Dataset\Black Spot\IMG20250601131606.jpg,Black Spot,1007
C:\Users\Fame IT\Videos\rwn\438\Dataset\Dataset\Black Spot\IMG20250601131608.jpg,Black Spot,1008
C:\Users\Fame IT\Videos\rwn\438\Dataset\Dataset\Black Spot\IMG20250601131612.jpg,Black Spot,1009
C:\Users\Fame IT\Videos\rwn\438\Dataset\Dataset\Black Spot\IMG20250601131621.jpg,Black Spot,1011
C:\Users\Fame IT\Videos\rwn\438\Dataset\Dataset\Black Spot\IMG20250601131625.jpg,Black Spot,1012
C:\Users\Fame IT\Videos\rwn\438\Dataset\Dataset\Black Spot\IMG20250601131628.jpg,Black Spot,1013
C:\Users\Fame IT\Videos\rwn\438\Dataset\Dataset\Black Spot\IMG20250601131633.jpg,Black Spot,1014
C:\Users\Fame IT\Videos\rwn\438\Dataset\Dataset\Black Spot\IMG20250601131644.jpg,Black Spot,1016
C:\Users\Fame IT\Videos\rwn\438\Dataset\Dataset\Black Spot\IMG20250601131648.jpg,Black Spot,1017
C:\Users\Fame IT\Videos\rwn\438\Dataset\Dataset\Black Spot\IMG20250601131656.jpg,Black Spot,1019
C:\Users\Fame IT\Videos\rwn\438\Dataset\Dataset\Black Spot\IMG20250601131706.jpg,Black Spot,1022
C:\Users\Fame IT\Videos\rwn\438\Dataset\Dataset\Black Spot\IMG20250601131712.jpg,Black Spot,1023
C:\Users\Fame IT\Videos\rwn\438\Dataset\Dataset\Black Spot\IMG20250601131715.jpg,Black Spot,1024
C:\Users\Fame IT\Videos\rwn\438\Dataset\Dataset\Black Spot\IMG20250601131718.jpg,Black Spot,1025
C:\Users\Fame IT\Videos\rwn\438\Dataset\Dataset\Black Spot\IMG20250601131723.jpg,Black Spot,1026
C:\Users\Fame IT\Videos\rwn\438\Dataset\Dataset\Black Spot\IMG20250601131731.jpg,Black Spot,1028
C:\Users\Fame IT\Videos\rwn\438\Dataset\Dataset\Black Spot\IMG20250601131736.jpg,Black Spot,1029
C:\Users\Fame IT\Videos\rwn\438\Dataset\Dataset\Black Spot\IMG20250601131739.jpg,Black Spot,1030
C:\Users\Fame IT\Videos\rwn\438\Dataset\Dataset\Black Spot\IMG20250601131740.jpg,Black Spot,1031
C:\Users\Fame IT\Videos\rwn\438\Dataset\Dataset\Black Spot\IMG20250601131744.jpg,Black Spot,1032
C:\Users\Fame IT\Videos\rwn\438\Dataset\Dataset\Black Spot\IMG20250601131759.jpg,Black Spot,1035
C:\Users\Fame IT\Videos\rwn\438\Dataset\Dataset\Black Spot\IMG20250601131805.jpg,Black Spot,1037
C:\Users\Fame IT\Videos\rwn\438\Dataset\Dataset\Black Spot\IMG20250601131816.jpg,Black Spot,1040
C:\Users\Fame IT\Videos\rwn\438\Dataset\Dataset\Black Spot\IMG20250601131825.jpg,Black Spot,1042
C:\Users\Fame IT\Videos\rwn\438\Dataset\Dataset\Black Spot\IMG20250601131828.jpg,Black Spot,1043
C:\Users\Fame IT\Videos\rwn\438\Dataset\Dataset\Black Spot\IMG20250601131832.jpg,Black Spot,1044
C:\Users\Fame IT\Videos\rwn\438\Dataset\Dataset\Burned Leaf\IMG20250428152304.jpg,Burned Leaf,1047
C:\Users\Fame IT\Videos\rwn\438\Dataset\Dataset\Burned Leaf\IMG20250428152326.jpg,Burned Leaf,1048
C:\Users\Fame IT\Videos\rwn\438\Dataset\Dataset\Burned Leaf\IMG20250428152405.jpg,Burned Leaf,1050
C:\Users\Fame IT\Videos\rwn\438\Dataset\Dataset\Burned Leaf\IMG20250428152406.jpg,Burned Leaf,1050
C:\Users\Fame IT\Videos\rwn\438\Dataset\Dataset\Burned Leaf\IMG20250428152407.jpg,Burned Leaf,1050
C:\Users\Fame IT\Videos\rwn\438\Dataset\Dataset\Burned Leaf\IMG20250428152408.jpg,Burned Leaf,1050
C:\Users\Fame IT\Videos\rwn\438\Dataset\Dataset\Burned Leaf\IMG20250428152434.jpg,Burned Leaf,1052
C:\Users\Fame IT\Videos\rwn\438\Dataset\Dataset\Burned Leaf\IMG20250428152435.jpg,Burned Leaf,1052
C:\Users\Fame IT\Videos\rwn\438\Dataset\Dataset\Burned Leaf\IMG20250428152436.jpg,Burned Leaf,1052
C:\Users\Fame IT\Videos\rwn\438\Dataset\Dataset\Burned Leaf\IMG20250428152500.jpg,Burned Leaf,1053
C:\Users\Fame IT\Videos\rwn\438\Dataset\Dataset\Burned Leaf\IMG20250428152502.jpg,Burned Leaf,1054
C:\Users\Fame IT\Videos\rwn\438\Dataset\Dataset\Burned Leaf\IMG20250428152503.jpg,Burned Leaf,1054
C:\Users\Fame IT\Videos\rwn\438\Dataset\Dataset\Burned Leaf\IMG20250428152515.jpg,Burned Leaf,1057
C:\Users\Fame IT\Videos\rwn\438\Dataset\Dataset\Burned Leaf\IMG20250428152516.jpg,Burned Leaf,1057
C:\Users\Fame IT\Videos\rwn\438\Dataset\Dataset\Burned Leaf\IMG20250428152704.jpg,Burned Leaf,1058
C:\Users\Fame IT\Videos\rwn\438\Dataset\Dataset\Burned Leaf\IMG20250428152719.jpg,Burned Leaf,1061
C:\Users\Fame IT\Videos\rwn\438\Dataset\Dataset\Burned Leaf\IMG20250428152743.jpg,Burned Leaf,1062
C:\Users\Fame IT\Videos\rwn\438\Dataset\Dataset\Burned Leaf\IMG20250428152747.jpg,Burned Leaf,1062
C:\Users\Fame IT\Videos\rwn\438\Dataset\Dataset\Burned Leaf\IMG20250428152801.jpg,Burned Leaf,1062
C:\Users\Fame IT\Videos\rwn\438\Dataset\Dataset\Burned Leaf\IMG20250428152806.jpg,Burned Leaf,1063
C:\Users\Fame IT\Videos\rwn\438\Dataset\Dataset\Burned Leaf\IMG20250428152808.jpg,Burned Leaf,1064
C:\Users\Fame IT\Videos\rwn\438\Dataset\Dataset\Burned Leaf\IMG20250428152809.jpg,Burned Leaf,1065
C:\Users\Fame IT\Videos\rwn\438\Dataset\Dataset\Burned Leaf\IMG20250428152815.jpg,Burned Leaf,1066
C:\Users\Fame IT\Videos\rwn\438\Dataset\Dataset\Burned Leaf\IMG20250428152817.jpg,Burned Leaf,1066
C:\Users\Fame IT\Videos\rwn\438\Dataset\Dataset\Burned Leaf\IMG20250428152824.jpg,Burned Leaf,1066
C:\Users\Fame IT\Videos\rwn\438\Dataset\Dataset\Burned Leaf\IMG20250428152830.jpg,Burned Leaf,1066
C:\Users\Fame IT\Videos\rwn\438\Dataset\Dataset\Burned Leaf\IMG20250428152836.jpg,Burned Leaf,1066
C:\Users\Fame IT\Videos\rwn\438\Dataset\Dataset\Burned Leaf\IMG20250428152856.jpg,Burned Leaf,1069
C:\Users\Fame IT\Videos\rwn\438\Dataset\Dataset\Burned Leaf\IMG20250428152858.jpg,Burned Leaf,1069
C:\Users\Fame IT\Videos\rwn\438\Dataset\Dataset\Burned Leaf\IMG20250428152903.jpg,Burned Leaf,1070
C:\Users\Fame IT\Videos\rwn\438\Dataset\Dataset\Burned Leaf\IMG20250428152905.jpg,Burned Leaf,1071
C:\Users\Fame IT\Videos\rwn\438\Dataset\Dataset\Burned Leaf\IMG20250428152907.jpg,Burned Leaf,1072
C:\Users\Fame IT\Videos\rwn\438\Dataset\Dataset\Burned Leaf\IMG20250428152935.jpg,Burned Leaf,1076
C:\Users\Fame IT\Videos\rwn\438\Dataset\Dataset\Burned Leaf\IMG20250428152936.jpg,Burned Leaf,1076
C:\Users\Fame IT\Videos\rwn\438\Dataset\Dataset\Burned Leaf\IMG20250428152937.jpg,Burned Leaf,1076
C:\Users\Fame IT\Videos\rwn\438\Dataset\Dataset\Burned Leaf\IMG20250428152938.jpg,Burned Leaf,1076
C:\Users\Fame IT\Videos\rwn\438\Dataset\Dataset\Burned Leaf\IMG20250428152939.jpg,Burned Leaf,1076
C:\Users\Fame IT\Videos\rwn\438\Dataset\Dataset\Burned Leaf\IMG20250428152941.jpg,Burned Leaf,1077
C:\Users\Fame IT\Videos\rwn\438\Dataset\Dataset\Burned Leaf\IMG20250428152942.jpg,Burned Leaf,1077
C:\Users\Fame IT\Videos\rwn\438\Dataset\Dataset\Burned Leaf\IMG20250428152943.jpg,Burned Leaf,1077
C:\Users\Fame IT\Videos\rwn\438\Dataset\Dataset\Burned Leaf\IMG20250428152944.jpg,Burned Leaf,1078
C:\Users\Fame IT\Videos\rwn\438\Dataset\Dataset\Burned Leaf\IMG20250428152945.jpg,Burned Leaf,1079
C:\Users\Fame IT\Videos\rwn\438\Dataset\Dataset\Burned Leaf\IMG20250428152949.jpg,Burned Leaf,1080
C:\Users\Fame IT\Videos\rwn\438\Dataset\Dataset\Burned Leaf\IMG20250428152950.jpg,Burned Leaf,1080
C:\Users\Fame IT\Videos\rwn\438\Dataset\Dataset\Burned Leaf\IMG20250428152951.jpg,Burned Leaf,1081
C:\Users\Fame IT\Videos\rwn\438\Dataset\Dataset\Burned Leaf\IMG20250428152952.jpg,Burned Leaf,1080
C:\Users\Fame IT\Videos\rwn\438\Dataset\Dataset\Burned Leaf\IMG20250428152958.jpg,Burned Leaf,1082
C:\Users\Fame IT\Videos\rwn\438\Dataset\Dataset\Burned Leaf\IMG20250428153013.jpg,Burned Leaf,1085
C:\Users\Fame IT\Videos\rwn\438\Dataset\Dataset\Burned Leaf\IMG20250428153016.jpg,Burned Leaf,1087
C:\Users\Fame IT\Videos\rwn\438\Dataset\Dataset\Burned Leaf\IMG20250428153017.jpg,Burned Leaf,1087
C:\Users\Fame IT\Videos\rwn\438\Dataset\Dataset\Burned Leaf\IMG20250428153018.jpg,Burned Leaf,1087
C:\Users\Fame IT\Videos\rwn\438\Dataset\Dataset\Burned Leaf\IMG20250428153019.jpg,Burned Leaf,1087
C:\Users\Fame IT\Videos\rwn\438\Dataset\Dataset\Burned Leaf\IMG20250428153021.jpg,Burned Leaf,1088
C:\Users\Fame IT\Videos\rwn\438\Dataset\Dataset\Burned Leaf\IMG20250428153050.jpg,Burned Leaf,1090
C:\Users\Fame IT\Videos\rwn\438\Dataset\Dataset\Burned Leaf\IMG20250428153143.jpg,Burned Leaf,1093
C:\Users\Fame IT\Videos\rwn\438\Dataset\Dataset\Burned Leaf\IMG20250428153146.jpg,Burned Leaf,1094
C:\Users\Fame IT\Videos\rwn\438\Dataset\Dataset\Burned Leaf\IMG20250428153147.jpg,Burned Leaf,1093
C:\Users\Fame IT\Videos\rwn\438\Dataset\Dataset\Burned Leaf\IMG20250428153203.jpg,Burned Leaf,1096
C:\Users\Fame IT\Videos\rwn\438\Dataset\Dataset\Burned Leaf\IMG20250428153209.jpg,Burned Leaf,1097
C:\Users\Fame IT\Videos\rwn\438\Dataset\Dataset\Burned Leaf\IMG20250428153211.jpg,Burned Leaf,1097
C:\Users\Fame IT\Videos\rwn\438\Dataset\Dataset\Burned Leaf\IMG20250428153212.jpg,Burned Leaf,1097
C:\Users\Fame IT\Videos\rwn\438\Dataset\Dataset\Burned Leaf\IMG20250428153213.jpg,Burned Leaf,1097
C:\Users\Fame IT\Videos\rwn\438\Dataset\Dataset\Burned Leaf\IMG20250428153214.jpg,Burned Leaf,1098
C:\Users\Fame IT\Videos\rwn\438\Dataset\Dataset\Burned Leaf\IMG20250428153216.jpg,Burned Leaf,1098
C:\Users\Fame IT\Videos\rwn\438\Dataset\Dataset\Burned Leaf\IMG20250428153217.jpg,Burned Leaf,1098
C:\Users\Fame IT\Videos\rwn\438\Dataset\Dataset\Burned Leaf\IMG20250428153218.jpg,Burned Leaf,1098
C:\Users\Fame IT\Videos\rwn\438\Dataset\Dataset\Burned Leaf\IMG20250428153220.jpg,Burned Leaf,1098
C:\Users\Fame IT\Videos\rwn\438\Dataset\Dataset\Burned Leaf\IMG20250428153224.jpg,Burned Leaf,1099
C:\Users\Fame IT\Videos\rwn\438\Dataset\Dataset\Burned Leaf\IMG20250428153227.jpg,Burned Leaf,1101
C:\Users\Fame IT\Videos\rwn\438\Dataset\Dataset\Burned Leaf\IMG20250428153229.jpg,Burned Leaf,1102
C:\Users\Fame IT\Videos\rwn\438\Dataset\Dataset\Burned Leaf\IMG20250428153230.jpg,Burned Leaf,1101
C:\Users\Fame IT\Videos\rwn\438\Dataset\Dataset\Burned Leaf\IMG20250428153231.jpg,Burned Leaf,1101
C:\Users\Fame IT\Videos\rwn\438\Dataset\Dataset\Burned Leaf\IMG20250428153232.jpg,Burned Leaf,1101
C:\Users\Fame IT\Videos\rwn\438\Dataset\Dataset\Burned Leaf\IMG20250428153239.jpg,Burned Leaf,1103
C:\Users\Fame IT\Videos\rwn\438\Dataset\Dataset\Burned Leaf\IMG20250428153240.jpg,Burned Leaf,1103
C:\Users\Fame IT\Videos\rwn\438\Dataset\Dataset\Burned Leaf\IMG20250428153243.jpg,Burned Leaf,1103
C:\Users\Fame IT\Videos\rwn\438\Dataset\Dataset\Burned Leaf\IMG20250428153244.jpg,Burned Leaf,1103
C:\Users\Fame IT\Videos\rwn\438\Dataset\Dataset\Burned Leaf\IMG20250428153245.jpg,Burned Leaf,1103
C:\Users\Fame IT\Videos\rwn\438\Dataset\Dataset\Burned Leaf\IMG20250428153246.jpg,Burned Leaf,1103
C:\Users\Fame IT\Videos\rwn\438\Dataset\Dataset\Burned Leaf\IMG20250428153507.jpg,Burned Leaf,1104
C:\Users\Fame IT\Videos\rwn\438\Dataset\Dataset\Burned Leaf\IMG20250428153510.jpg,Burned Leaf,1105
C:\Users\Fame IT\Videos\rwn\438\Dataset\Dataset\Burned Leaf\IMG20250428153512.jpg,Burned Leaf,1106
C:\Users\Fame IT\Videos\rwn\438\Dataset\Dataset\Burned Leaf\IMG20250428153513.jpg,Burned Leaf,1107
C:\Users\Fame IT\Videos\rwn\438\Dataset\Dataset\Burned Leaf\IMG20250428153529.jpg,Burned Leaf,1108
C:\Users\Fame IT\Videos\rwn\438\Dataset\Dataset\Burned Leaf\IMG20250428153544.jpg,Burned Leaf,1109
C:\Users\Fame IT\Videos\rwn\438\Dataset\Dataset\Burned Leaf\IMG20250428153548.jpg,Burned Leaf,1110
C:\Users\Fame IT\Videos\rwn\438\Dataset\Dataset\Burned Leaf\IMG20250428153553.jpg,Burned Leaf,1111
C:\Users\Fame IT\Videos\rwn\438\Dataset\Dataset\Burned Leaf\IMG20250428153558.jpg,Burned Leaf,1112
C:\Users\Fame IT\Videos\rwn\438\Dataset\Dataset\Burned Leaf\IMG20250428153613.jpg,Burned Leaf,1114
C:\Users\Fame IT\Videos\rwn\438\Dataset\Dataset\Burned Leaf\IMG20250428153614.jpg,Burned Leaf,1115
C:\Users\Fame IT\Videos\rwn\438\Dataset\Dataset\Burned Leaf\IMG20250428153617.jpg,Burned Leaf,1115
C:\Users\Fame IT\Videos\rwn\438\Dataset\Dataset\Burned Leaf\IMG20250428153619.jpg,Burned Leaf,1115
C:\Users\Fame IT\Videos\rwn\438\Dataset\Dataset\Burned Leaf\IMG20250428153620.jpg,Burned Leaf,1115
C:\Users\Fame IT\Videos\rwn\438\Dataset\Dataset\Burned Leaf\IMG20250428153621.jpg,Burned Leaf,1116
C:\Users\Fame IT\Videos\rwn\438\Dataset\Dataset\Burned Leaf\IMG20250428153622.jpg,Burned Leaf,1115
C:\Users\Fame IT\Videos\rwn\438\Dataset\Dataset\Burned Leaf\IMG20250428153623.jpg,Burned Leaf,1117
C:\Users\Fame IT\Videos\rwn\438\Dataset\Dataset\Burned Leaf\IMG20250428153626.jpg,Burned Leaf,1118
C:\Users\Fame IT\Videos\rwn\438\Dataset\Dataset\Burned Leaf\IMG20250428153627.jpg,Burned Leaf,1119
C:\Users\Fame IT\Videos\rwn\438\Dataset\Dataset\Burned Leaf\IMG20250428153630.jpg,Burned Leaf,1120
C:\Users\Fame IT\Videos\rwn\438\Dataset\Dataset\Burned Leaf\IMG20250428153632.jpg,Burned Leaf,1122
C:\Users\Fame IT\Videos\rwn\438\Dataset\Dataset\Burned Leaf\IMG20250428153633.jpg,Burned Leaf,1122
C:\Users\Fame IT\Videos\rwn\438\Dataset\Dataset\Burned Leaf\IMG20250428153634.jpg,Burned Leaf,1122
C:\Users\Fame IT\Videos\rwn\438\Dataset\Dataset\Burned Leaf\IMG20250428153635.jpg,Burned Leaf,1122
C:\Users\Fame IT\Videos\rwn\438\Dataset\Dataset\Burned Leaf\IMG20250428153637.jpg,Burned Leaf,1122
C:\Users\Fame IT\Videos\rwn\438\Dataset\Dataset\Burned Leaf\IMG20250428153638.jpg,Burned Leaf,1123
C:\Users\Fame IT\Videos\rwn\438\Dataset\Dataset\Burned Leaf\IMG20250428153639.jpg,Burned Leaf,1122
C:\Users\Fame IT\Videos\rwn\438\Dataset\Dataset\Burned Leaf\IMG20250428153640.jpg,Burned Leaf,1122
C:\Users\Fame IT\Videos\rwn\438\Dataset\Dataset\Burned Leaf\IMG20250428153642.jpg,Burned Leaf,1122
C:\Users\Fame IT\Videos\rwn\438\Dataset\Dataset\Burned Leaf\IMG20250428153643.jpg,Burned Leaf,1122
C:\Users\Fame IT\Videos\rwn\438\Dataset\Dataset\Burned Leaf\IMG20250428153644.jpg,Burned Leaf,1122
C:\Users\Fame IT\Videos\rwn\438\Dataset\Dataset\Burned Leaf\IMG20250428153646.jpg,Burned Leaf,1122
C:\Users\Fame IT\Videos\rwn\438\Dataset\Dataset\Burned Leaf\IMG20250428153647.jpg,Burned Leaf,1122
C:\Users\Fame IT\Videos\rwn\438\Dataset\Dataset\Burned Leaf\IMG20250428153648.jpg,Burned Leaf,1124
C:\Users\Fame IT\Videos\rwn\438\Dataset\Dataset\Burned Leaf\IMG20250428153649.jpg,Burned Leaf,1124
C:\Users\Fame IT\Videos\rwn\438\Dataset\Dataset\Burned Leaf\IMG20250428153650.jpg,Burned Leaf,1125
C:\Users\Fame IT\Videos\rwn\438\Dataset\Dataset\Burned Leaf\IMG20250428153651.jpg,Burned Leaf,1126
C:\Users\Fame IT\Videos\rwn\438\Dataset\Dataset\Burned Leaf\IMG20250428153656.jpg,Burned Leaf,1127
C:\Users\Fame IT\Videos\rwn\438\Dataset\Dataset\Burned Leaf\IMG20250428153658.jpg,Burned Leaf,1128
C:\Users\Fame IT\Videos\rwn\438\Dataset\Dataset\Burned Leaf\IMG20250428153735.jpg,Burned Leaf,1130
C:\Users\Fame IT\Videos\rwn\438\Dataset\Dataset\Burned Leaf\IMG20250428153740.jpg,Burned Leaf,1131
C:\Users\Fame IT\Videos\rwn\438\Dataset\Dataset\Burned Leaf\IMG20250428153743.jpg,Burned Leaf,1132
C:\Users\Fame IT\Videos\rwn\438\Dataset\Dataset\Burned Leaf\IMG20250428153749.jpg,Burned Leaf,1132
C:\Users\Fame IT\Videos\rwn\438\Dataset\Dataset\Burned Leaf\IMG20250428153752.jpg,Burned Leaf,1132
C:\Users\Fame IT\Videos\rwn\438\Dataset\Dataset\Burned Leaf\IMG20250428153753.jpg,Burned Leaf,1132
C:\Users\Fame IT\Videos\rwn\438\Dataset\Dataset\Burned Leaf\IMG20250428153755.jpg,Burned Leaf,1132
C:\Users\Fame IT\Videos\rwn\438\Dataset\Dataset\Burned Leaf\IMG20250428153756.jpg,Burned Leaf,1132
C:\Users\Fame IT\Videos\rwn\438\Dataset\Dataset\Burned Leaf\IMG20250428153757.jpg,Burned Leaf,1132
C:\Users\Fame IT\Videos\rwn\438\Dataset\Dataset\Burned Leaf\IMG20250428153759.jpg,Burned Leaf,1132
C:\Users\Fame IT\Videos\rwn\438\Dataset\Dataset\Burned Leaf\IMG20250428153800.jpg,Burned Leaf,1132
C:\Users\Fame IT\Videos\rwn\438\Dataset\Dataset\Burned Leaf\IMG20250428153802.jpg,Burned Leaf,1132
C:\Users\Fame IT\Videos\rwn\438\Dataset\Dataset\Burned Leaf\IMG20250428153823.jpg,Burned Leaf,1134
C:\Users\Fame IT\Videos\rwn\438\Dataset\Dataset\Burned Leaf\IMG20250428153835.jpg,Burned Leaf,1135
C:\Users\Fame IT\Videos\rwn\438\Dataset\Dataset\Burned Leaf\IMG20250428153836.jpg,Burned Leaf,1136
C:\Users\Fame IT\Videos\rwn\438\Dataset\Dataset\Burned Leaf\IMG20250428153837.jpg,Burned Leaf,1136
C:\Users\Fame IT\Videos\rwn\438\Dataset\Dataset\Burned Leaf\IMG20250428153839.jpg,Burned Leaf,1136
C:\Users\Fame IT\Videos\rwn\438\Dataset\Dataset\Burned Leaf\IMG20250428153840.jpg,Burned Leaf,1136
C:\Users\Fame IT\Videos\rwn\438\Dataset\Dataset\Burned Leaf\IMG20250428153842.jpg,Burned Leaf,1136
C:\Users\Fame IT\Videos\rwn\438\Dataset\Dataset\Burned Leaf\IMG20250428153843.jpg,Burned Leaf,1136
C:\Users\Fame IT\Videos\rwn\438\Dataset\Dataset\Burned Leaf\IMG20250428153844.jpg,Burned Leaf,1137
C:\Users\Fame IT\Videos\rwn\438\Dataset\Dataset\Burned Leaf\IMG20250428153846.jpg,Burned Leaf,1136
C:\Users\Fame IT\Videos\rwn\438\Dataset\Dataset\Burned Leaf\IMG20250428153847.jpg,Burned Leaf,1136
C:\Users\Fame IT\Videos\rwn\438\Dataset\Dataset\Burned Leaf\IMG20250428153848.jpg,Burned Leaf,1136
C:\Users\Fame IT\Videos\rwn\438\Dataset\Dataset\Burned Leaf\IMG20250428153849.jpg,Burned Leaf,1136
C:\Users\Fame IT\Videos\rwn\438\Dataset\Dataset\Burned Leaf\IMG20250428153903.jpg,Burned Leaf,1138
C:\Users\Fame IT\Videos\rwn\438\Dataset\Dataset\Burned Leaf\IMG20250428153905.jpg,Burned Leaf,1138
C:\Users\Fame IT\Videos\rwn\438\Dataset\Dataset\Burned Leaf\IMG20250428153907.jpg,Burned Leaf,1138
C:\Users\Fame IT\Videos\rwn\438\Dataset\Dataset\Burned Leaf\IMG20250428153908.jpg,Burned Leaf,1138
C:\Users\Fame IT\Videos\rwn\438\Dataset\Dataset\Burned Leaf\IMG20250428153909.jpg,Burned Leaf,1138
C:\Users\Fame IT\Videos\rwn\438\Dataset\Dataset\Burned Leaf\IMG20250428153911.jpg,Burned Leaf,1138
C:\Users\Fame IT\Videos\rwn\438\Dataset\Dataset\Burned Leaf\IMG20250428153912.jpg,Burned Leaf,1138
C:\Users\Fame IT\Videos\rwn\438\Dataset\Dataset\Burned Leaf\IMG20250428153913.jpg,Burned Leaf,1138
C:\Users\Fame IT\Videos\rwn\438\Dataset\Dataset\Burned Leaf\IMG20250428153915.jpg,Burned Leaf,1138
C:\Users\Fame IT\Videos\rwn\438\Dataset\Dataset\Burned Leaf\IMG20250428154010.jpg,Burned Leaf,1142
C:\Users\Fame IT\Videos\rwn\438\Dataset\Dataset\Burned Leaf\IMG20250428154012.jpg,Burned Leaf,1143
C:\Users\Fame IT\Videos\rwn\438\Dataset\Dataset\Burned Leaf\IMG20250428154013.jpg,Burned Leaf,1143
C:\Users\Fame IT\Videos\rwn\438\Dataset\Dataset\Burned Leaf\IMG20250428154015.jpg,Burned Leaf,1143
C:\Users\Fame IT\Videos\rwn\438\Dataset\Dataset\Burned Leaf\IMG20250428154016.jpg,Burned Leaf,1143
C:\Users\Fame IT\Videos\rwn\438\Dataset\Dataset\Burned Leaf\IMG20250428154017.jpg,Burned Leaf,1144
C:\Users\Fame IT\Videos\rwn\438\Dataset\Dataset\Burned Leaf\IMG20250428154018.jpg,Burned Leaf,1145
C:\Users\Fame IT\Videos\rwn\438\Dataset\Dataset\Burned Leaf\IMG20250428154019.jpg,Burned Leaf,1145
C:\Users\Fame IT\Videos\rwn\438\Dataset\Dataset\Burned Leaf\IMG20250428154020.jpg,Burned Leaf,1145
C:\Users\Fame IT\Videos\rwn\438\Dataset\Dataset\Burned Leaf\IMG20250428154022.jpg,Burned Leaf,1145
C:\Users\Fame IT\Videos\rwn\438\Dataset\Dataset\Burned Leaf\IMG20250428154023.jpg,Burned Leaf,1145
C:\Users\Fame IT\Videos\rwn\438\Dataset\Dataset\Burned Leaf\IMG20250428154024.jpg,Burned Leaf,1145
C:\Users\Fame IT\Videos\rwn\438\Dataset\Dataset\Burned Leaf\IMG20250428154026.jpg,Burned Leaf,1145
C:\Users\Fame IT\Videos\rwn\438\Dataset\Dataset\Burned Leaf\IMG20250428154027.jpg,Burned Leaf,1145
C:\Users\Fame IT\Videos\rwn\438\Dataset\Dataset\Burned Leaf\IMG20250428154028.jpg,Burned Leaf,1145
C:\Users\Fame IT\Videos\rwn\438\Dataset\Dataset\Burned Leaf\IMG20250428154029.jpg,Burned Leaf,1145
C:\Users\Fame IT\Videos\rwn\438\Dataset\Dataset\Burned Leaf\IMG20250428154030.jpg,Burned Leaf,1145
C:\Users\Fame IT\Videos\rwn\438\Dataset\Dataset\Burned Leaf\IMG20250428154031.jpg,Burned Leaf,1145
C:\Users\Fame IT\Videos\rwn\438\Dataset\Dataset\Burned Leaf\IMG20250428154033.jpg,Burned Leaf,1145
C:\Users\Fame IT\Videos\rwn\438\Dataset\Dataset\Burned Leaf\IMG20250428154034.jpg,Burned Leaf,1145
C:\Users\Fame IT\Videos\rwn\438\Dataset\Dataset\Burned Leaf\IMG20250428154036.jpg,Burned Leaf,1145
C:\Users\Fame IT\Videos\rwn\438\Dataset\Dataset\Burned Leaf\IMG20250428154037.jpg,Burned Leaf,1145
C:\Users\Fame IT\Videos\rwn\438\Dataset\Dataset\Burned Leaf\IMG20250428154040.jpg,Burned Leaf,1145
C:\Users\Fame IT\Videos\rwn\438\Dataset\Dataset\Burned Leaf\IMG20250428154041.jpg,Burned Leaf,1145
C:\Users\Fame IT\Videos\rwn\438\Dataset\Dataset\Burned Leaf\IMG20250428154042.jpg,Burned Leaf,1146
C:\Users\Fame IT\Videos\rwn\438\Dataset\Dataset\Burned Leaf\IMG20250428154043.jpg,Burned Leaf,1146
C:\Users\Fame IT\Videos\rwn\438\Dataset\Dataset\Burned Leaf\IMG20250428154057.jpg,Burned Leaf,1149
C:\Users\Fame IT\Videos\rwn\438\Dataset\Dataset\Burned Leaf\IMG20250428154058.jpg,Burned Leaf,1149
C:\Users\Fame IT\Videos\rwn\438\Dataset\Dataset\Burned Leaf\IMG20250428154106.jpg,Burned Leaf,1151
C:\Users\Fame IT\Videos\rwn\438\Dataset\Dataset\Burned Leaf\IMG20250428154107.jpg,Burned Leaf,1152
C:\Users\Fame IT\Videos\rwn\438\Dataset\Dataset\Burned Leaf\IMG20250428154108.jpg,Burned Leaf,1152
C:\Users\Fame IT\Videos\rwn\438\Dataset\Dataset\Burned Leaf\IMG20250428154109.jpg,Burned Leaf,1152
C:\Users\Fame IT\Videos\rwn\438\Dataset\Dataset\Burned Leaf\IMG20250428154111.jpg,Burned Leaf,1152
C:\Users\Fame IT\Videos\rwn\438\Dataset\Dataset\Burned Leaf\IMG20250428154112.jpg,Burned Leaf,1152
C:\Users\Fame IT\Videos\rwn\438\Dataset\Dataset\Burned Leaf\IMG20250428154113.jpg,Burned Leaf,1152
C:\Users\Fame IT\Videos\rwn\438\Dataset\Dataset\Burned Leaf\IMG20250428154114.jpg,Burned Leaf,1152
C:\Users\Fame IT\Videos\rwn\438\Dataset\Dataset\Burned Leaf\IMG20250428154115.jpg,Burned Leaf,1152
C:\Users\Fame IT\Videos\rwn\438\Dataset\Dataset\Burned Leaf\IMG20250428154116.jpg,Burned Leaf,1152
C:\Users\Fame IT\Videos\rwn\438\Dataset\Dataset\Burned Leaf\IMG20250428154117.jpg,Burned Leaf,1152
C:\Users\Fame IT\Videos\rwn\438\Dataset\Dataset\Burned Leaf\IMG20250428154118.jpg,Burned Leaf,1152
C:\Users\Fame IT\Videos\rwn\438\Dataset\Dataset\Burned Leaf\IMG20250428154120.jpg,Burned Leaf,1152
C:\Users\Fame IT\Videos\rwn\438\Dataset\Dataset\Burned Leaf\IMG20250428154121.jpg,Burned Leaf,1152
C:\Users\Fame IT\Videos\rwn\438\Dataset\Dataset\Burned Leaf\IMG20250428154423.jpg,Burned Leaf,1155
C:\Users\Fame IT\Videos\rwn\438\Dataset\Dataset\Burned Leaf\IMG20250428154424.jpg,Burned Leaf,1156
C:\Users\Fame IT\Videos\rwn\438\Dataset\Dataset\Burned Leaf\IMG20250428154426.jpg,Burned Leaf,1157
C:\Users\Fame IT\Videos\rwn\438\Dataset\Dataset\Burned Leaf\IMG20250428154427.jpg,Burned Leaf,1157
C:\Users\Fame IT\Videos\rwn\438\Dataset\Dataset\Burned Leaf\IMG20250428154428.jpg,Burned Leaf,1157
C:\Users\Fame IT\Videos\rwn\438\Dataset\Dataset\Burned Leaf\IMG20250428154430.jpg,Burned Leaf,1157
C:\Users\Fame IT\Videos\rwn\438\Dataset\Dataset\Burned Leaf\IMG20250428154431.jpg,Burned Leaf,1157
C:\Users\Fame IT\Videos\rwn\438\Dataset\Dataset\Burned Leaf\IMG20250428154432.jpg,Burned Leaf,1157
C:\Users\Fame IT\Videos\rwn\438\Dataset\Dataset\Burned Leaf\IMG20250428154433.jpg,Burned Leaf,1157
C:\Users\Fame IT\Videos\rwn\438\Dataset\Dataset\Burned Leaf\IMG20250428154435.jpg,Burned Leaf,1157
C:\Users\Fame IT\Videos\rwn\438\Dataset\Dataset\Burned Leaf\IMG20250428154436.jpg,Burned Leaf,1158
C:\Users\Fame IT\Videos\rwn\438\Dataset\Dataset\Burned Leaf\IMG20250428154438.jpg,Burned Leaf,1157
C:\Users\Fame IT\Videos\rwn\438\Dataset\Dataset\Burned Leaf\IMG20250428154439.jpg,Burned Leaf,1157
C:\Users\Fame IT\Videos\rwn\438\Dataset\Dataset\Burned Leaf\IMG20250428154440.jpg,Burned Leaf,1157
C:\Users\Fame IT\Videos\rwn\438\Dataset\Dataset\Burned Leaf\IMG20250428154442.jpg,Burned Leaf,1157
C:\Users\Fame IT\Videos\rwn\438\Dataset\Dataset\Burned Leaf\IMG20250428154443.jpg,Burned Leaf,1157
C:\Users\Fame IT\Videos\rwn\438\Dataset\Dataset\Burned Leaf\IMG20250428154444.jpg,Burned Leaf,1157
C:\Users\Fame IT\Videos\rwn\438\Dataset\Dataset\Burned Leaf\IMG20250428154445.jpg,Burned Leaf,1157
C:\Users\Fame IT\Videos\rwn\438\Dataset\Dataset\Burned Leaf\IMG20250428154452.jpg,Burned Leaf,1159
C:\Users\Fame IT\Videos\rwn\438\Dataset\Dataset\Burned Leaf\IMG20250428154453.jpg,Burned Leaf,1159
C:\Users\Fame IT\Videos\rwn\438\Dataset\Dataset\Burned Leaf\IMG20250428154454.jpg,Burned Leaf,1159
C:\Users\Fame IT\Videos\rwn\438\Dataset\Dataset\Burned Leaf\IMG20250428154455.jpg,Burned Leaf,1159
C:\Users\Fame IT\Videos\rwn\438\Dataset\Dataset\Burned Leaf\IMG20250428154457.jpg,Burned Leaf,1159
C:\Users\Fame IT\Videos\rwn\438\Dataset\Dataset\Burned Leaf\IMG20250428154458.jpg,Burned Leaf,1159
C:\Users\Fame IT\Videos\rwn\438\Dataset\Dataset\Burned Leaf\IMG20250428154459.jpg,Burned Leaf,1159
C:\Users\Fame IT\Videos\rwn\438\Dataset\Dataset\Burned Leaf\IMG20250428154500.jpg,Burned Leaf,1159
C:\Users\Fame IT\Videos\rwn\438\Dataset\Dataset\Burned Leaf\IMG20250428154501.jpg,Burned Leaf,1159
C:\Users\Fame IT\Videos\rwn\438\Dataset\Dataset\Burned Leaf\IMG20250428154503.jpg,Burned Leaf,1159
C:\Users\Fame IT\Videos\rwn\438\Dataset\Dataset\Burned Leaf\IMG20250428154504.jpg,Burned Leaf,1159
C:\Users\Fame IT\Videos\rwn\438\Dataset\Dataset\Burned Leaf\IMG20250428154505.jpg,Burned Leaf,1159
C:\Users\Fame IT\Videos\rwn\438\Dataset\Dataset\Burned Leaf\IMG20250428154507.jpg,Burned Leaf,1159
C:\Users\Fame IT\Videos\rwn\438\Dataset\Dataset\Burned Leaf\IMG20250428154508.jpg,Burned Leaf,1159
C:\Users\Fame IT\Videos\rwn\438\Dataset\Dataset\Burned Leaf\IMG20250428154509.jpg,Burned Leaf,1159
C:\Users\Fame IT\Videos\rwn\438\Dataset\Dataset\Burned Leaf\IMG20250428154511.jpg,Burned Leaf,1159
C:\Users\Fame IT\Videos\rwn\438\Dataset\Dataset\Burned Leaf\IMG20250428154512.jpg,Burned Leaf,1159
C:\Users\Fame IT\Videos\rwn\438\Dataset\Dataset\Burned Leaf\IMG20250428154513.jpg,Burned Leaf,1159
C:\Users\Fame IT\Videos\rwn\438\Dataset\Dataset\Burned Leaf\IMG20250428154515.jpg,Burned Leaf,1159
C:\Users\Fame IT\Videos\rwn\438\Dataset\Dataset\Burned Leaf\IMG20250428154517.jpg,Burned Leaf,1159
C:\Users\Fame IT\Videos\rwn\438\Dataset\Dataset\Burned Leaf\IMG20250428154518.jpg,Burned Leaf,1159
C:\Users\Fame IT\Videos\rwn\438\Dataset\Dataset\Burned Leaf\IMG20250428154519.jpg,Burned Leaf,1159
C:\Users\Fame IT\Videos\rwn\438\Dataset\Dataset\Burned Leaf\IMG20250428154552.jpg,Burned Leaf,1163
C:\Users\Fame IT\Videos\rwn\438\Dataset\Dataset\Burned Leaf\IMG20250428154555.jpg,Burned Leaf,1164
C:\Users\Fame IT\Videos\rwn\438\Dataset\Dataset\Burned Leaf\IMG20250428154556.jpg,Burned Leaf,1165
C:\Users\Fame IT\Videos\rwn\438\Dataset\Dataset\Burned Leaf\IMG20250428154557.jpg,Burned Leaf,1165
C:\Users\Fame IT\Videos\rwn\438\Dataset\Dataset\Burned Leaf\IMG20250428154558.jpg,Burned Leaf,1165
C:\Users\Fame IT\Videos\rwn\438\Dataset\Dataset\Burned Leaf\IMG20250428154559.jpg,Burned Leaf,1165
C:\Users\Fame IT\Videos\rwn\438\Dataset\Dataset\Burned Leaf\IMG20250428154601.jpg,Burned Leaf,1165
C:\Users\Fame IT\Videos\rwn\438\Dataset\Dataset\Burned Leaf\IMG20250428154602.jpg,Burned Leaf,1165
C:\Users\Fame IT\Videos\rwn\438\Dataset\Dataset\Burned Leaf\IMG20250428154603.jpg,Burned Leaf,1165
C:\Users\Fame IT\Videos\rwn\438\Dataset\Dataset\Burned Leaf\IMG20250428154604.jpg,Burned Leaf,1165
C:\Users\Fame IT\Videos\rwn\438\Dataset\Dataset\Burned Leaf\IMG20250428154605.jpg,Burned Leaf,1165
C:\Users\Fame IT\Videos\rwn\438\Dataset\Dataset\Burned Leaf\IMG20250428154607.jpg,Burned Leaf,1165
C:\Users\Fame IT\Videos\rwn\438\Dataset\Dataset\Burned Leaf\IMG20250428154609.jpg,Burned Leaf,1165
C:\Users\Fame IT\Videos\rwn\438\Dataset\Dataset\Burned Leaf\IMG20250428154610.jpg,Burned Leaf,1165
C:\Users\Fame IT\Videos\rwn\438\Dataset\Dataset\Burned Leaf\IMG20250428154612.jpg,Burned Leaf,1165
C:\Users\Fame IT\Videos\rwn\438\Dataset\Dataset\Burned Leaf\IMG20250428154613.jpg,Burned Leaf,1165
C:\Users\Fame IT\Videos\rwn\438\Dataset\Dataset\Burned Leaf\IMG20250428154615.jpg,Burned Leaf,1165
C:\Users\Fame IT\Videos\rwn\438\Dataset\Dataset\Burned Leaf\IMG20250428154616.jpg,Burned Leaf,1165
C:\Users\Fame IT\Videos\rwn\438\Dataset\Dataset\Burned Leaf\IMG20250428154617.jpg,Burned Leaf,1165
C:\Users\Fame IT\Videos\rwn\438\Dataset\Dataset\Burned Leaf\IMG20250428154619.jpg,Burned Leaf,1165
C:\Users\Fame IT\Videos\rwn\438\Dataset\Dataset\Burned Leaf\IMG20250428154620.jpg,Burned Leaf,1165
C:\Users\Fame IT\Videos\rwn\438\Dataset\Dataset\Burned Leaf\IMG20250428154621.jpg,Burned Leaf,1165
C:\Users\Fame IT\Videos\rwn\438\Dataset\Dataset\Burned Leaf\IMG20250428154623.jpg,Burned Leaf,1165
C:\Users\Fame IT\Videos\rwn\438\Dataset\Dataset\Burned Leaf\IMG20250428154624.jpg,Burned Leaf,1165
C:\Users\Fame IT\Videos\rwn\438\Dataset\Dataset\Burned Leaf\IMG20250428154625.jpg,Burned Leaf,1165
C:\Users\Fame IT\Videos\rwn\438\Dataset\Dataset\Burned Leaf\IMG20250428154626.jpg,Burned Leaf,1165
C:\Users\Fame IT\Videos\rwn\438\Dataset\Dataset\Burned Leaf\IMG20250428154628.jpg,Burned Leaf,1165
C:\Users\Fame IT\Videos\rwn\438\Dataset\Dataset\Burned Leaf\IMG20250428154629.jpg,Burned Leaf,1165
C:\Users\Fame IT\Videos\rwn\438\Dataset\Dataset\Burned Leaf\IMG20250428154630.jpg,Burned Leaf,1165
C:\Users\Fame IT\Videos\rwn\438\Dataset\Dataset\Burned Leaf\IMG20250428154645.jpg,Burned Leaf,1166
C:\Users\Fame IT\Videos\rwn\438\Dataset\Dataset\Burned Leaf\IMG20250428154646.jpg,Burned Leaf,1167
C:\Users\Fame IT\Videos\rwn\438\Dataset\Dataset\Burned Leaf\IMG20250428154648.jpg,Burned Leaf,1168
C:\Users\Fame IT\Videos\rwn\438\Dataset\Dataset\Burned Leaf\IMG20250428154650.jpg,Burned Leaf,1169
C:\Users\Fame IT\Videos\rwn\438\Dataset\Dataset\Burned Leaf\IMG20250428154758.jpg,Burned Leaf,1172
C:\Users\Fame IT\Videos\rwn\438\Dataset\Dataset\Burned Leaf\IMG20250428154808.jpg,Burned Leaf,1175
C:\Users\Fame IT\Videos\rwn\438\Dataset\Dataset\Burned Leaf\IMG20250428154818.jpg,Burned Leaf,1179
C:\Users\Fame IT\Videos\rwn\438\Dataset\Dataset\Burned Leaf\IMG20250428155227.jpg,Burned Leaf,1180
C:\Users\Fame IT\Videos\rwn\438\Dataset\Dataset\Burned Leaf\IMG20250428155235.jpg,Burned Leaf,1182
C:\Users\Fame IT\Videos\rwn\438\Dataset\Dataset\Burned Leaf\IMG20250428155238.jpg,Burned Leaf,1183
C:\Users\Fame IT\Videos\rwn\438\Dataset\Dataset\Burned Leaf\IMG20250428155243.jpg,Burned Leaf,1186
C:\Users\Fame IT\Videos\rwn\438\Dataset\Dataset\Burned Leaf\IMG20250428155244.jpg,Burned Leaf,1186
C:\Users\Fame IT\Videos\rwn\438\Dataset\Dataset\Burned Leaf\IMG20250428155248.jpg,Burned Leaf,1186
C:\Users\Fame IT\Videos\rwn\438\Dataset\Dataset\Burned Leaf\IMG20250428155259.jpg,Burned Leaf,1188
C:\Users\Fame IT\Videos\rwn\438\Dataset\Dataset\Burned Leaf\IMG20250428155305.jpg,Burned Leaf,1190
C:\Users\Fame IT\Videos\rwn\438\Dataset\Dataset\Burned Leaf\IMG20250428155306.jpg,Burned Leaf,1190
C:\Users\Fame IT\Videos\rwn\438\Dataset\Dataset\Burned Leaf\IMG20250428155307.jpg,Burned Leaf,1190
C:\Users\Fame IT\Videos\rwn\438\Dataset\Dataset\Burned Leaf\IMG20250428155308.jpg,Burned Leaf,1190
C:\Users\Fame IT\Videos\rwn\438\Dataset\Dataset\Burned Leaf\IMG20250428155310.jpg,Burned Leaf,1190
C:\Users\Fame IT\Videos\rwn\438\Dataset\Dataset\Burned Leaf\IMG20250428155311.jpg,Burned Leaf,1190
C:\Users\Fame IT\Videos\rwn\438\Dataset\Dataset\Burned Leaf\IMG20250428155312.jpg,Burned Leaf,1190
C:\Users\Fame IT\Videos\rwn\438\Dataset\Dataset\Burned Leaf\IMG20250428155313.jpg,Burned Leaf,1190
C:\Users\Fame IT\Videos\rwn\438\Dataset\Dataset\Burned Leaf\IMG20250428155314.jpg,Burned Leaf,1190
C:\Users\Fame IT\Videos\rwn\438\Dataset\Dataset\Burned Leaf\IMG20250428155327.jpg,Burned Leaf,1191
C:\Users\Fame IT\Videos\rwn\438\Dataset\Dataset\Burned Leaf\IMG20250428155329.jpg,Burned Leaf,1191
C:\Users\Fame IT\Videos\rwn\438\Dataset\Dataset\Burned Leaf\IMG20250428155330.jpg,Burned Leaf,1191
C:\Users\Fame IT\Videos\rwn\438\Dataset\Dataset\Burned Leaf\IMG20250428155332.jpg,Burned Leaf,1191
C:\Users\Fame IT\Videos\rwn\438\Dataset\Dataset\Burned Leaf\IMG20250428155333.jpg,Burned Leaf,1191
C:\Users\Fame IT\Videos\rwn\438\Dataset\Dataset\Burned Leaf\IMG20250428155335.jpg,Burned Leaf,1191
C:\Users\Fame IT\Videos\rwn\438\Dataset\Dataset\Burned Leaf\IMG20250428155336.jpg,Burned Leaf,1191
C:\Users\Fame IT\Videos\rwn\438\Dataset\Dataset\Burned Leaf\IMG20250428155337.jpg,Burned Leaf,1191
C:\Users\Fame IT\Videos\rwn\438\Dataset\Dataset\Burned Leaf\IMG20250428155338.jpg,Burned Leaf,1191
C:\Users\Fame IT\Videos\rwn\438\Dataset\Dataset\Burned Leaf\IMG20250428155339.jpg,Burned Leaf,1192
C:\Users\Fame IT\Videos\rwn\438\Dataset\Dataset\Burned Leaf\IMG20250428155341.jpg,Burned Leaf,1193
C:\Users\Fame IT\Videos\rwn\438\Dataset\Dataset\Burned Leaf\IMG20250428155342.jpg,Burned Leaf,1191
C:\Users\Fame IT\Videos\rwn\438\Dataset\Dataset\Burned Leaf\IMG20250428155343.jpg,Burned Leaf,1191
C:\Users\Fame IT\Videos\rwn\438\Dataset\Dataset\Burned Leaf\IMG20250428155344.jpg,Burned Leaf,1194
C:\Users\Fame IT\Videos\rwn\438\Dataset\Dataset\Burned Leaf\IMG20250428155346.jpg,Burned Leaf,1191
C:\Users\Fame IT\Videos\rwn\438\Dataset\Dataset\Burned Leaf\IMG20250428155347.jpg,Burned Leaf,1191
C:\Users\Fame IT\Videos\rwn\438\Dataset\Dataset\Burned Leaf\IMG20250428155348.jpg,Burned Leaf,1195
C:\Users\Fame IT\Videos\rwn\438\Dataset\Dataset\Burned Leaf\IMG20250428155349.jpg,Burned Leaf,1191
C:\Users\Fame IT\Videos\rwn\438\Dataset\Dataset\Burned Leaf\IMG20250428155350.jpg,Burned Leaf,1195
C:\Users\Fame IT\Videos\rwn\438\Dataset\Dataset\Burned Leaf\IMG20250428155351.jpg,Burned Leaf,1191
C:\Users\Fame IT\Videos\rwn\438\Dataset\Dataset\Burned Leaf\IMG20250428155352.jpg,Burned Leaf,1191
C:\Users\Fame IT\Videos\rwn\438\Dataset\Dataset\Burned Leaf\IMG20250428155353.jpg,Burned Leaf,1191
C:\Users\Fame IT\Videos\rwn\438\Dataset\Dataset\Burned Leaf\IMG20250428155354.jpg,Burned Leaf,1191
C:\Users\Fame IT\Videos\rwn\438\Dataset\Dataset\Burned Leaf\IMG20250428155355.jpg,Burned Leaf,1191
C:\Users\Fame IT\Videos\rwn\438\Dataset\Dataset\Burned Leaf\IMG20250428155356.jpg,Burned Leaf,1191
C:\Users\Fame IT\Videos\rwn\438\Dataset\Dataset\Burned Leaf\IMG20250428155358.jpg,Burned Leaf,1196
C:\Users\Fame IT\Videos\rwn\438\Dataset\Dataset\Burned Leaf\IMG20250428155358_01.jpg,Burned Leaf,1196
C:\Users\Fame IT\Videos\rwn\438\Dataset\Dataset\Burned Leaf\IMG20250428155359.jpg,Burned Leaf,1193
C:\Users\Fame IT\Videos\rwn\438\Dataset\Dataset\Burned Leaf\IMG20250428155401.jpg,Burned Leaf,1197
C:\Users\Fame IT\Videos\rwn\438\Dataset\Dataset\Burned Leaf\IMG20250428155402.jpg,Burned Leaf,1198
C:\Users\Fame IT\Videos\rwn\438\Dataset\Dataset\Burned Leaf\IMG20250428155404.jpg,Burned Leaf,1198
C:\Users\Fame IT\Videos\rwn\438\Dataset\Dataset\Burned Leaf\IMG20250428155406.jpg,Burned Leaf,1200
C:\Users\Fame IT\Videos\rwn\438\Dataset\Dataset\Burned Leaf\IMG20250428155409.jpg,Burned Leaf,1202
C:\Users\Fame IT\Videos\rwn\438\Dataset\Dataset\Burned Leaf\IMG20250428155410.jpg,Burned Leaf,1202
C:\Users\Fame IT\Videos\rwn\438\Dataset\Dataset\Burned Leaf\IMG20250428155411.jpg,Burned Leaf,1202
C:\Users\Fame IT\Videos\rwn\438\Dataset\Dataset\Burned Leaf\IMG20250428155412.jpg,Burned Leaf,1202
C:\Users\Fame IT\Videos\rwn\438\Dataset\Dataset\Burned Leaf\IMG20250428155415.jpg,Burned Leaf,1205
C:\Users\Fame IT\Videos\rwn\438\Dataset\Dataset\Burned Leaf\IMG20250428155417.jpg,Burned Leaf,1205
C:\Users\Fame IT\Videos\rwn\438\Dataset\Dataset\Burned Leaf\IMG20250428155418.jpg,Burned Leaf,1205
C:\Users\Fame IT\Videos\rwn\438\Dataset\Dataset\Burned Leaf\IMG20250428155419.jpg,Burned Leaf,1205
C:\Users\Fame IT\Videos\rwn\438\Dataset\Dataset\Burned Leaf\IMG20250428155420.jpg,Burned Leaf,1205
C:\Users\Fame IT\Videos\rwn\438\Dataset\Dataset\Burned Leaf\IMG20250428155421.jpg,Burned Leaf,1205
C:\Users\Fame IT\Videos\rwn\438\Dataset\Dataset\Burned Leaf\IMG20250428155431.jpg,Burned Leaf,1206
C:\Users\Fame IT\Videos\rwn\438\Dataset\Dataset\Burned Leaf\IMG20250428155456.jpg,Burned Leaf,1207
C:\Users\Fame IT\Videos\rwn\438\Dataset\Dataset\Burned Leaf\IMG20250428155534.jpg,Burned Leaf,1212
C:\Users\Fame IT\Videos\rwn\438\Dataset\Dataset\Burned Leaf\IMG20250428155603.jpg,Burned Leaf,1214
C:\Users\Fame IT\Videos\rwn\438\Dataset\Dataset\Burned Leaf\IMG20250428155605.jpg,Burned Leaf,1215
C:\Users\Fame IT\Videos\rwn\438\Dataset\Dataset\Burned Leaf\IMG20250428155606.jpg,Burned Leaf,1216
C:\Users\Fame IT\Videos\rwn\438\Dataset\Dataset\Burned Leaf\IMG20250428155607.jpg,Burned Leaf,1216
C:\Users\Fame IT\Videos\rwn\438\Dataset\Dataset\Burned Leaf\IMG20250428155608.jpg,Burned Leaf,1216
C:\Users\Fame IT\Videos\rwn\438\Dataset\Dataset\Burned Leaf\IMG20250428155609.jpg,Burned Leaf,1216
C:\Users\Fame IT\Videos\rwn\438\Dataset\Dataset\Burned Leaf\IMG20250428155612.jpg,Burned Leaf,1216
C:\Users\Fame IT\Videos\rwn\438\Dataset\Dataset\Burned Leaf\IMG20250428155613.jpg,Burned Leaf,1216
C:\Users\Fame IT\Videos\rwn\438\Dataset\Dataset\Burned Leaf\IMG20250428155615.jpg,Burned Leaf,1218
C:\Users\Fame IT\Videos\rwn\438\Dataset\Dataset\Burned Leaf\IMG20250428155616.jpg,Burned Leaf,1216
C:\Users\Fame IT\Videos\rwn\438\Dataset\Dataset\Burned Leaf\IMG20250428155618.jpg,Burned Leaf,1219
C:\Users\Fame IT\Videos\rwn\438\Dataset\Dataset\Burned Leaf\IMG20250428155619.jpg,Burned Leaf,1219
C:\Users\Fame IT\Videos\rwn\438\Dataset\Dataset\Burned Leaf\IMG20250428155620.jpg,Burned Leaf,1219
C:\Users\Fame IT\Videos\rwn\438\Dataset\Dataset\Burned Leaf\IMG20250428155621.jpg,Burned Leaf,1219
C:\Users\Fame IT\Videos\rwn\438\Dataset\Dataset\Burned Leaf\IMG20250428155623.jpg,Burned Leaf,1219
C:\Users\Fame IT\Videos\rwn\438\Dataset\Dataset\Burned Leaf\IMG20250428155624.jpg,Burned Leaf,1219
C:\Users\Fame IT\Videos\rwn\438\Dataset\Dataset\Burned Leaf\IMG20250428155625.jpg,Burned Leaf,1219
C:\Users\Fame IT\Videos\rwn\438\Dataset\Dataset\Burned Leaf\IMG20250428155627.jpg,Burned Leaf,1219
C:\Users\Fame IT\Videos\rwn\438\Dataset\Dataset\Burned Leaf\IMG20250428155745.jpg,Burned Leaf,1220
C:\Users\Fame IT\Videos\rwn\438\Dataset\Dataset\Burned Leaf\IMG20250428155747.jpg,Burned Leaf,1221
C:\Users\Fame IT\Videos\rwn\438\Dataset\Dataset\Burned Leaf\IMG20250428155757.jpg,Burned Leaf,1222
C:\Users\Fame IT\Videos\rwn\438\Dataset\Dataset\Burned Leaf\IMG20250428155758.jpg,Burned Leaf,1222
C:\Users\Fame IT\Videos\rwn\438\Dataset\Dataset\Burned Leaf\IMG20250428155805.jpg,Burned Leaf,1224
C:\Users\Fame IT\Videos\rwn\438\Dataset\Dataset\Burned Leaf\IMG20250428155806.jpg,Burned Leaf,1224
C:\Users\Fame IT\Videos\rwn\438\Dataset\Dataset\Burned Leaf\IMG20250428155807.jpg,Burned Leaf,1224
C:\Users\Fame IT\Videos\rwn\438\Dataset\Dataset\Burned Leaf\IMG20250428155810.jpg,Burned Leaf,1225
C:\Users\Fame IT\Videos\rwn\438\Dataset\Dataset\Burned Leaf\IMG20250428155814.jpg,Burned Leaf,1227
C:\Users\Fame IT\Videos\rwn\438\Dataset\Dataset\Burned Leaf\IMG20250428155815.jpg,Burned Leaf,1227
C:\Users\Fame IT\Videos\rwn\438\Dataset\Dataset\Burned Leaf\IMG20250428155816.jpg,Burned Leaf,1228
C:\Users\Fame IT\Videos\rwn\438\Dataset\Dataset\Burned Leaf\IMG20250428155818.jpg,Burned Leaf,1229
C:\Users\Fame IT\Videos\rwn\438\Dataset\Dataset\Burned Leaf\IMG20250428155819.jpg,Burned Leaf,1230
C:\Users\Fame IT\Videos\rwn\438\Dataset\Dataset\Burned Leaf\IMG20250428155820.jpg,Burned Leaf,1231
C:\Users\Fame IT\Videos\rwn\438\Dataset\Dataset\Burned Leaf\IMG20250428155824.jpg,Burned Leaf,1232
C:\Users\Fame IT\Videos\rwn\438\Dataset\Dataset\Burned Leaf\IMG20250428155825.jpg,Burned Leaf,1233
C:\Users\Fame IT\Videos\rwn\438\Dataset\Dataset\Burned Leaf\IMG20250428155827.jpg,Burned Leaf,1235
C:\Users\Fame IT\Videos\rwn\438\Dataset\Dataset\Burned Leaf\IMG20250428155829.jpg,Burned Leaf,1233
C:\Users\Fame IT\Videos\rwn\438\Dataset\Dataset\Burned Leaf\IMG20250428155831.jpg,Burned Leaf,1236
C:\Users\Fame IT\Videos\rwn\438\Dataset\Dataset\Burned Leaf\IMG20250428155832.jpg,Burned Leaf,1237
C:\Users\Fame IT\Videos\rwn\438\Dataset\Dataset\Burned Leaf\IMG20250428155853.jpg,Burned Leaf,1238
C:\Users\Fame IT\Videos\rwn\438\Dataset\Dataset\Burned Leaf\IMG20250428155854.jpg,Burned Leaf,1239
C:\Users\Fame IT\Videos\rwn\438\Dataset\Dataset\Burned Leaf\IMG20250428155856.jpg,Burned Leaf,1239
C:\Users\Fame IT\Videos\rwn\438\Dataset\Dataset\Burned Leaf\IMG20250428155857.jpg,Burned Leaf,1239
C:\Users\Fame IT\Videos\rwn\438\Dataset\Dataset\Burned Leaf\IMG20250428155858.jpg,Burned Leaf,1239
C:\Users\Fame IT\Videos\rwn\438\Dataset\Dataset\Burned Leaf\IMG20250428155859.jpg,Burned Leaf,1239
C:\Users\Fame IT\Videos\rwn\438\Dataset\Dataset\Burned Leaf\IMG20250428155901.jpg,Burned Leaf,1239
C:\Users\Fame IT\Videos\rwn\438\Dataset\Dataset\Burned Leaf\IMG20250428155902.jpg,Burned Leaf,1239
C:\Users\Fame IT\Videos\rwn\438\Dataset\Dataset\Burned Leaf\IMG20250428155904.jpg,Burned Leaf,1239
C:\Users\Fame IT\Videos\rwn\438\Dataset\Dataset\Burned Leaf\IMG20250428155905.jpg,Burned Leaf,1239
C:\Users\Fame IT\Videos\rwn\438\Dataset\Dataset\Burned Leaf\IMG20250428155934.jpg,Burned Leaf,1241
C:\Users\Fame IT\Videos\rwn\438\Dataset\Dataset\Burned Leaf\IMG20250428160006.jpg,Burned Leaf,1244
C:\Users\Fame IT\Videos\rwn\438\Dataset\Dataset\Burned Leaf\IMG20250428160008.jpg,Burned Leaf,1245
C:\Users\Fame IT\Videos\rwn\438\Dataset\Dataset\Burned Leaf\IMG20250428160023.jpg,Burned Leaf,1247
C:\Users\Fame IT\Videos\rwn\438\Dataset\Dataset\Burned Leaf\IMG20250428160045.jpg,Burned Leaf,1250
C:\Users\Fame IT\Videos\rwn\438\Dataset\Dataset\Burned Leaf\IMG20250428160046.jpg,Burned Leaf,1251
C:\Users\Fame IT\Videos\rwn\438\Dataset\Dataset\Burned Leaf\IMG20250428160049.jpg,Burned Leaf,1252
C:\Users\Fame IT\Videos\rwn\438\Dataset\Dataset\Burned Leaf\IMG20250428160050.jpg,Burned Leaf,1253
C:\Users\Fame IT\Videos\rwn\438\Dataset\Dataset\Burned Leaf\IMG20250428160054.jpg,Burned Leaf,1256
C:\Users\Fame IT\Videos\rwn\438\Dataset\Dataset\Burned Leaf\IMG20250428160055.jpg,Burned Leaf,1256
C:\Users\Fame IT\Videos\rwn\438\Dataset\Dataset\Burned Leaf\IMG20250428160057.jpg,Burned Leaf,1256
C:\Users\Fame IT\Videos\rwn\438\Dataset\Dataset\Burned Leaf\IMG20250428160058.jpg,Burned Leaf,1256
C:\Users\Fame IT\Videos\rwn\438\Dataset\Dataset\Burned Leaf\IMG20250428160059.jpg,Burned Leaf,1256
C:\Users\Fame IT\Videos\rwn\438\Dataset\Dataset\Burned Leaf\IMG20250428160100.jpg,Burned Leaf,1256
C:\Users\Fame IT\Videos\rwn\438\Dataset\Dataset\Burned Leaf\IMG20250428160102.jpg,Burned Leaf,1256
C:\Users\Fame IT\Videos\rwn\438\Dataset\Dataset\Burned Leaf\IMG20250428160104.jpg,Burned Leaf,1256
C:\Users\Fame IT\Videos\rwn\438\Dataset\Dataset\Burned Leaf\IMG20250428160105.jpg,Burned Leaf,1256
C:\Users\Fame IT\Videos\rwn\438\Dataset\Dataset\Burned Leaf\IMG20250428160106.jpg,Burned Leaf,1256
C:\Users\Fame IT\Videos\rwn\438\Dataset\Dataset\Burned Leaf\IMG20250428160107.jpg,Burned Leaf,1256
C:\Users\Fame IT\Videos\rwn\438\Dataset\Dataset\Burned Leaf\IMG20250428160109.jpg,Burned Leaf,1256
C:\Users\Fame IT\Videos\rwn\438\Dataset\Dataset\Burned Leaf\IMG20250428160118.jpg,Burned Leaf,1257
C:\Users\Fame IT\Videos\rwn\438\Dataset\Dataset\Burned Leaf\IMG20250428160119.jpg,Burned Leaf,1258
C:\Users\Fame IT\Videos\rwn\438\Dataset\Dataset\Burned Leaf\IMG20250428160120.jpg,Burned Leaf,1259
C:\Users\Fame IT\Videos\rwn\438\Dataset\Dataset\Burned Leaf\IMG20250428160122.jpg,Burned Leaf,1259
C:\Users\Fame IT\Videos\rwn\438\Dataset\Dataset\Burned Leaf\IMG20250428160123.jpg,Burned Leaf,1259
C:\Users\Fame IT\Videos\rwn\438\Dataset\Dataset\Burned Leaf\IMG20250428160126.jpg,Burned Leaf,1261
C:\Users\Fame IT\Videos\rwn\438\Dataset\Dataset\Burned Leaf\IMG20250428160127.jpg,Burned Leaf,1261
C:\Users\Fame IT\Videos\rwn\438\Dataset\Dataset\Burned Leaf\IMG20250428160128.jpg,Burned Leaf,1261
C:\Users\Fame IT\Videos\rwn\438\Dataset\Dataset\Burned Leaf\IMG20250428160130.jpg,Burned Leaf,1261
C:\Users\Fame IT\Videos\rwn\438\Dataset\Dataset\Burned Leaf\IMG20250428160131.jpg,Burned Leaf,1261
C:\Users\Fame IT\Videos\rwn\438\Dataset\Dataset\Burned Leaf\IMG20250428160132.jpg,Burned Leaf,1261
C:\Users\Fame IT\Videos\rwn\438\Dataset\Dataset\Burned Leaf\IMG20250428160134.jpg,Burned Leaf,1261
C:\Users\Fame IT\Videos\rwn\438\Dataset\Dataset\Burned Leaf\IMG20250428160135.jpg,Burned Leaf,1261
C:\Users\Fame IT\Videos\rwn\438\Dataset\Dataset\Burned Leaf\IMG20250428160136.jpg,Burned Leaf,1261
C:\Users\Fame IT\Videos\rwn\438\Dataset\Dataset\Burned Leaf\IMG20250428160142.jpg,Burned Leaf,1263
C:\Users\Fame IT\Videos\rwn\438\Dataset\Dataset\Burned Leaf\IMG20250428160143.jpg,Burned Leaf,1263
C:\Users\Fame IT\Videos\rwn\438\Dataset\Dataset\Burned Leaf\IMG20250428160145.jpg,Burned Leaf,1264
C:\Users\Fame IT\Videos\rwn\438\Dataset\Dataset\Burned Leaf\IMG20250428160146.jpg,Burned Leaf,1264
C:\Users\Fame IT\Videos\rwn\438\Dataset\Dataset\Burned Leaf\IMG20250428160148.jpg,Burned Leaf,1264
C:\Users\Fame IT\Videos\rwn\438\Dataset\Dataset\Burned Leaf\IMG20250428160150.jpg,Burned Leaf,1264
C:\Users\Fame IT\Videos\rwn\438\Dataset\Dataset\Burned Leaf\IMG20250428160151.jpg,Burned Leaf,1264
C:\Users\Fame IT\Videos\rwn\438\Dataset\Dataset\Burned Leaf\IMG20250428160152.jpg,Burned Leaf,1265
C:\Users\Fame IT\Videos\rwn\438\Dataset\Dataset\Burned Leaf\IMG20250428160154.jpg,Burned Leaf,1265
C:\Users\Fame IT\Videos\rwn\438\Dataset\Dataset\Burned Leaf\IMG20250428160155.jpg,Burned Leaf,1266
C:\Users\Fame IT\Videos\rwn\438\Dataset\Dataset\Burned Leaf\IMG20250428160157.jpg,Burned Leaf,1266
C:\Users\Fame IT\Videos\rwn\438\Dataset\Dataset\Burned Leaf\IMG20250428160158.jpg,Burned Leaf,1266
C:\Users\Fame IT\Videos\rwn\438\Dataset\Dataset\Burned Leaf\IMG20250428160159.jpg,Burned Leaf,1266
C:\Users\Fame IT\Videos\rwn\438\Dataset\Dataset\Burned Leaf\IMG20250428160200.jpg,Burned Leaf,1266
C:\Users\Fame IT\Videos\rwn\438\Dataset\Dataset\Burned Leaf\IMG20250428160202.jpg,Burned Leaf,1266
C:\Users\Fame IT\Videos\rwn\438\Dataset\Dataset\Burned Leaf\IMG20250428160203.jpg,Burned Leaf,1266
C:\Users\Fame IT\Videos\rwn\438\Dataset\Dataset\Burned Leaf\IMG20250428160205.jpg,Burned Leaf,1266
C:\Users\Fame IT\Videos\rwn\438\Dataset\Dataset\Burned Leaf\IMG20250428160206.jpg,Burned Leaf,1266
C:\Users\Fame IT\Videos\rwn\438\Dataset\Dataset\Burned Leaf\IMG20250428160207.jpg,Burned Leaf,1266
C:\Users\Fame IT\Videos\rwn\438\Dataset\Dataset\Burned Leaf\IMG20250428160212.jpg,Burned Leaf,1267
C:\Users\Fame IT\Videos\rwn\438\Dataset\Dataset\Burned Leaf\IMG20250428160213.jpg,Burned Leaf,1268
C:\Users\Fame IT\Videos\rwn\438\Dataset\Dataset\Burned Leaf\IMG20250428160217.jpg,Burned Leaf,1270
C:\Users\Fame IT\Videos\rwn\438\Dataset\Dataset\Burned Leaf\IMG20250428160221.jpg,Burned Leaf,1271
C:\Users\Fame IT\Videos\rwn\438\Dataset\Dataset\Burned Leaf\IMG20250428160234.jpg,Burned Leaf,1273
C:\Users\Fame IT\Videos\rwn\438\Dataset\Dataset\Burned Leaf\IMG20250428160235.jpg,Burned Leaf,1274
C:\Users\Fame IT\Videos\rwn\438\Dataset\Dataset\Burned Leaf\IMG20250428160241.jpg,Burned Leaf,1277
C:\Users\Fame IT\Videos\rwn\438\Dataset\Dataset\Burned Leaf\IMG20250428160242.jpg,Burned Leaf,1277
C:\Users\Fame IT\Videos\rwn\438\Dataset\Dataset\Burned Leaf\IMG20250428160244.jpg,Burned Leaf,1277
C:\Users\Fame IT\Videos\rwn\438\Dataset\Dataset\Burned Leaf\IMG20250428160245.jpg,Burned Leaf,1277
C:\Users\Fame IT\Videos\rwn\438\Dataset\Dataset\Burned Leaf\IMG20250428160247.jpg,Burned Leaf,1277
C:\Users\Fame IT\Videos\rwn\438\Dataset\Dataset\Burned Leaf\IMG20250428160248.jpg,Burned Leaf,1278
C:\Users\Fame IT\Videos\rwn\438\Dataset\Dataset\Burned Leaf\IMG20250428171652.jpg,Burned Leaf,1279
C:\Users\Fame IT\Videos\rwn\438\Dataset\Dataset\Burned Leaf\IMG20250428171654.jpg,Burned Leaf,1280
C:\Users\Fame IT\Videos\rwn\438\Dataset\Dataset\Burned Leaf\IMG20250428171700.jpg,Burned Leaf,1281
C:\Users\Fame IT\Videos\rwn\438\Dataset\Dataset\Burned Leaf\IMG20250428171708.jpg,Burned Leaf,1282
C:\Users\Fame IT\Videos\rwn\438\Dataset\Dataset\Burned Leaf\IMG20250428171710.jpg,Burned Leaf,1283
C:\Users\Fame IT\Videos\rwn\438\Dataset\Dataset\Burned Leaf\IMG20250428171711.jpg,Burned Leaf,1283
C:\Users\Fame IT\Videos\rwn\438\Dataset\Dataset\Burned Leaf\IMG20250428171713.jpg,Burned Leaf,1284
C:\Users\Fame IT\Videos\rwn\438\Dataset\Dataset\Burned Leaf\IMG20250428171714.jpg,Burned Leaf,1285
C:\Users\Fame IT\Videos\rwn\438\Dataset\Dataset\Burned Leaf\IMG20250428171717.jpg,Burned Leaf,1286
C:\Users\Fame IT\Videos\rwn\438\Dataset\Dataset\Burned Leaf\IMG20250428171734.jpg,Burned Leaf,1287
C:\Users\Fame IT\Videos\rwn\438\Dataset\Dataset\Burned Leaf\IMG20250428171740.jpg,Burned Leaf,1289
C:\Users\Fame IT\Videos\rwn\438\Dataset\Dataset\Burned Leaf\IMG20250428171801.jpg,Burned Leaf,1290
C:\Users\Fame IT\Videos\rwn\438\Dataset\Dataset\Burned Leaf\IMG20250428171805.jpg,Burned Leaf,1291
C:\Users\Fame IT\Videos\rwn\438\Dataset\Dataset\Burned Leaf\IMG20250428171809.jpg,Burned Leaf,1291
C:\Users\Fame IT\Videos\rwn\438\Dataset\Dataset\Burned Leaf\IMG20250428171811.jpg,Burned Leaf,1291
C:\Users\Fame IT\Videos\rwn\438\Dataset\Dataset\Burned Leaf\IMG20250428171820.jpg,Burned Leaf,1292
C:\Users\Fame IT\Videos\rwn\438\Dataset\Dataset\Burned Leaf\IMG20250428171823.jpg,Burned Leaf,1293
C:\Users\Fame IT\Videos\rwn\438\Dataset\Dataset\Burned Leaf\IMG20250428171824.jpg,Burned Leaf,1293
C:\Users\Fame IT\Videos\rwn\438\Dataset\Dataset\Burned Leaf\IMG20250428171825.jpg,Burned Leaf,1293
C:\Users\Fame IT\Videos\rwn\438\Dataset\Dataset\Burned Leaf\IMG20250428171828.jpg,Burned Leaf,1294
C:\Users\Fame IT\Videos\rwn\438\Dataset\Dataset\Burned Leaf\IMG20250428171836.jpg,Burned Leaf,1296
C:\Users\Fame IT\Videos\rwn\438\Dataset\Dataset\Burned Leaf\IMG20250428171837.jpg,Burned Leaf,1296
C:\Users\Fame IT\Videos\rwn\438\Dataset\Dataset\Burned Leaf\IMG20250428171838.jpg,Burned Leaf,1296
C:\Users\Fame IT\Videos\rwn\438\Dataset\Dataset\Burned Leaf\IMG20250428171840.jpg,Burned Leaf,1296
C:\Users\Fame IT\Videos\rwn\438\Dataset\Dataset\Burned Leaf\IMG20250428171854.jpg,Burned Leaf,1297
C:\Users\Fame IT\Videos\rwn\438\Dataset\Dataset\Burned Leaf\IMG20250428171857.jpg,Burned Leaf,1299
C:\Users\Fame IT\Videos\rwn\438\Dataset\Dataset\Burned Leaf\IMG20250428171903.jpg,Burned Leaf,1300
C:\Users\Fame IT\Videos\rwn\438\Dataset\Dataset\Burned Leaf\IMG20250428171904.jpg,Burned Leaf,1300
C:\Users\Fame IT\Videos\rwn\438\Dataset\Dataset\Burned Leaf\IMG20250428171905.jpg,Burned Leaf,1301
C:\Users\Fame IT\Videos\rwn\438\Dataset\Dataset\Burned Leaf\IMG20250428171906.jpg,Burned Leaf,1302
C:\Users\Fame IT\Videos\rwn\438\Dataset\Dataset\Burned Leaf\IMG20250428171908.jpg,Burned Leaf,1302
C:\Users\Fame IT\Videos\rwn\438\Dataset\Dataset\Burned Leaf\IMG20250428171914.jpg,Burned Leaf,1303
C:\Users\Fame IT\Videos\rwn\438\Dataset\Dataset\Burned Leaf\IMG20250428171915.jpg,Burned Leaf,1304
C:\Users\Fame IT\Videos\rwn\438\Dataset\Dataset\Burned Leaf\IMG20250428171917.jpg,Burned Leaf,1306
C:\Users\Fame IT\Videos\rwn\438\Dataset\Dataset\Burned Leaf\IMG20250428171919.jpg,Burned Leaf,1307
C:\Users\Fame IT\Videos\rwn\438\Dataset\Dataset\Burned Leaf\IMG20250428171920.jpg,Burned Leaf,1307
C:\Users\Fame IT\Videos\rwn\438\Dataset\Dataset\Burned Leaf\IMG20250428171940.jpg,Burned Leaf,1309
C:\Users\Fame IT\Videos\rwn\438\Dataset\Dataset\Burned Leaf\IMG20250428172012.jpg,Burned Leaf,1311
C:\Users\Fame IT\Videos\rwn\438\Dataset\Dataset\Burned Leaf\IMG20250428172015.jpg,Burned Leaf,1312
C:\Users\Fame IT\Videos\rwn\438\Dataset\Dataset\Burned Leaf\IMG20250428172038.jpg,Burned Leaf,1315
C:\Users\Fame IT\Videos\rwn\438\Dataset\Dataset\Burned Leaf\IMG20250428172040.jpg,Burned Leaf,1316
C:\Users\Fame IT\Videos\rwn\438\Dataset\Dataset\Burned Leaf\IMG20250428172043.jpg,Burned Leaf,1316
C:\Users\Fame IT\Videos\rwn\438\Dataset\Dataset\Burned Leaf\IMG20250428172046.jpg,Burned Leaf,1316
C:\Users\Fame IT\Videos\rwn\438\Dataset\Dataset\Burned Leaf\IMG20250428172048.jpg,Burned Leaf,1316
C:\Users\Fame IT\Videos\rwn\438\Dataset\Dataset\Burned Leaf\IMG20250428172105.jpg,Burned Leaf,1317
C:\Users\Fame IT\Videos\rwn\438\Dataset\Dataset\Burned Leaf\IMG20250428172133.jpg,Burned Leaf,1319
C:\Users\Fame IT\Videos\rwn\438\Dataset\Dataset\Burned Leaf\IMG20250428172136.jpg,Burned Leaf,1320
C:\Users\Fame IT\Videos\rwn\438\Dataset\Dataset\Burned Leaf\IMG20250428172138.jpg,Burned Leaf,1321
C:\Users\Fame IT\Videos\rwn\438\Dataset\Dataset\Burned Leaf\IMG20250428172141.jpg,Burned Leaf,1321
C:\Users\Fame IT\Videos\rwn\438\Dataset\Dataset\Burned Leaf\IMG20250428172143.jpg,Burned Leaf,1321
C:\Users\Fame IT\Videos\rwn\438\Dataset\Dataset\Burned Leaf\IMG20250428172144.jpg,Burned Leaf,1321
C:\Users\Fame IT\Videos\rwn\438\Dataset\Dataset\Burned Leaf\IMG20250428172145.jpg,Burned Leaf,1321
C:\Users\Fame IT\Videos\rwn\438\Dataset\Dataset\Burned Leaf\IMG20250428172147.jpg,Burned Leaf,1321
C:\Users\Fame IT\Videos\rwn\438\Dataset\Dataset\Burned Leaf\IMG20250428172200.jpg,Burned Leaf,1322
C:\Users\Fame IT\Videos\rwn\438\Dataset\Dataset\Burned Leaf\IMG20250428172202.jpg,Burned Leaf,1323
C:\Users\Fame IT\Videos\rwn\438\Dataset\Dataset\Burned Leaf\IMG20250428172203.jpg,Burned Leaf,1323
C:\Users\Fame IT\Videos\rwn\438\Dataset\Dataset\Burned Leaf\IMG20250428172217.jpg,Burned Leaf,1324
C:\Users\Fame IT\Videos\rwn\438\Dataset\Dataset\Burned Leaf\IMG20250428172224.jpg,Burned Leaf,1325
C:\Users\Fame IT\Videos\rwn\438\Dataset\Dataset\Burned Leaf\IMG20250428172226.jpg,Burned Leaf,1325
C:\Users\Fame IT\Videos\rwn\438\Dataset\Dataset\Burned Leaf\IMG20250428172229.jpg,Burned Leaf,1325
C:\Users\Fame IT\Videos\rwn\438\Dataset\Dataset\Burned Leaf\IMG20250428172240.jpg,Burned Leaf,1326
C:\Users\Fame IT\Videos\rwn\438\Dataset\Dataset\Burned Leaf\IMG20250428172250.jpg,Burned Leaf,1328
C:\Users\Fame IT\Videos\rwn\438\Dataset\Dataset\Burned Leaf\IMG20250428172255.jpg,Burned Leaf,1330
C:\Users\Fame IT\Videos\rwn\438\Dataset\Dataset\Burned Leaf\IMG20250428172256.jpg,Burned Leaf,1331
C:\Users\Fame IT\Videos\rwn\438\Dataset\Dataset\Burned Leaf\IMG20250428172314.jpg,Burned Leaf,1332
C:\Users\Fame IT\Videos\rwn\438\Dataset\Dataset\Burned Leaf\IMG20250603165117.jpg,Burned Leaf,1334
C:\Users\Fame IT\Videos\rwn\438\Dataset\Dataset\Burned Leaf\IMG20250603165127.jpg,Burned Leaf,1335
C:\Users\Fame IT\Videos\rwn\438\Dataset\Dataset\Burned Leaf\IMG20250603165147.jpg,Burned Leaf,1337
C:\Users\Fame IT\Videos\rwn\438\Dataset\Dataset\Burned Leaf\IMG20250603165155.jpg,Burned Leaf,1338
C:\Users\Fame IT\Videos\rwn\438\Dataset\Dataset\Burned Leaf\IMG20250603165215.jpg,Burned Leaf,1342
C:\Users\Fame IT\Videos\rwn\438\Dataset\Dataset\Burned Leaf\IMG20250603165219.jpg,Burned Leaf,1343
C:\Users\Fame IT\Videos\rwn\438\Dataset\Dataset\Burned Leaf\IMG20250603165224.jpg,Burned Leaf,1344
C:\Users\Fame IT\Videos\rwn\438\Dataset\Dataset\Burned Leaf\IMG20250603165237.jpg,Burned Leaf,1345
C:\Users\Fame IT\Videos\rwn\438\Dataset\Dataset\Burned Leaf\IMG20250603165249.jpg,Burned Leaf,1347
C:\Users\Fame IT\Videos\rwn\438\Dataset\Dataset\Burned Leaf\IMG20250603165254.jpg,Burned Leaf,1348
C:\Users\Fame IT\Videos\rwn\438\Dataset\Dataset\Burned Leaf\IMG20250603165300.jpg,Burned Leaf,1349
C:\Users\Fame IT\Videos\rwn\438\Dataset\Dataset\Burned Leaf\IMG20250603165304.jpg,Burned Leaf,1350
C:\Users\Fame IT\Videos\rwn\438\Dataset\Dataset\Burned Leaf\IMG20250603165314.jpg,Burned Leaf,1352
C:\Users\Fame IT\Videos\rwn\438\Dataset\Dataset\Burned Leaf\IMG20250603165328.jpg,Burned Leaf,1355
C:\Users\Fame IT\Videos\rwn\438\Dataset\Dataset\Burned Leaf\IMG20250603165333.jpg,Burned Leaf,1356
C:\Users\Fame IT\Videos\rwn\438\Dataset\Dataset\Burned Leaf\IMG20250603165342.jpg,Burned Leaf,1358
C:\Users\Fame IT\Videos\rwn\438\Dataset\Dataset\Burned Leaf\IMG20250603165356.jpg,Burned Leaf,1360
C:\Users\Fame IT\Videos\rwn\438\Dataset\Dataset\Burned Leaf\IMG20250603165405.jpg,Burned Leaf,1361
C:\Users\Fame IT\Videos\rwn\438\Dataset\Dataset\Burned Leaf\IMG20250603165409.jpg,Burned Leaf,1362
C:\Users\Fame IT\Videos\rwn\438\Dataset\Dataset\Burned Leaf\IMG20250603165412.jpg,Burned Leaf,1363
C:\Users\Fame IT\Videos\rwn\438\Dataset\Dataset\Burned Leaf\IMG20250603165419.jpg,Burned Leaf,1364
C:\Users\Fame IT\Videos\rwn\438\Dataset\Dataset\Burned Leaf\IMG20250603165426.jpg,Burned Leaf,1365
C:\Users\Fame IT\Videos\rwn\438\Dataset\Dataset\Burned Leaf\IMG20250603165430.jpg,Burned Leaf,1366
C:\Users\Fame IT\Videos\rwn\438\Dataset\Dataset\Burned Leaf\IMG20250603165448.jpg,Burned Leaf,1369
C:\Users\Fame IT\Videos\rwn\438\Dataset\Dataset\Burned Leaf\IMG20250603165458.jpg,Burned Leaf,1371
C:\Users\Fame IT\Videos\rwn\438\Dataset\Dataset\Burned Leaf\IMG20250603165507.jpg,Burned Leaf,1373
C:\Users\Fame IT\Videos\rwn\438\Dataset\Dataset\Burned Leaf\IMG20250603165513.jpg,Burned Leaf,1374
C:\Users\Fame IT\Videos\rwn\438\Dataset\Dataset\Burned Leaf\IMG20250603165518.jpg,Burned Leaf,1375
C:\Users\Fame IT\Videos\rwn\438\Dataset\Dataset\Burned Leaf\IMG20250603165524.jpg,Burned Leaf,1376
C:\Users\Fame IT\Videos\rwn\438\Dataset\Dataset\Burned Leaf\IMG20250603165533.jpg,Burned Leaf,1378
C:\Users\Fame IT\Videos\rwn\438\Dataset\Dataset\Burned Leaf\IMG20250603165538.jpg,Burned Leaf,1379
C:\Users\Fame IT\Videos\rwn\438\Dataset\Dataset\Burned Leaf\IMG20250603165543.jpg,Burned Leaf,1380
C:\Users\Fame IT\Videos\rwn\438\Dataset\Dataset\Burned Leaf\IMG20250603165546.jpg,Burned Leaf,1381
C:\Users\Fame IT\Videos\rwn\438\Dataset\Dataset\Burned Leaf\IMG20250603165550.jpg,Burned Leaf,1382
C:\Users\Fame IT\Videos\rwn\438\Dataset\Dataset\Burned Leaf\IMG20250603165557.jpg,Burned Leaf,1383
C:\Users\Fame IT\Videos\rwn\438\Dataset\Dataset\Burned Leaf\IMG20250603165607.jpg,Burned Leaf,1385
C:\Users\Fame IT\Videos\rwn\438\Dataset\Dataset\Burned Leaf\IMG20250603165615.jpg,Burned Leaf,1386
C:\Users\Fame IT\Videos\rwn\438\Dataset\Dataset\Burned Leaf\IMG20250603165619.jpg,Burned Leaf,1387
C:\Users\Fame IT\Videos\rwn\438\Dataset\Dataset\Burned Leaf\IMG20250603165629.jpg,Burned Leaf,1389
C:\Users\Fame IT\Videos\rwn\438\Dataset\Dataset\Burned Leaf\IMG20250603165638.jpg,Burned Leaf,1391
C:\Users\Fame IT\Videos\rwn\438\Dataset\Dataset\Burned Leaf\IMG20250603165649.jpg,Burned Leaf,1392
C:\Users\Fame IT\Videos\rwn\438\Dataset\Dataset\Burned Leaf\IMG20250603165653.jpg,Burned Leaf,1393
C:\Users\Fame IT\Videos\rwn\438\Dataset\Dataset\Burned Leaf\IMG20250603165658.jpg,Burned Leaf,1394
C:\Users\Fame IT\Videos\rwn\438\Dataset\Dataset\Burned Leaf\IMG20250603165705.jpg,Burned Leaf,1395
C:\Users\Fame IT\Videos\rwn\438\Dataset\Dataset\Burned Leaf\IMG20250603165715.jpg,Burned Leaf,1397
C:\Users\Fame IT\Videos\rwn\438\Dataset\Dataset\Burned Leaf\IMG20250603165721.jpg,Burned Leaf,1398
C:\Users\Fame IT\Videos\rwn\438\Dataset\Dataset\Burned Leaf\IMG20250603165725.jpg,Burned Leaf,1399
C:\Users\Fame IT\Videos\rwn\438\Dataset\Dataset\Burned Leaf\IMG20250603165734.jpg,Burned Leaf,1401
C:\Users\Fame IT\Videos\rwn\438\Dataset\Dataset\Burned Leaf\IMG20250603165744.jpg,Burned Leaf,1403
C:\Users\Fame IT\Videos\rwn\438\Dataset\Dataset\Burned Leaf\IMG20250603165749.jpg,Burned Leaf,1404
C:\Users\Fame IT\Videos\rwn\438\Dataset\Dataset\Burned Leaf\IMG20250603165753.jpg,Burned Leaf,1405
C:\Users\Fame IT\Videos\rwn\438\Dataset\Dataset\Burned Leaf\IMG20250603165757.jpg,Burned Leaf,1406
C:\Users\Fame IT\Videos\rwn\438\Dataset\Dataset\Burned Leaf\IMG20250603165806.jpg,Burned Leaf,1408
C:\Users\Fame IT\Videos\rwn\438\Dataset\Dataset\Burned Leaf\IMG20250603165810.jpg,Burned Leaf,1409
C:\Users\Fame IT\Videos\rwn\438\Dataset\Dataset\Burned Leaf\IMG20250603165837.jpg,Burned Leaf,1410
C:\Users\Fame IT\Videos\rwn\438\Dataset\Dataset\Burned Leaf\IMG20250603165843.jpg,Burned Leaf,1411
C:\Users\Fame IT\Videos\rwn\438\Dataset\Dataset\Burned Leaf\IMG20250603165847.jpg,Burned Leaf,1412
C:\Users\Fame IT\Videos\rwn\438\Dataset\Dataset\Burned Leaf\IMG20250603165856.jpg,Burned Leaf,1414
C:\Users\Fame IT\Videos\rwn\438\Dataset\Dataset\Burned Leaf\IMG20250603165905.jpg,Burned Leaf,1416
C:\Users\Fame IT\Videos\rwn\438\Dataset\Dataset\Burned Leaf\IMG20250603165908.jpg,Burned Leaf,1417
C:\Users\Fame IT\Videos\rwn\438\Dataset\Dataset\Burned Leaf\IMG20250603165939.jpg,Burned Leaf,1423
C:\Users\Fame IT\Videos\rwn\438\Dataset\Dataset\Burned Leaf\IMG20250603165948.jpg,Burned Leaf,1425
C:\Users\Fame IT\Videos\rwn\438\Dataset\Dataset\Burned Leaf\IMG20250603165956.jpg,Burned Leaf,1427
C:\Users\Fame IT\Videos\rwn\438\Dataset\Dataset\Burned Leaf\IMG20250603170001.jpg,Burned Leaf,1428
C:\Users\Fame IT\Videos\rwn\438\Dataset\Dataset\Burned Leaf\IMG20250603170007.jpg,Burned Leaf,1430
C:\Users\Fame IT\Videos\rwn\438\Dataset\Dataset\Burned Leaf\IMG20250603170011.jpg,Burned Leaf,1431
C:\Users\Fame IT\Videos\rwn\438\Dataset\Dataset\Burned Leaf\IMG20250603170014.jpg,Burned Leaf,1432
C:\Users\Fame IT\Videos\rwn\438\Dataset\Dataset\Burned Leaf\IMG20250603170023.jpg,Burned Leaf,1434
C:\Users\Fame IT\Videos\rwn\438\Dataset\Dataset\Burned Leaf\IMG20250603170030.jpg,Burned Leaf,1436
C:\Users\Fame IT\Videos\rwn\438\Dataset\Dataset\Burned Leaf\IMG20250603170039.jpg,Burned Leaf,1437
C:\Users\Fame IT\Videos\rwn\438\Dataset\Dataset\Burned Leaf\IMG20250603170043.jpg,Burned Leaf,1438
C:\Users\Fame IT\Videos\rwn\438\Dataset\Dataset\Burned Leaf\IMG20250603170047.jpg,Burned Leaf,1439
C:\Users\Fame IT\Videos\rwn\438\Dataset\Dataset\Burned Leaf\IMG20250603170056.jpg,Burned Leaf,1441
C:\Users\Fame IT\Videos\rwn\438\Dataset\Dataset\Burned Leaf\IMG20250603170100.jpg,Burned Leaf,1442
C:\Users\Fame IT\Videos\rwn\438\Dataset\Dataset\Burned Leaf\IMG20250603170106.jpg,Burned Leaf,1443
C:\Users\Fame IT\Videos\rwn\438\Dataset\Dataset\Burned Leaf\IMG20250603170121.jpg,Burned Leaf,1444
C:\Users\Fame IT\Videos\rwn\438\Dataset\Dataset\Burned Leaf\IMG20250603170125.jpg,Burned Leaf,1445
C:\Users\Fame IT\Videos\rwn\438\Dataset\Dataset\Burned Leaf\IMG20250603170135.jpg,Burned Leaf,1447
C:\Users\Fame IT\Videos\rwn\438\Dataset\Dataset\Burned Leaf\IMG20250603170141.jpg,Burned Leaf,1448
C:\Users\Fame IT\Videos\rwn\438\Dataset\Dataset\Burned Leaf\IMG20250603170149.jpg,Burned Leaf,1450
C:\Users\Fame IT\Videos\rwn\438\Dataset\Dataset\Burned Leaf\IMG20250603170206.jpg,Burned Leaf,1452
C:\Users\Fame IT\Videos\rwn\438\Dataset\Dataset\Burned Leaf\IMG20250603170210.jpg,Burned Leaf,1453
C:\Users\Fame IT\Videos\rwn\438\Dataset\Dataset\Burned Leaf\IMG20250603170215.jpg,Burned Leaf,1454
C:\Users\Fame IT\Videos\rwn\438\Dataset\Dataset\Burned Leaf\IMG20250603170238.jpg,Burned Leaf,1457
C:\Users\Fame IT\Videos\rwn\438\Dataset\Dataset\Burned Leaf\IMG20250603170241.jpg,Burned Leaf,1458
C:\Users\Fame IT\Videos\rwn\438\Dataset\Dataset\Burned Leaf\IMG20250603170249.jpg,Burned Leaf,1459
C:\Users\Fame IT\Videos\rwn\438\Dataset\Dataset\Burned Leaf\IMG20250603170254.jpg,Burned Leaf,1460
C:\Users\Fame IT\Videos\rwn\438\Dataset\Dataset\Burned Leaf\IMG20250603170313.jpg,Burned Leaf,1461
C:\Users\Fame IT\Videos\rwn\438\Dataset\Dataset\Burned Leaf\IMG20250603170325.jpg,Burned Leaf,1463
C:\Users\Fame IT\Videos\rwn\438\Dataset\Dataset\Burned Leaf\IMG20250603170332.jpg,Burned Leaf,1465
C:\Users\Fame IT\Videos\rwn\438\Dataset\Dataset\Burned Leaf\IMG20250603170341.jpg,Burned Leaf,1467
C:\Users\Fame IT\Videos\rwn\438\Dataset\Dataset\Burned Leaf\IMG20250603170344.jpg,Burned Leaf,1468
C:\Users\Fame IT\Videos\rwn\438\Dataset\Dataset\Burned Leaf\IMG20250603170349.jpg,Burned Leaf,1469
C:\Users\Fame IT\Videos\rwn\438\Dataset\Dataset\Burned Leaf\IMG20250603170355.jpg,Burned Leaf,1470
C:\Users\Fame IT\Videos\rwn\438\Dataset\Dataset\Burned Leaf\IMG20250603170359.jpg,Burned Leaf,1471
C:\Users\Fame IT\Videos\rwn\438\Dataset\Dataset\Burned Leaf\IMG20250603170403.jpg,Burned Leaf,1472
C:\Users\Fame IT\Videos\rwn\438\Dataset\Dataset\Burned Leaf\IMG20250603170407.jpg,Burned Leaf,1473
C:\Users\Fame IT\Videos\rwn\438\Dataset\Dataset\Burned Leaf\IMG20250603170410.jpg,Burned Leaf,1474
C:\Users\Fame IT\Videos\rwn\438\Dataset\Dataset\Burned Leaf\IMG20250603170422.jpg,Burned Leaf,1476
C:\Users\Fame IT\Videos\rwn\438\Dataset\Dataset\Burned Leaf\IMG20250603170426.jpg,Burned Leaf,1477
C:\Users\Fame IT\Videos\rwn\438\Dataset\Dataset\Burned Leaf\IMG20250603170622.jpg,Burned Leaf,1479
C:\Users\Fame IT\Videos\rwn\438\Dataset\Dataset\Burned Leaf\IMG20250603170631.jpg,Burned Leaf,1481
C:\Users\Fame IT\Videos\rwn\438\Dataset\Dataset\Burned Leaf\IMG20250603170636.jpg,Burned Leaf,1482
C:\Users\Fame IT\Videos\rwn\438\Dataset\Dataset\Burned Leaf\IMG20250603170640.jpg,Burned Leaf,1483
C:\Users\Fame IT\Videos\rwn\438\Dataset\Dataset\Burned Leaf\IMG20250603170643.jpg,Burned Leaf,1484
C:\Users\Fame IT\Videos\rwn\438\Dataset\Dataset\Burned Leaf\IMG20250603170704.jpg,Burned Leaf,1486
C:\Users\Fame IT\Videos\rwn\438\Dataset\Dataset\Burned Leaf\IMG20250603170707.jpg,Burned Leaf,1487
C:\Users\Fame IT\Videos\rwn\438\Dataset\Dataset\Burned Leaf\IMG20250603170756.jpg,Burned Leaf,1489
C:\Users\Fame IT\Videos\rwn\438\Dataset\Dataset\Burned Leaf\IMG20250603170808.jpg,Burned Leaf,1490
C:\Users\Fame IT\Videos\rwn\438\Dataset\Dataset\Burned Leaf\IMG20250603170812.jpg,Burned Leaf,1491
C:\Users\Fame IT\Videos\rwn\438\Dataset\Dataset\Burned Leaf\IMG20250603170822.jpg,Burned Leaf,1493
C:\Users\Fame IT\Videos\rwn\438\Dataset\Dataset\Burned Leaf\IMG20250603170829.jpg,Burned Leaf,1495
C:\Users\Fame IT\Videos\rwn\438\Dataset\Dataset\Burned Leaf\IMG20250603170836.jpg,Burned Leaf,1496
C:\Users\Fame IT\Videos\rwn\438\Dataset\Dataset\Burned Leaf\IMG20250603170840.jpg,Burned Leaf,1497
C:\Users\Fame IT\Videos\rwn\438\Dataset\Dataset\Burned Leaf\IMG20250603170849.jpg,Burned Leaf,1499
C:\Users\Fame IT\Videos\rwn\438\Dataset\Dataset\Burned Leaf\IMG20250603170853.jpg,Burned Leaf,1500
C:\Users\Fame IT\Videos\rwn\438\Dataset\Dataset\Burned Leaf\IMG20250603170857.jpg,Burned Leaf,1501
C:\Users\Fame IT\Videos\rwn\438\Dataset\Dataset\Burned Leaf\IMG20250603170904.jpg,Burned Leaf,1503
C:\Users\Fame IT\Videos\rwn\438\Dataset\Dataset\Burned Leaf\IMG20250603170933.jpg,Burned Leaf,1507
C:\Users\Fame IT\Videos\rwn\438\Dataset\Dataset\Burned Leaf\IMG20250603170944.jpg,Burned Leaf,1509
C:\Users\Fame IT\Videos\rwn\438\Dataset\Dataset\Burned Leaf\IMG20250603170950.jpg,Burned Leaf,1510
C:\Users\Fame IT\Videos\rwn\438\Dataset\Dataset\Burned Leaf\IMG20250603170957.jpg,Burned Leaf,1511
C:\Users\Fame IT\Videos\rwn\438\Dataset\Dataset\Burned Leaf\IMG20250603171002.jpg,Burned Leaf,1512
C:\Users\Fame IT\Videos\rwn\438\Dataset\Dataset\Burned Leaf\IMG20250603171012.jpg,Burned Leaf,1514
C:\Users\Fame IT\Videos\rwn\438\Dataset\Dataset\Burned Leaf\IMG20250603171016.jpg,Burned Leaf,1515
C:\Users\Fame IT\Videos\rwn\438\Dataset\Dataset\Burned Leaf\IMG20250603171021.jpg,Burned Leaf,1516
C:\Users\Fame IT\Videos\rwn\438\Dataset\Dataset\Burned Leaf\IMG20250603171026.jpg,Burned Leaf,1517
C:\Users\Fame IT\Videos\rwn\438\Dataset\Dataset\Burned Leaf\IMG20250603171030.jpg,Burned Leaf,1518
C:\Users\Fame IT\Videos\rwn\438\Dataset\Dataset\Burned Leaf\IMG20250603171033.jpg,Burned Leaf,1519
C:\Users\Fame IT\Videos\rwn\438\Dataset\Dataset\Burned Leaf\IMG20250603171039.jpg,Burned Leaf,1520
C:\Users\Fame IT\Videos\rwn\438\Dataset\Dataset\Burned Leaf\IMG20250603171059.jpg,Burned Leaf,1524
C:\Users\Fame IT\Videos\rwn\438\Dataset\Dataset\Burned Leaf\IMG20250603171105.jpg,Burned Leaf,1526
C:\Users\Fame IT\Videos\rwn\438\Dataset\Dataset\Burned Leaf\IMG20250603171112.jpg,Burned Leaf,1527
C:\Users\Fame IT\Videos\rwn\438\Dataset\Dataset\Burned Leaf\IMG20250603171119.jpg,Burned Leaf,1528
C:\Users\Fame IT\Videos\rwn\438\Dataset\Dataset\Burned Leaf\IMG20250603171122.jpg,Burned Leaf,1529
C:\Users\Fame IT\Videos\rwn\438\Dataset\Dataset\Burned Leaf\IMG20250603171131.jpg,Burned Leaf,1530
C:\Users\Fame IT\Videos\rwn\438\Dataset\Dataset\Burned Leaf\IMG20250603171135.jpg,Burned Leaf,1531
C:\Users\Fame IT\Videos\rwn\438\Dataset\Dataset\Burned Leaf\IMG20250603171139.jpg,Burned Leaf,1532
C:\Users\Fame IT\Videos\rwn\438\Dataset\Dataset\Burned Leaf\IMG20250603171151.jpg,Burned Leaf,1533
C:\Users\Fame IT\Videos\rwn\438\Dataset\Dataset\Burned Leaf\IMG20250603171159.jpg,Burned Leaf,1535
C:\Users\Fame IT\Videos\rwn\438\Dataset\Dataset\Burned Leaf\IMG20250603171204.jpg,Burned Leaf,1536
C:\Users\Fame IT\Videos\rwn\438\Dataset\Dataset\Burned Leaf\IMG20250603171207.jpg,Burned Leaf,1537
C:\Users\Fame IT\Videos\rwn\438\Dataset\Dataset\Burned Leaf\IMG20250603171210.jpg,Burned Leaf,1538
C:\Users\Fame IT\Videos\rwn\438\Dataset\Dataset\Burned Leaf\IMG20250603171214.jpg,Burned Leaf,1539
C:\Users\Fame IT\Videos\rwn\438\Dataset\Dataset\Burned Leaf\IMG20250603171222.jpg,Burned Leaf,1541
C:\Users\Fame IT\Videos\rwn\438\Dataset\Dataset\Burned Leaf\IMG20250603171227.jpg,Burned Leaf,1542
C:\Users\Fame IT\Videos\rwn\438\Dataset\Dataset\Burned Leaf\IMG20250603171231.jpg,Burned Leaf,1543
C:\Users\Fame IT\Videos\rwn\438\Dataset\Dataset\Burned Leaf\IMG20250603171240.jpg,Burned Leaf,1545
C:\Users\Fame IT\Videos\rwn\438\Dataset\Dataset\Burned Leaf\IMG20250603171245.jpg,Burned Leaf,1546
C:\Users\Fame IT\Videos\rwn\438\Dataset\Dataset\Burned Leaf\IMG20250603171327.jpg,Burned Leaf,1548
C:\Users\Fame IT\Videos\rwn\438\Dataset\Dataset\Burned Leaf\IMG20250603171331.jpg,Burned Leaf,1549
C:\Users\Fame IT\Videos\rwn\438\Dataset\Dataset\Burned Leaf\IMG20250603171336.jpg,Burned Leaf,1550
C:\Users\Fame IT\Videos\rwn\438\Dataset\Dataset\Burned Leaf\IMG20250603171340.jpg,Burned Leaf,1551
C:\Users\Fame IT\Videos\rwn\438\Dataset\Dataset\Burned Leaf\IMG20250603171347.jpg,Burned Leaf,1553
C:\Users\Fame IT\Videos\rwn\438\Dataset\Dataset\Burned Leaf\IMG20250603171357.jpg,Burned Leaf,1555
C:\Users\Fame IT\Videos\rwn\438\Dataset\Dataset\Burned Leaf\IMG20250603171410.jpg,Burned Leaf,1556
C:\Users\Fame IT\Videos\rwn\438\Dataset\Dataset\Burned Leaf\IMG20250603171417.jpg,Burned Leaf,1557
C:\Users\Fame IT\Videos\rwn\438\Dataset\Dataset\Burned Leaf\IMG20250603171424.jpg,Burned Leaf,1559
C:\Users\Fame IT\Videos\rwn\438\Dataset\Dataset\Burned Leaf\IMG20250603171436.jpg,Burned Leaf,1562
C:\Users\Fame IT\Videos\rwn\438\Dataset\Dataset\Burned Leaf\IMG20250603171441.jpg,Burned Leaf,1563
C:\Users\Fame IT\Videos\rwn\438\Dataset\Dataset\Burned Leaf\IMG20250603171449.jpg,Burned Leaf,1565
C:\Users\Fame IT\Videos\rwn\438\Dataset\Dataset\Burned Leaf\IMG20250603171459.jpg,Burned Leaf,1567
C:\Users\Fame IT\Videos\rwn\438\Dataset\Dataset\Burned Leaf\IMG20250603171503.jpg,Burned Leaf,1568
C:\Users\Fame IT\Videos\rwn\438\Dataset\Dataset\Burned Leaf\IMG20250603171508.jpg,Burned Leaf,1569
C:\Users\Fame IT\Videos\rwn\438\Dataset\Dataset\Burned Leaf\IMG20250603171516.jpg,Burned Leaf,1571
C:\Users\Fame IT\Videos\rwn\438\Dataset\Dataset\Burned Leaf\IMG20250603171521.jpg,Burned Leaf,1572
C:\Users\Fame IT\Videos\rwn\438\Dataset\Dataset\Burned Leaf\IMG20250603171525.jpg,Burned Leaf,1573
C:\Users\Fame IT\Videos\rwn\438\Dataset\Dataset\Burned Leaf\IMG20250603171529.jpg,Burned Leaf,1574
C:\Users\Fame IT\Videos\rwn\438\Dataset\Dataset\Burned Leaf\IMG20250603171532.jpg,Burned Leaf,1575
C:\Users\Fame IT\Videos\rwn\438\Dataset\Dataset\Burned Leaf\IMG20250603171535.jpg,Burned Leaf,1576
C:\Users\Fame IT\Videos\rwn\438\Dataset\Dataset\Burned Leaf\IMG20250603171540.jpg,Burned Leaf,1577
C:\Users\Fame IT\Videos\rwn\438\Dataset\Dataset\Burned Leaf\IMG20250603171545.jpg,Burned Leaf,1578
C:\Users\Fame IT\Videos\rwn\438\Dataset\Dataset\Burned Leaf\IMG20250603171554.jpg,Burned Leaf,1580
C:\Users\Fame IT\Videos\rwn\438\Dataset\Dataset\Burned Leaf\IMG20250603171601.jpg,Burned Leaf,1582
C:\Users\Fame IT\Videos\rwn\438\Dataset\Dataset\Burned Leaf\IMG20250603171605.jpg,Burned Leaf,1583
C:\Users\Fame IT\Videos\rwn\438\Dataset\Dataset\Burned Leaf\IMG20250603171608.jpg,Burned Leaf,1584
C:\Users\Fame IT\Videos\rwn\438\Dataset\Dataset\Burned Leaf\IMG20250603171612.jpg,Burned Leaf,1585
C:\Users\Fame IT\Videos\rwn\438\Dataset\Dataset\Burned Leaf\IMG20250603171616.jpg,Burned Leaf,1586
C:\Users\Fame IT\Videos\rwn\438\Dataset\Dataset\Burned Leaf\IMG20250603171620.jpg,Burned Leaf,1587
C:\Users\Fame IT\Videos\rwn\438\Dataset\Dataset\Burned Leaf\IMG20250603171624.jpg,Burned Leaf,1588
C:\Users\Fame IT\Videos\rwn\438\Dataset\Dataset\Burned Leaf\IMG20250603171630.jpg,Burned Leaf,1590
C:\Users\Fame IT\Videos\rwn\438\Dataset\Dataset\Burned Leaf\IMG20250603171638.jpg,Burned Leaf,1592
C:\Users\Fame IT\Videos\rwn\438\Dataset\Dataset\Burned Leaf\IMG20250603171642.jpg,Burned Leaf,1593
C:\Users\Fame IT\Videos\rwn\438\Dataset\Dataset\Burned Leaf\IMG20250603171649.jpg,Burned Leaf,1595
C:\Users\Fame IT\Videos\rwn\438\Dataset\Dataset\Burned Leaf\IMG20250603171654.jpg,Burned Leaf,1596
C:\Users\Fame IT\Videos\rwn\438\Dataset\Dataset\Burned Leaf\IMG20250603171658.jpg,Burned Leaf,1597
C:\Users\Fame IT\Videos\rwn\438\Dataset\Dataset\Burned Leaf\IMG20250603171706.jpg,Burned Leaf,1599
C:\Users\Fame IT\Videos\rwn\438\Dataset\Dataset\Burned Leaf\IMG20250603171710.jpg,Burned Leaf,1600
C:\Users\Fame IT\Videos\rwn\438\Dataset\Dataset\Burned Leaf\IMG20250603171715.jpg,Burned Leaf,1601
C:\Users\Fame IT\Videos\rwn\438\Dataset\Dataset\Burned Leaf\IMG20250603171718.jpg,Burned Leaf,1602
C:\Users\Fame IT\Videos\rwn\438\Dataset\Dataset\Burned Leaf\IMG20250603171721.jpg,Burned Leaf,1603
C:\Users\Fame IT\Videos\rwn\438\Dataset\Dataset\Burned Leaf\IMG20250603171745.jpg,Burned Leaf,1604
C:\Users\Fame IT\Videos\rwn\438\Dataset\Dataset\Burned Leaf\IMG20250603171804.jpg,Burned Leaf,1605
C:\Users\Fame IT\Videos\rwn\438\Dataset\Dataset\Burned Leaf\IMG20250603171809.jpg,Burned Leaf,1606
C:\Users\Fame IT\Videos\rwn\438\Dataset\Dataset\Burned Leaf\IMG20250603171815.jpg,Burned Leaf,1607
C:\Users\Fame IT\Videos\rwn\438\Dataset\Dataset\Burned Leaf\IMG20250603171818.jpg,Burned Leaf,1608
C:\Users\Fame IT\Videos\rwn\438\Dataset\Dataset\Burned Leaf\IMG20250603171822.jpg,Burned Leaf,1609
C:\Users\Fame IT\Videos\rwn\438\Dataset\Dataset\Burned Leaf\IMG20250603171858.jpg,Burned Leaf,1610
C:\Users\Fame IT\Videos\rwn\438\Dataset\Dataset\Burned Leaf\IMG20250603171906.jpg,Burned Leaf,1612
C:\Users\Fame IT\Videos\rwn\438\Dataset\Dataset\Burned Leaf\IMG20250603171911.jpg,Burned Leaf,1613
C:\Users\Fame IT\Videos\rwn\438\Dataset\Dataset\Burned Leaf\IMG20250603171915.jpg,Burned Leaf,1614
C:\Users\Fame IT\Videos\rwn\438\Dataset\Dataset\Burned Leaf\IMG20250603171919.jpg,Burned Leaf,1615
C:\Users\Fame IT\Videos\rwn\438\Dataset\Dataset\Burned Leaf\IMG20250603171924.jpg,Burned Leaf,1616
C:\Users\Fame IT\Videos\rwn\438\Dataset\Dataset\Burned Leaf\IMG20250603171931.jpg,Burned Leaf,1618
C:\Users\Fame IT\Videos\rwn\438\Dataset\Dataset\Burned Leaf\IMG20250603171940.jpg,Burned Leaf,1620
C:\Users\Fame IT\Videos\rwn\438\Dataset\Dataset\Burned Leaf\IMG20250603171943.jpg,Burned Leaf,1621
C:\Users\Fame IT\Videos\rwn\438\Dataset\Dataset\Burned Leaf\IMG20250603171948.jpg,Burned Leaf,1622
C:\Users\Fame IT\Videos\rwn\438\Dataset\Dataset\Burned Leaf\IMG20250603171956.jpg,Burned Leaf,1624
C:\Users\Fame IT\Videos\rwn\438\Dataset\Dataset\Burned Leaf\IMG20250603172000.jpg,Burned Leaf,1625
C:\Users\Fame IT\Videos\rwn\438\Dataset\Dataset\Burned Leaf\IMG20250603172004.jpg,Burned Leaf,1626
C:\Users\Fame IT\Videos\rwn\438\Dataset\Dataset\Burned Leaf\IMG20250603172007.jpg,Burned Leaf,1627
C:\Users\Fame IT\Videos\rwn\438\Dataset\Dataset\Burned Leaf\IMG20250603172012.jpg,Burned Leaf,1628
C:\Users\Fame IT\Videos\rwn\438\Dataset\Dataset\Burned Leaf\IMG20250603172025.jpg,Burned Leaf,1631
C:\Users\Fame IT\Videos\rwn\438\Dataset\Dataset\Burned Leaf\IMG20250603172028.jpg,Burned Leaf,1632
C:\Users\Fame IT\Videos\rwn\438\Dataset\Dataset\Burned Leaf\IMG20250603172031.jpg,Burned Leaf,1633
C:\Users\Fame IT\Videos\rwn\438\Dataset\Dataset\Burned Leaf\IMG20250603172036.jpg,Burned Leaf,1634
C:\Users\Fame IT\Videos\rwn\438\Dataset\Dataset\Burned Leaf\IMG20250603172040.jpg,Burned Leaf,1635
C:\Users\Fame IT\Videos\rwn\438\Dataset\Dataset\Burned Leaf\IMG20250603172049.jpg,Burned Leaf,1636
C:\Users\Fame IT\Videos\rwn\438\Dataset\Dataset\Burned Leaf\IMG20250603172057.jpg,Burned Leaf,1638
C:\Users\Fame IT\Videos\rwn\438\Dataset\Dataset\Burned Leaf\IMG20250603172102.jpg,Burned Leaf,1639
C:\Users\Fame IT\Videos\rwn\438\Dataset\Dataset\Burned Leaf\IMG20250603172105.jpg,Burned Leaf,1640
C:\Users\Fame IT\Videos\rwn\438\Dataset\Dataset\Burned Leaf\IMG20250603172110.jpg,Burned Leaf,1641
C:\Users\Fame IT\Videos\rwn\438\Dataset\Dataset\Burned Leaf\IMG20250603172117.jpg,Burned Leaf,1643
C:\Users\Fame IT\Videos\rwn\438\Dataset\Dataset\Burned Leaf\IMG20250603172125.jpg,Burned Leaf,1645
C:\Users\Fame IT\Videos\rwn\438\Dataset\Dataset\Burned Leaf\IMG20250603172134.jpg,Burned Leaf,1647
C:\Users\Fame IT\Videos\rwn\438\Dataset\Dataset\Burned Leaf\IMG20250603172138.jpg,Burned Leaf,1648
C:\Users\Fame IT\Videos\rwn\438\Dataset\Dataset\Burned Leaf\IMG20250603172146.jpg,Burned Leaf,1650
C:\Users\Fame IT\Videos\rwn\438\Dataset\Dataset\Burned Leaf\IMG20250603172152.jpg,Burned Leaf,1651
C:\Users\Fame IT\Videos\rwn\438\Dataset\Dataset\Burned Leaf\IMG20250603172155.jpg,Burned Leaf,1652
C:\Users\Fame IT\Videos\rwn\438\Dataset\Dataset\Burned Leaf\IMG20250603172204.jpg,Burned Leaf,1654
C:\Users\Fame IT\Videos\rwn\438\Dataset\Dataset\Burned Leaf\IMG20250603172211.jpg,Burned Leaf,1656
C:\Users\Fame IT\Videos\rwn\438\Dataset\Dataset\Burned Leaf\IMG20250603172215.jpg,Burned Leaf,1657
C:\Users\Fame IT\Videos\rwn\438\Dataset\Dataset\Burned Leaf\IMG20250603172219.jpg,Burned Leaf,1658
C:\Users\Fame IT\Videos\rwn\438\Dataset\Dataset\Burned Leaf\IMG20250603172223.jpg,Burned Leaf,1659
C:\Users\Fame IT\Videos\rwn\438\Dataset\Dataset\Burned Leaf\IMG20250603172230.jpg,Burned Leaf,1661
C:\Users\Fame IT\Videos\rwn\438\Dataset\Dataset\Burned Leaf\IMG20250603172304.jpg,Burned Leaf,1664
C:\Users\Fame IT\Videos\rwn\438\Dataset\Dataset\Burned Leaf\IMG20250603172322.jpg,Burned Leaf,1666
C:\Users\Fame IT\Videos\rwn\438\Dataset\Dataset\Burned Leaf\IMG20250603172351.jpg,Burned Leaf,1671
C:\Users\Fame IT\Videos\rwn\438\Dataset\Dataset\Burned Leaf\IMG20250603172356.jpg,Burned Leaf,1672
C:\Users\Fame IT\Videos\rwn\438\Dataset\Dataset\Burned Leaf\IMG20250603172402.jpg,Burned Leaf,1674
C:\Users\Fame IT\Videos\rwn\438\Dataset\Dataset\Burned Leaf\IMG20250603172412.jpg,Burned Leaf,1676
C:\Users\Fame IT\Videos\rwn\438\Dataset\Dataset\Burned Leaf\IMG20250603172415.jpg,Burned Leaf,1677
C:\Users\Fame IT\Videos\rwn\438\Dataset\Dataset\Burned Leaf\IMG20250603172420.jpg,Burned Leaf,1678
C:\Users\Fame IT\Videos\rwn\438\Dataset\Dataset\Burned Leaf\IMG20250603172426.jpg,Burned Leaf,1680
C:\Users\Fame IT\Videos\rwn\438\Dataset\Dataset\Burned Leaf\IMG20250603172442.jpg,Burned Leaf,1683
C:\Users\Fame IT\Videos\rwn\438\Dataset\Dataset\Burned Leaf\IMG20250603172446.jpg,Burned Leaf,1684
C:\Users\Fame IT\Videos\rwn\438\Dataset\Dataset\Burned Leaf\IMG20250603172449.jpg,Burned Leaf,1685
C:\Users\Fame IT\Videos\rwn\438\Dataset\Dataset\Burned Leaf\IMG20250603172452.jpg,Burned Leaf,1686
C:\Users\Fame IT\Videos\rwn\438\Dataset\Dataset\Burned Leaf\IMG20250603172458.jpg,Burned Leaf,1687
C:\Users\Fame IT\Videos\rwn\438\Dataset\Dataset\Burned Leaf\IMG20250603172501.jpg,Burned Leaf,1688
C:\Users\Fame IT\Videos\rwn\438\Dataset\Dataset\Burned Leaf\IMG20250603172507.jpg,Burned Leaf,1690
C:\Users\Fame IT\Videos\rwn\438\Dataset\Dataset\Burned Leaf\IMG20250603172515.jpg,Burned Leaf,1692
C:\Users\Fame IT\Videos\rwn\438\Dataset\Dataset\Burned Leaf\IMG20250603172519.jpg,Burned Leaf,1693
C:\Users\Fame IT\Videos\rwn\438\Dataset\Dataset\Burned Leaf\IMG20250603172521.jpg,Burned Leaf,1694
C:\Users\Fame IT\Videos\rwn\438\Dataset\Dataset\Burned Leaf\IMG20250603172528.jpg,Burned Leaf,1696
C:\Users\Fame IT\Videos\rwn\438\Dataset\Dataset\Burned Leaf\IMG20250603172535.jpg,Burned Leaf,1698
C:\Users\Fame IT\Videos\rwn\438\Dataset\Dataset\Burned Leaf\IMG20250603172541.jpg,Burned Leaf,1700
C:\Users\Fame IT\Videos\rwn\438\Dataset\Dataset\Dried Leaf\IMG20250724094540.jpg,Dried Leaf,1701
C:\Users\Fame IT\Videos\rwn\438\Dataset\Dataset\Dried Leaf\IMG20250724094634.jpg,Dried Leaf,1703
C:\Users\Fame IT\Videos\rwn\438\Dataset\Dataset\Dried Leaf\IMG20250724094951.jpg,Dried Leaf,1705
C:\Users\Fame IT\Videos\rwn\438\Dataset\Dataset\Dried Leaf\IMG20250724094957.jpg,Dried Leaf,1706
C:\Users\Fame IT\Videos\rwn\438\Dataset\Dataset\Dried Leaf\IMG20250724095003.jpg,Dried Leaf,1707
C:\Users\Fame IT\Videos\rwn\438\Dataset\Dataset\Dried Leaf\IMG20250724095007.jpg,Dried Leaf,1708
C:\Users\Fame IT\Videos\rwn\438\Dataset\Dataset\Dried Leaf\IMG20250724095013.jpg,Dried Leaf,1709
C:\Users\Fame IT\Videos\rwn\438\Dataset\Dataset\Dried Leaf\IMG20250724095018.jpg,Dried Leaf,1710
C:\Users\Fame IT\Videos\rwn\438\Dataset\Dataset\Dried Leaf\IMG20250724095027.jpg,Dried Leaf,1712
C:\Users\Fame IT\Videos\rwn\438\Dataset\Dataset\Dried Leaf\IMG20250724095035.jpg,Dried Leaf,1714
C:\Users\Fame IT\Videos\rwn\438\Dataset\Dataset\Dried Leaf\IMG20250724095039.jpg,Dried Leaf,1715
C:\Users\Fame IT\Videos\rwn\438\Dataset\Dataset\Dried Leaf\IMG20250724095042.jpg,Dried Leaf,1716
C:\Users\Fame IT\Videos\rwn\438\Dataset\Dataset\Dried Leaf\IMG20250724095046.jpg,Dried Leaf,1717
C:\Users\Fame IT\Videos\rwn\438\Dataset\Dataset\Dried Leaf\IMG20250724095055.jpg,Dried Leaf,1719
C:\Users\Fame IT\Videos\rwn\438\Dataset\Dataset\Dried Leaf\IMG20250724095058.jpg,Dried Leaf,1720
C:\Users\Fame IT\Videos\rwn\438\Dataset\Dataset\Dried Leaf\IMG20250724095203.jpg,Dried Leaf,1723
C:\Users\Fame IT\Videos\rwn\438\Dataset\Dataset\Dried Leaf\IMG20250724095211.jpg,Dried Leaf,1725
C:\Users\Fame IT\Videos\rwn\438\Dataset\Dataset\Dried Leaf\IMG20250724095215.jpg,Dried Leaf,1726
C:\Users\Fame IT\Videos\rwn\438\Dataset\Dataset\Dried Leaf\IMG20250724095223.jpg,Dried Leaf,1728
C:\Users\Fame IT\Videos\rwn\438\Dataset\Dataset\Dried Leaf\IMG20250724095227.jpg,Dried Leaf,1729
C:\Users\Fame IT\Videos\rwn\438\Dataset\Dataset\Dried Leaf\IMG20250724095231.jpg,Dried Leaf,1730
C:\Users\Fame IT\Videos\rwn\438\Dataset\Dataset\Dried Leaf\IMG20250724095239.jpg,Dried Leaf,1731
C:\Users\Fame IT\Videos\rwn\438\Dataset\Dataset\Dried Leaf\IMG20250724095242.jpg,Dried Leaf,1732
C:\Users\Fame IT\Videos\rwn\438\Dataset\Dataset\Dried Leaf\IMG20250724095246.jpg,Dried Leaf,1733
C:\Users\Fame IT\Videos\rwn\438\Dataset\Dataset\Dried Leaf\IMG20250724095254.jpg,Dried Leaf,1735
C:\Users\Fame IT\Videos\rwn\438\Dataset\Dataset\Dried Leaf\IMG20250724095300.jpg,Dried Leaf,1736
C:\Users\Fame IT\Videos\rwn\438\Dataset\Dataset\Dried Leaf\IMG20250724095310.jpg,Dried Leaf,1737
C:\Users\Fame IT\Videos\rwn\438\Dataset\Dataset\Dried Leaf\IMG20250724095413.jpg,Dried Leaf,1738
C:\Users\Fame IT\Videos\rwn\438\Dataset\Dataset\Dried Leaf\IMG20250724095424.jpg,Dried Leaf,1740
C:\Users\Fame IT\Videos\rwn\438\Dataset\Dataset\Dried Leaf\IMG20250724095428.jpg,Dried Leaf,1741
C:\Users\Fame IT\Videos\rwn\438\Dataset\Dataset\Dried Leaf\IMG20250724095433.jpg,Dried Leaf,1742
C:\Users\Fame IT\Videos\rwn\438\Dataset\Dataset\Dried Leaf\IMG20250724095554.jpg,Dried Leaf,1748
C:\Users\Fame IT\Videos\rwn\438\Dataset\Dataset\Dried Leaf\IMG20250724095559.jpg,Dried Leaf,1749
C:\Users\Fame IT\Videos\rwn\438\Dataset\Dataset\Dried Leaf\IMG20250724095603.jpg,Dried Leaf,1750
C:\Users\Fame IT\Videos\rwn\438\Dataset\Dataset\Dried Leaf\IMG20250724095607.jpg,Dried Leaf,1751
C:\Users\Fame IT\Videos\rwn\438\Dataset\Dataset\Dried Leaf\IMG20250724095611.jpg,Dried Leaf,1752
C:\Users\Fame IT\Videos\rwn\438\Dataset\Dataset\Dried Leaf\IMG20250724095620.jpg,Dried Leaf,1753
C:\Users\Fame IT\Videos\rwn\438\Dataset\Dataset\Dried Leaf\IMG20250724095626.jpg,Dried Leaf,1755
C:\Users\Fame IT\Videos\rwn\438\Dataset\Dataset\Dried Leaf\IMG20250724095630.jpg,Dried Leaf,1756
C:\Users\Fame IT\Videos\rwn\438\Dataset\Dataset\Dried Leaf\IMG20250724095633.jpg,Dried Leaf,1757
C:\Users\Fame IT\Videos\rwn\438\Dataset\Dataset\Dried Leaf\IMG20250724095637.jpg,Dried Leaf,1758
C:\Users\Fame IT\Videos\rwn\438\Dataset\Dataset\Dried Leaf\IMG20250724095640.jpg,Dried Leaf,1759
C:\Users\Fame IT\Videos\rwn\438\Dataset\Dataset\Dried Leaf\IMG20250724095646.jpg,Dried Leaf,1761
C:\Users\Fame IT\Videos\rwn\438\Dataset\Dataset\Dried Leaf\IMG20250724095653.jpg,Dried Leaf,1763
C:\Users\Fame IT\Videos\rwn\438\Dataset\Dataset\Dried Leaf\IMG20250724095701.jpg,Dried Leaf,1765
C:\Users\Fame IT\Videos\rwn\438\Dataset\Dataset\Dried Leaf\IMG20250724095704.jpg,Dried Leaf,1766
C:\Users\Fame IT\Videos\rwn\438\Dataset\Dataset\Dried Leaf\IMG20250724095709.jpg,Dried Leaf,1767
C:\Users\Fame IT\Videos\rwn\438\Dataset\Dataset\Dried Leaf\IMG20250724095712.jpg,Dried Leaf,1768
C:\Users\Fame IT\Videos\rwn\438\Dataset\Dataset\Dried Leaf\IMG20250724095714.jpg,Dried Leaf,1769
C:\Users\Fame IT\Videos\rwn\438\Dataset\Dataset\Dried Leaf\IMG20250724095736.jpg,Dried Leaf,1773
C:\Users\Fame IT\Videos\rwn\438\Dataset\Dataset\Dried Leaf\IMG20250724095739.jpg,Dried Leaf,1774
C:\Users\Fame IT\Videos\rwn\438\Dataset\Dataset\Dried Leaf\IMG20250724095748.jpg,Dried Leaf,1776
C:\Users\Fame IT\Videos\rwn\438\Dataset\Dataset\Dried Leaf\IMG20250724095751.jpg,Dried Leaf,1777
C:\Users\Fame IT\Videos\rwn\438\Dataset\Dataset\Dried Leaf\IMG20250724095754.jpg,Dried Leaf,1778
C:\Users\Fame IT\Videos\rwn\438\Dataset\Dataset\Dried Leaf\IMG20250724095825.jpg,Dried Leaf,1780
C:\Users\Fame IT\Videos\rwn\438\Dataset\Dataset\Dried Leaf\IMG20250724095833.jpg,Dried Leaf,1781
C:\Users\Fame IT\Videos\rwn\438\Dataset\Dataset\Dried Leaf\IMG20250724095837.jpg,Dried Leaf,1782
C:\Users\Fame IT\Videos\rwn\438\Dataset\Dataset\Dried Leaf\IMG20250724095840.jpg,Dried Leaf,1783
C:\Users\Fame IT\Videos\rwn\438\Dataset\Dataset\Dried Leaf\IMG20250724095847.jpg,Dried Leaf,1785
C:\Users\Fame IT\Videos\rwn\438\Dataset\Dataset\Dried Leaf\IMG20250724095908.jpg,Dried Leaf,1787
C:\Users\Fame IT\Videos\rwn\438\Dataset\Dataset\Dried Leaf\IMG20250724095930.jpg,Dried Leaf,1789
C:\Users\Fame IT\Videos\rwn\438\Dataset\Dataset\Dried Leaf\IMG20250724095939.jpg,Dried Leaf,1790
C:\Users\Fame IT\Videos\rwn\438\Dataset\Dataset\Dried Leaf\IMG20250724095943.jpg,Dried Leaf,1791
C:\Users\Fame IT\Videos\rwn\438\Dataset\Dataset\Dried Leaf\IMG20250724095951.jpg,Dried Leaf,1793
C:\Users\Fame IT\Videos\rwn\438\Dataset\Dataset\Dried Leaf\IMG20250724095955.jpg,Dried Leaf,1794
C:\Users\Fame IT\Videos\rwn\438\Dataset\Dataset\Dried Leaf\IMG20250724095958.jpg,Dried Leaf,1795
C:\Users\Fame IT\Videos\rwn\438\Dataset\Dataset\Dried Leaf\IMG20250724100015.jpg,Dried Leaf,1796
C:\Users\Fame IT\Videos\rwn\438\Dataset\Dataset\Dried Leaf\IMG20250724100019.jpg,Dried Leaf,1797
C:\Users\Fame IT\Videos\rwn\438\Dataset\Dataset\Dried Leaf\IMG20250724100023.jpg,Dried Leaf,1798
C:\Users\Fame IT\Videos\rwn\438\Dataset\Dataset\Dried Leaf\IMG20250724100030.jpg,Dried Leaf,1800
C:\Users\Fame IT\Videos\rwn\438\Dataset\Dataset\Dried Leaf\IMG20250724100034.jpg,Dried Leaf,1801
C:\Users\Fame IT\Videos\rwn\438\Dataset\Dataset\Dried Leaf\IMG20250724100044.jpg,Dried Leaf,1804
C:\Users\Fame IT\Videos\rwn\438\Dataset\Dataset\Dried Leaf\IMG20250724100050.jpg,Dried Leaf,1805
C:\Users\Fame IT\Videos\rwn\438\Dataset\Dataset\Dried Leaf\IMG20250724100054.jpg,Dried Leaf,1806
C:\Users\Fame IT\Videos\rwn\438\Dataset\Dataset\Dried Leaf\IMG20250724100057.jpg,Dried Leaf,1807
C:\Users\Fame IT\Videos\rwn\438\Dataset\Dataset\Dried Leaf\IMG20250724100103.jpg,Dried Leaf,1809
C:\Users\Fame IT\Videos\rwn\438\Dataset\Dataset\Dried Leaf\IMG20250724100106.jpg,Dried Leaf,1810
C:\Users\Fame IT\Videos\rwn\438\Dataset\Dataset\Dried Leaf\IMG20250724100109.jpg,Dried Leaf,1811
C:\Users\Fame IT\Videos\rwn\438\Dataset\Dataset\Dried Leaf\IMG20250724100112.jpg,Dried Leaf,1812
C:\Users\Fame IT\Videos\rwn\438\Dataset\Dataset\Dried Leaf\IMG20250724100151.jpg,Dried Leaf,1813
C:\Users\Fame IT\Videos\rwn\438\Dataset\Dataset\Dried Leaf\IMG20250724100154.jpg,Dried Leaf,1814
C:\Users\Fame IT\Videos\rwn\438\Dataset\Dataset\Dried Leaf\IMG20250724100158.jpg,Dried Leaf,1815
C:\Users\Fame IT\Videos\rwn\438\Dataset\Dataset\Dried Leaf\IMG20250724100209.jpg,Dried Leaf,1818
C:\Users\Fame IT\Videos\rwn\438\Dataset\Dataset\Dried Leaf\IMG20250724100213.jpg,Dried Leaf,1819
C:\Users\Fame IT\Videos\rwn\438\Dataset\Dataset\Dried Leaf\IMG20250724100219.jpg,Dried Leaf,1821
C:\Users\Fame IT\Videos\rwn\438\Dataset\Dataset\Dried Leaf\IMG20250724100222.jpg,Dried Leaf,1822
C:\Users\Fame IT\Videos\rwn\438\Dataset\Dataset\Dried Leaf\IMG20250724100225.jpg,Dried Leaf,1823
C:\Users\Fame IT\Videos\rwn\438\Dataset\Dataset\Dried Leaf\IMG20250724100228.jpg,Dried Leaf,1824
C:\Users\Fame IT\Videos\rwn\438\Dataset\Dataset\Dried Leaf\IMG20250724100231.jpg,Dried Leaf,1825
C:\Users\Fame IT\Videos\rwn\438\Dataset\Dataset\Dried Leaf\IMG20250724100235.jpg,Dried Leaf,1826
C:\Users\Fame IT\Videos\rwn\438\Dataset\Dataset\Dried Leaf\IMG20250724100238.jpg,Dried Leaf,1827
C:\Users\Fame IT\Videos\rwn\438\Dataset\Dataset\Dried Leaf\IMG20250724100258.jpg,Dried Leaf,1831
C:\Users\Fame IT\Videos\rwn\438\Dataset\Dataset\Dried Leaf\IMG20250724100302.jpg,Dried Leaf,1832
C:\Users\Fame IT\Videos\rwn\438\Dataset\Dataset\Dried Leaf\IMG20250724100305.jpg,Dried Leaf,1833
C:\Users\Fame IT\Videos\rwn\438\Dataset\Dataset\Dried Leaf\IMG20250724100308.jpg,Dried Leaf,1834
C:\Users\Fame IT\Videos\rwn\438\Dataset\Dataset\Dried Leaf\IMG20250724100311.jpg,Dried Leaf,1835
C:\Users\Fame IT\Videos\rwn\438\Dataset\Dataset\Dried Leaf\IMG20250724100318.jpg,Dried Leaf,1837
C:\Users\Fame IT\Videos\rwn\438\Dataset\Dataset\Dried Leaf\IMG20250724100320.jpg,Dried Leaf,1838
C:\Users\Fame IT\Videos\rwn\438\Dataset\Dataset\Dried Leaf\IMG20250724100323.jpg,Dried Leaf,1839
C:\Users\Fame IT\Videos\rwn\438\Dataset\Dataset\Dried Leaf\IMG20250724100326.jpg,Dried Leaf,1840
C:\Users\Fame IT\Videos\rwn\438\Dataset\Dataset\Dried Leaf\IMG20250724100331.jpg,Dried Leaf,1841
C:\Users\Fame IT\Videos\rwn\438\Dataset\Dataset\Dried Leaf\IMG20250724100336.jpg,Dried Leaf,1843
C:\Users\Fame IT\Videos\rwn\438\Dataset\Dataset\Dried Leaf\IMG20250724100340.jpg,Dried Leaf,1844
C:\Users\Fame IT\Videos\rwn\438\Dataset\Dataset\Dried Leaf\IMG20250724100342.jpg,Dried Leaf,1845
C:\Users\Fame IT\Videos\rwn\438\Dataset\Dataset\Dried Leaf\IMG20250724100348.jpg,Dried Leaf,1847
C:\Users\Fame IT\Videos\rwn\438\Dataset\Dataset\Dried Leaf\IMG20250724100403.jpg,Dried Leaf,1848
C:\Users\Fame IT\Videos\rwn\438\Dataset\Dataset\Dried Leaf\IMG20250724100406.jpg,Dried Leaf,1849
C:\Users\Fame IT\Videos\rwn\438\Dataset\Dataset\Dried Leaf\IMG20250724100410.jpg,Dried Leaf,1850
C:\Users\Fame IT\Videos\rwn\438\Dataset\Dataset\Dried Leaf\IMG20250724100413.jpg,Dried Leaf,1851
C:\Users\Fame IT\Videos\rwn\438\Dataset\Dataset\Dried Leaf\IMG20250724100416.jpg,Dried Leaf,1852
C:\Users\Fame IT\Videos\rwn\438\Dataset\Dataset\Dried Leaf\IMG20250724100423.jpg,Dried Leaf,1854
C:\Users\Fame IT\Videos\rwn\438\Dataset\Dataset\Dried Leaf\IMG20250724100425.jpg,Dried Leaf,1855
C:\Users\Fame IT\Videos\rwn\438\Dataset\Dataset\Dried Leaf\IMG20250724100428.jpg,Dried Leaf,1856
C:\Users\Fame IT\Videos\rwn\438\Dataset\Dataset\Dried Leaf\IMG20250724100433.jpg,Dried Leaf,1858
C:\Users\Fame IT\Videos\rwn\438\Dataset\Dataset\Dried Leaf\IMG20250724100436.jpg,Dried Leaf,1859
C:\Users\Fame IT\Videos\rwn\438\Dataset\Dataset\Dried Leaf\IMG20250724100439.jpg,Dried Leaf,1860
C:\Users\Fame IT\Videos\rwn\438\Dataset\Dataset\Dried Leaf\IMG20250724100443.jpg,Dried Leaf,1861
C:\Users\Fame IT\Videos\rwn\438\Dataset\Dataset\Dried Leaf\IMG20250724100453.jpg,Dried Leaf,1864
C:\Users\Fame IT\Videos\rwn\438\Dataset\Dataset\Dried Leaf\IMG20250724100456.jpg,Dried Leaf,1865
C:\Users\Fame IT\Videos\rwn\438\Dataset\Dataset\Dried Leaf\IMG20250724100527.jpg,Dried Leaf,1870
C:\Users\Fame IT\Videos\rwn\438\Dataset\Dataset\Dried Leaf\IMG20250724100530.jpg,Dried Leaf,1871
C:\Users\Fame IT\Videos\rwn\438\Dataset\Dataset\Dried Leaf\IMG20250724100541.jpg,Dried Leaf,1874
C:\Users\Fame IT\Videos\rwn\438\Dataset\Dataset\Dried Leaf\IMG20250724100544.jpg,Dried Leaf,1875
C:\Users\Fame IT\Videos\rwn\438\Dataset\Dataset\Dried Leaf\IMG20250724100547.jpg,Dried Leaf,1876
C:\Users\Fame IT\Videos\rwn\438\Dataset\Dataset\Dried Leaf\IMG20250724100550.jpg,Dried Leaf,1877
C:\Users\Fame IT\Videos\rwn\438\Dataset\Dataset\Dried Leaf\IMG20250724100554.jpg,Dried Leaf,1878
C:\Users\Fame IT\Videos\rwn\438\Dataset\Dataset\Dried Leaf\IMG20250724100557.jpg,Dried Leaf,1879
C:\Users\Fame IT\Videos\rwn\438\Dataset\Dataset\Dried Leaf\IMG20250724100603.jpg,Dried Leaf,1881
C:\Users\Fame IT\Videos\rwn\438\Dataset\Dataset\Dried Leaf\IMG20250724100607.jpg,Dried Leaf,1882
C:\Users\Fame IT\Videos\rwn\438\Dataset\Dataset\Dried Leaf\IMG20250724100610.jpg,Dried Leaf,1883
C:\Users\Fame IT\Videos\rwn\438\Dataset\Dataset\Dried Leaf\IMG20250724100613.jpg,Dried Leaf,1884
C:\Users\Fame IT\Videos\rwn\438\Dataset\Dataset\Dried Leaf\IMG20250724100629.jpg,Dried Leaf,1885
C:\Users\Fame IT\Videos\rwn\438\Dataset\Dataset\Dried Leaf\IMG20250724100638.jpg,Dried Leaf,1886
C:\Users\Fame IT\Videos\rwn\438\Dataset\Dataset\Dried Leaf\IMG20250724100649.jpg,Dried Leaf,1889
C:\Users\Fame IT\Videos\rwn\438\Dataset\Dataset\Dried Leaf\IMG20250724100652.jpg,Dried Leaf,1890
C:\Users\Fame IT\Videos\rwn\438\Dataset\Dataset\Dried Leaf\IMG20250724100656.jpg,Dried Leaf,1891
C:\Users\Fame IT\Videos\rwn\438\Dataset\Dataset\Dried Leaf\IMG20250724100659.jpg,Dried Leaf,1892
C:\Users\Fame IT\Videos\rwn\438\Dataset\Dataset\Dried Leaf\IMG20250724100706.jpg,Dried Leaf,1893
C:\Users\Fame IT\Videos\rwn\438\Dataset\Dataset\Dried Leaf\IMG20250724100715.jpg,Dried Leaf,1895
C:\Users\Fame IT\Videos\rwn\438\Dataset\Dataset\Dried Leaf\IMG20250724100718.jpg,Dried Leaf,1896
C:\Users\Fame IT\Videos\rwn\438\Dataset\Dataset\Dried Leaf\IMG20250724100721.jpg,Dried Leaf,1897
C:\Users\Fame IT\Videos\rwn\438\Dataset\Dataset\Dried Leaf\IMG20250724100731.jpg,Dried Leaf,1900
C:\Users\Fame IT\Videos\rwn\438\Dataset\Dataset\Dried Leaf\IMG20250724100837.jpg,Dried Leaf,1901
C:\Users\Fame IT\Videos\rwn\438\Dataset\Dataset\Dried Leaf\IMG20250724100842.jpg,Dried Leaf,1902
C:\Users\Fame IT\Videos\rwn\438\Dataset\Dataset\Dried Leaf\IMG20250724100845.jpg,Dried Leaf,1903
C:\Users\Fame IT\Videos\rwn\438\Dataset\Dataset\Dried Leaf\IMG20250724100849.jpg,Dried Leaf,1904
C:\Users\Fame IT\Videos\rwn\438\Dataset\Dataset\Dried Leaf\IMG20250724100858.jpg,Dried Leaf,1907
C:\Users\Fame IT\Videos\rwn\438\Dataset\Dataset\Dried Leaf\IMG20250724100905.jpg,Dried Leaf,1909
C:\Users\Fame IT\Videos\rwn\438\Dataset\Dataset\Dried Leaf\IMG20250724100909.jpg,Dried Leaf,1910
C:\Users\Fame IT\Videos\rwn\438\Dataset\Dataset\Dried Leaf\IMG20250724100913.jpg,Dried Leaf,1911
C:\Users\Fame IT\Videos\rwn\438\Dataset\Dataset\Dried Leaf\IMG20250724100916.jpg,Dried Leaf,1912
C:\Users\Fame IT\Videos\rwn\438\Dataset\Dataset\Dried Leaf\IMG20250724100919.jpg,Dried Leaf,1913
C:\Users\Fame IT\Videos\rwn\438\Dataset\Dataset\Dried Leaf\IMG20250724100944.jpg,Dried Leaf,1916
C:\Users\Fame IT\Videos\rwn\438\Dataset\Dataset\Dried Leaf\IMG20250724100946.jpg,Dried Leaf,1917
C:\Users\Fame IT\Videos\rwn\438\Dataset\Dataset\Dried Leaf\IMG20250724100952.jpg,Dried Leaf,1918
C:\Users\Fame IT\Videos\rwn\438\Dataset\Dataset\Dried Leaf\IMG20250724101005.jpg,Dried Leaf,1920
C:\Users\Fame IT\Videos\rwn\438\Dataset\Dataset\Dried Leaf\IMG20250724101008.jpg,Dried Leaf,1921
C:\Users\Fame IT\Videos\rwn\438\Dataset\Dataset\Dried Leaf\IMG20250724101012.jpg,Dried Leaf,1922
C:\Users\Fame IT\Videos\rwn\438\Dataset\Dataset\Dried Leaf\IMG20250724101016.jpg,Dried Leaf,1923
C:\Users\Fame IT\Videos\rwn\438\Dataset\Dataset\Dried Leaf\IMG20250724101018.jpg,Dried Leaf,1924
C:\Users\Fame IT\Videos\rwn\438\Dataset\Dataset\Dried Leaf\IMG20250724101024.jpg,Dried Leaf,1926
C:\Users\Fame IT\Videos\rwn\438\Dataset\Dataset\Dried Leaf\IMG20250724101027.jpg,Dried Leaf,1927
C:\Users\Fame IT\Videos\rwn\438\Dataset\Dataset\Dried Leaf\IMG20250724101034.jpg,Dried Leaf,1929
C:\Users\Fame IT\Videos\rwn\438\Dataset\Dataset\Dried Leaf\IMG20250724101037.jpg,Dried Leaf,1930
C:\Users\Fame IT\Videos\rwn\438\Dataset\Dataset\Dried Leaf\IMG20250724101040.jpg,Dried Leaf,1931
C:\Users\Fame IT\Videos\rwn\438\Dataset\Dataset\Dried Leaf\IMG20250724101043.jpg,Dried Leaf,1932
C:\Users\Fame IT\Videos\rwn\438\Dataset\Dataset\Dried Leaf\IMG20250724101045.jpg,Dried Leaf,1933
C:\Users\Fame IT\Videos\rwn\438\Dataset\Dataset\Dried Leaf\IMG20250724101048.jpg,Dried Leaf,1934
C:\Users\Fame IT\Videos\rwn\438\Dataset\Dataset\Dried Leaf\IMG20250724101051.jpg,Dried Leaf,1935
C:\Users\Fame IT\Videos\rwn\438\Dataset\Dataset\Dried Leaf\IMG20250724101137.jpg,Dried Leaf,1937
C:\Users\Fame IT\Videos\rwn\438\Dataset\Dataset\Dried Leaf\IMG20250724101140.jpg,Dried Leaf,1938
C:\Users\Fame IT\Videos\rwn\438\Dataset\Dataset\Dried Leaf\IMG20250724101143.jpg,Dried Leaf,1939
C:\Users\Fame IT\Videos\rwn\438\Dataset\Dataset\Dried Leaf\IMG20250724101147.jpg,Dried Leaf,1940
C:\Users\Fame IT\Videos\rwn\438\Dataset\Dataset\Dried Leaf\IMG20250724101150.jpg,Dried Leaf,1941
C:\Users\Fame IT\Videos\rwn\438\Dataset\Dataset\Dried Leaf\IMG20250724101155.jpg,Dried Leaf,1943
C:\Users\Fame IT\Videos\rwn\438\Dataset\Dataset\Dried Leaf\IMG20250724101158.jpg,Dried Leaf,1944
C:\Users\Fame IT\Videos\rwn\438\Dataset\Dataset\Dried Leaf\IMG20250724101210.jpg,Dried Leaf,1945
C:\Users\Fame IT\Videos\rwn\438\Dataset\Dataset\Dried Leaf\IMG20250724101214.jpg,Dried Leaf,1946
C:\Users\Fame IT\Videos\rwn\438\Dataset\Dataset\Dried Leaf\IMG20250724101218.jpg,Dried Leaf,1947
C:\Users\Fame IT\Videos\rwn\438\Dataset\Dataset\Dried Leaf\IMG20250724101221.jpg,Dried Leaf,1948
C:\Users\Fame IT\Videos\rwn\438\Dataset\Dataset\Dried Leaf\IMG20250724101224.jpg,Dried Leaf,1949
C:\Users\Fame IT\Videos\rwn\438\Dataset\Dataset\Dried Leaf\IMG20250724101227.jpg,Dried Leaf,1950
C:\Users\Fame IT\Videos\rwn\438\Dataset\Dataset\Dried Leaf\IMG20250724101235.jpg,Dried Leaf,1952
C:\Users\Fame IT\Videos\rwn\438\Dataset\Dataset\Dried Leaf\IMG20250724101246.jpg,Dried Leaf,1954
C:\Users\Fame IT\Videos\rwn\438\Dataset\Dataset\Dried Leaf\IMG20250724101249.jpg,Dried Leaf,1955
C:\Users\Fame IT\Videos\rwn\438\Dataset\Dataset\Dried Leaf\IMG20250724101259.jpg,Dried Leaf,1956
C:\Users\Fame IT\Videos\rwn\438\Dataset\Dataset\Dried Leaf\IMG20250724101306.jpg,Dried Leaf,1958
C:\Users\Fame IT\Videos\rwn\438\Dataset\Dataset\Dried Leaf\IMG20250724101309.jpg,Dried Leaf,1959
C:\Users\Fame IT\Videos\rwn\438\Dataset\Dataset\Dried Leaf\IMG20250724101316.jpg,Dried Leaf,1961
C:\Users\Fame IT\Videos\rwn\438\Dataset\Dataset\Dried Leaf\IMG20250724101322.jpg,Dried Leaf,1963
C:\Users\Fame IT\Videos\rwn\438\Dataset\Dataset\Dried Leaf\IMG20250724101324.jpg,Dried Leaf,1964
C:\Users\Fame IT\Videos\rwn\438\Dataset\Dataset\Dried Leaf\IMG20250724101328.jpg,Dried Leaf,1965
C:\Users\Fame IT\Videos\rwn\438\Dataset\Dataset\Dried Leaf\IMG20250724101331.jpg,Dried Leaf,1966
C:\Users\Fame IT\Videos\rwn\438\Dataset\Dataset\Dried Leaf\IMG20250724101335.jpg,Dried Leaf,1967
C:\Users\Fame IT\Videos\rwn\438\Dataset\Dataset\Dried Leaf\IMG20250724101338.jpg,Dried Leaf,1968
C:\Users\Fame IT\Videos\rwn\438\Dataset\Dataset\Dried Leaf\IMG20250724101353.jpg,Dried Leaf,1969
C:\Users\Fame IT\Videos\rwn\438\Dataset\Dataset\Dried Leaf\IMG20250724101356.jpg,Dried Leaf,1970
C:\Users\Fame IT\Videos\rwn\438\Dataset\Dataset\Dried Leaf\IMG20250724101408.jpg,Dried Leaf,1972
C:\Users\Fame IT\Videos\rwn\438\Dataset\Dataset\Dried Leaf\IMG20250724101421.jpg,Dried Leaf,1975
C:\Users\Fame IT\Videos\rwn\438\Dataset\Dataset\Dried Leaf\IMG20250724101425.jpg,Dried Leaf,1976
C:\Users\Fame IT\Videos\rwn\438\Dataset\Dataset\Dried Leaf\IMG20250724101428.jpg,Dried Leaf,1977
C:\Users\Fame IT\Videos\rwn\438\Dataset\Dataset\Dried Leaf\IMG20250724101434.jpg,Dried Leaf,1979
C:\Users\Fame IT\Videos\rwn\438\Dataset\Dataset\Dried Leaf\IMG20250724101452.jpg,Dried Leaf,1980
C:\Users\Fame IT\Videos\rwn\438\Dataset\Dataset\Dried Leaf\IMG20250724101455.jpg,Dried Leaf,1981
C:\Users\Fame IT\Videos\rwn\438\Dataset\Dataset\Dried Leaf\IMG20250724101502.jpg,Dried Leaf,1983
C:\Users\Fame IT\Videos\rwn\438\Dataset\Dataset\Dried Leaf\IMG20250724101517.jpg,Dried Leaf,1986
C:\Users\Fame IT\Videos\rwn\438\Dataset\Dataset\Dried Leaf\IMG20250724101531.jpg,Dried Leaf,1987
C:\Users\Fame IT\Videos\rwn\438\Dataset\Dataset\Dried Leaf\IMG20250724101534.jpg,Dried Leaf,1988
C:\Users\Fame IT\Videos\rwn\438\Dataset\Dataset\Dried Leaf\IMG20250724101537.jpg,Dried Leaf,1989
C:\Users\Fame IT\Videos\rwn\438\Dataset\Dataset\Dried Leaf\IMG20250724101541.jpg,Dried Leaf,1990
C:\Users\Fame IT\Videos\rwn\438\Dataset\Dataset\Dried Leaf\IMG20250724101546.jpg,Dried Leaf,1992
C:\Users\Fame IT\Videos\rwn\438\Dataset\Dataset\Dried Leaf\IMG20250724101549.jpg,Dried Leaf,1993
C:\Users\Fame IT\Videos\rwn\438\Dataset\Dataset\Dried Leaf\IMG20250724101552.jpg,Dried Leaf,1994
C:\Users\Fame IT\Videos\rwn\438\Dataset\Dataset\Dried Leaf\IMG20250724101556.jpg,Dried Leaf,1995
C:\Users\Fame IT\Videos\rwn\438\Dataset\Dataset\Dried Leaf\IMG20250724101559.jpg,Dried Leaf,1996
C:\Users\Fame IT\Videos\rwn\438\Dataset\Dataset\Dried Leaf\IMG20250724101601.jpg,Dried Leaf,1997
C:\Users\Fame IT\Videos\rwn\438\Dataset\Dataset\Dried Leaf\IMG20250724101608.jpg,Dried Leaf,1998
C:\Users\Fame IT\Videos\rwn\438\Dataset\Dataset\Dried Leaf\IMG20250724101622.jpg,Dried Leaf,2000
C:\Users\Fame IT\Videos\rwn\438\Dataset\Dataset\Dried Leaf\IMG20250724101636.jpg,Dried Leaf,2004
C:\Users\Fame IT\Videos\rwn\438\Dataset\Dataset\Dried Leaf\IMG20250724101639.jpg,Dried Leaf,2005
C:\Users\Fame IT\Videos\rwn\438\Dataset\Dataset\Dried Leaf\IMG20250724101648.jpg,Dried Leaf,2006
C:\Users\Fame IT\Videos\rwn\438\Dataset\Dataset\Dried Leaf\IMG20250724101651.jpg,Dried Leaf,2007
C:\Users\Fame IT\Videos\rwn\438\Dataset\Dataset\Dried Leaf\IMG20250724101734.jpg,Dried Leaf,2012
C:\Users\Fame IT\Videos\rwn\438\Dataset\Dataset\Dried Leaf\IMG20250724101737.jpg,Dried Leaf,2013
C:\Users\Fame IT\Videos\rwn\438\Dataset\Dataset\Dried Leaf\IMG20250724101741.jpg,Dried Leaf,2014
C:\Users\Fame IT\Videos\rwn\438\Dataset\Dataset\Dried Leaf\IMG20250724101745.jpg,Dried Leaf,2015
C:\Users\Fame IT\Videos\rwn\438\Dataset\Dataset\Dried Leaf\IMG20250724101754.jpg,Dried Leaf,2017
C:\Users\Fame IT\Videos\rwn\438\Dataset\Dataset\Dried Leaf\IMG20250724101801.jpg,Dried Leaf,2019
C:\Users\Fame IT\Videos\rwn\438\Dataset\Dataset\Dried Leaf\IMG20250724101808.jpg,Dried Leaf,2021
C:\Users\Fame IT\Videos\rwn\438\Dataset\Dataset\Dried Leaf\IMG20250724101811.jpg,Dried Leaf,2022
C:\Users\Fame IT\Videos\rwn\438\Dataset\Dataset\Dried Leaf\IMG20250724101815.jpg,Dried Leaf,2023
C:\Users\Fame IT\Videos\rwn\438\Dataset\Dataset\Dried Leaf\IMG20250724101846.jpg,Dried Leaf,2024
C:\Users\Fame IT\Videos\rwn\438\Dataset\Dataset\Dried Leaf\IMG20250724101948.jpg,Dried Leaf,2025
C:\Users\Fame IT\Videos\rwn\438\Dataset\Dataset\Dried Leaf\IMG20250724101951.jpg,Dried Leaf,2026
C:\Users\Fame IT\Videos\rwn\438\Dataset\Dataset\Dried Leaf\IMG20250724101954.jpg,Dried Leaf,2027
C:\Users\Fame IT\Videos\rwn\438\Dataset\Dataset\Dried Leaf\IMG20250724101957.jpg,Dried Leaf,2028
C:\Users\Fame IT\Videos\rwn\438\Dataset\Dataset\Dried Leaf\IMG20250724102001.jpg,Dried Leaf,2029
C:\Users\Fame IT\Videos\rwn\438\Dataset\Dataset\Dried Leaf\IMG20250724102004.jpg,Dried Leaf,2030
C:\Users\Fame IT\Videos\rwn\438\Dataset\Dataset\Dried Leaf\IMG20250724102008.jpg,Dried Leaf,2031
C:\Users\Fame IT\Videos\rwn\438\Dataset\Dataset\Dried Leaf\IMG20250724102011.jpg,Dried Leaf,2032
C:\Users\Fame IT\Videos\rwn\438\Dataset\Dataset\Dried Leaf\IMG20250724102019.jpg,Dried Leaf,2033
C:\Users\Fame IT\Videos\rwn\438\Dataset\Dataset\Dried Leaf\IMG20250724102027.jpg,Dried Leaf,2034
C:\Users\Fame IT\Videos\rwn\438\Dataset\Dataset\Dried Leaf\IMG20250724102031.jpg,Dried Leaf,2035
C:\Users\Fame IT\Videos\rwn\438\Dataset\Dataset\Dried Leaf\IMG20250724102034.jpg,Dried Leaf,2036
C:\Users\Fame IT\Videos\rwn\438\Dataset\Dataset\Dried Leaf\IMG20250724102037.jpg,Dried Leaf,2037
C:\Users\Fame IT\Videos\rwn\438\Dataset\Dataset\Dried Leaf\IMG20250724102047.jpg,Dried Leaf,2040
C:\Users\Fame IT\Videos\rwn\438\Dataset\Dataset\Dried Leaf\IMG20250724102050.jpg,Dried Leaf,2041
C:\Users\Fame IT\Videos\rwn\438\Dataset\Dataset\Dried Leaf\IMG20250724102058.jpg,Dried Leaf,2042
C:\Users\Fame IT\Videos\rwn\438\Dataset\Dataset\Dried Leaf\IMG20250724102104.jpg,Dried Leaf,2043
C:\Users\Fame IT\Videos\rwn\438\Dataset\Dataset\Dried Leaf\IMG20250724102111.jpg,Dried Leaf,2045
C:\Users\Fame IT\Videos\rwn\438\Dataset\Dataset\Dried Leaf\IMG20250724102115.jpg,Dried Leaf,2046
C:\Users\Fame IT\Videos\rwn\438\Dataset\Dataset\Dried Leaf\IMG20250724102118.jpg,Dried Leaf,2047
C:\Users\Fame IT\Videos\rwn\438\Dataset\Dataset\Dried Leaf\IMG20250724102132.jpg,Dried Leaf,2051
C:\Users\Fame IT\Videos\rwn\438\Dataset\Dataset\Dried Leaf\IMG20250724102136.jpg,Dried Leaf,2052
C:\Users\Fame IT\Videos\rwn\438\Dataset\Dataset\Dried Leaf\IMG20250724102139.jpg,Dried Leaf,2053
C:\Users\Fame IT\Videos\rwn\438\Dataset\Dataset\Dried Leaf\IMG20250724102142.jpg,Dried Leaf,2054
C:\Users\Fame IT\Videos\rwn\438\Dataset\Dataset\Dried Leaf\IMG20250724102145.jpg,Dried Leaf,2055
C:\Users\Fame IT\Videos\rwn\438\Dataset\Dataset\Dried Leaf\IMG20250724102148.jpg,Dried Leaf,2056
C:\Users\Fame IT\Videos\rwn\438\Dataset\Dataset\Dried Leaf\IMG20250724102151.jpg,Dried Leaf,2057
C:\Users\Fame IT\Videos\rwn\438\Dataset\Dataset\Dried Leaf\IMG20250724102159.jpg,Dried Leaf,2060
C:\Users\Fame IT\Videos\rwn\438\Dataset\Dataset\Dried Leaf\IMG20250724102207.jpg,Dried Leaf,2061
C:\Users\Fame IT\Videos\rwn\438\Dataset\Dataset\Dried Leaf\IMG20250724102213.jpg,Dried Leaf,2062
C:\Users\Fame IT\Videos\rwn\438\Dataset\Dataset\Dried Leaf\IMG20250724102216.jpg,Dried Leaf,2063
C:\Users\Fame IT\Videos\rwn\438\Dataset\Dataset\Dried Leaf\IMG20250724102223.jpg,Dried Leaf,2065
C:\Users\Fame IT\Videos\rwn\438\Dataset\Dataset\Dried Leaf\IMG20250724102237.jpg,Dried Leaf,2069
C:\Users\Fame IT\Videos\rwn\438\Dataset\Dataset\Dried Leaf\IMG20250724102317.jpg,Dried Leaf,2070
C:\Users\Fame IT\Videos\rwn\438\Dataset\Dataset\Dried Leaf\IMG20250724102320.jpg,Dried Leaf,2071
C:\Users\Fame IT\Videos\rwn\438\Dataset\Dataset\Dried Leaf\IMG20250724102328.jpg,Dried Leaf,2074
C:\Users\Fame IT\Videos\rwn\438\Dataset\Dataset\Dried Leaf\IMG20250724102331.jpg,Dried Leaf,2075
C:\Users\Fame IT\Videos\rwn\438\Dataset\Dataset\Dried Leaf\IMG20250724102333.jpg,Dried Leaf,2076
C:\Users\Fame IT\Videos\rwn\438\Dataset\Dataset\Dried Leaf\IMG20250724102352.jpg,Dried Leaf,2081
C:\Users\Fame IT\Videos\rwn\438\Dataset\Dataset\Dried Leaf\IMG20250724102400.jpg,Dried Leaf,2084
C:\Users\Fame IT\Videos\rwn\438\Dataset\Dataset\Dried Leaf\IMG20250724102403.jpg,Dried Leaf,2085
C:\Users\Fame IT\Videos\rwn\438\Dataset\Dataset\Dried Leaf\IMG20250724102413.jpg,Dried Leaf,2088
C:\Users\Fame IT\Videos\rwn\438\Dataset\Dataset\Dried Leaf\IMG20250724102419.jpg,Dried Leaf,2089
C:\Users\Fame IT\Videos\rwn\438\Dataset\Dataset\Dried Leaf\IMG20250724102422.jpg,Dried Leaf,2090
C:\Users\Fame IT\Videos\rwn\438\Dataset\Dataset\Dried Leaf\IMG20250724102429.jpg,Dried Leaf,2091
C:\Users\Fame IT\Videos\rwn\438\Dataset\Dataset\Dried Leaf\IMG20250724102437.jpg,Dried Leaf,2093
C:\Users\Fame IT\Videos\rwn\438\Dataset\Dataset\Dried Leaf\IMG20250724102446.jpg,Dried Leaf,2096
C:\Users\Fame IT\Videos\rwn\438\Dataset\Dataset\Dried Leaf\IMG20250724102501.jpg,Dried Leaf,2098
C:\Users\Fame IT\Videos\rwn\438\Dataset\Dataset\Dried Leaf\IMG20250724102506.jpg,Dried Leaf,2099
C:\Users\Fame IT\Videos\rwn\438\Dataset\Dataset\Dried Leaf\IMG20250724102538.jpg,Dried Leaf,2102
C:\Users\Fame IT\Videos\rwn\438\Dataset\Dataset\Dried Leaf\IMG20250724102541.jpg,Dried Leaf,2103
C:\Users\Fame IT\Videos\rwn\438\Dataset\Dataset\Dried Leaf\IMG20250724102546.jpg,Dried Leaf,2104
C:\Users\Fame IT\Videos\rwn\438\Dataset\Dataset\Dried Leaf\IMG20250724102552.jpg,Dried Leaf,2105
C:\Users\Fame IT\Videos\rwn\438\Dataset\Dataset\Dried Leaf\IMG20250724102558.jpg,Dried Leaf,2107
C:\Users\Fame IT\Videos\rwn\438\Dataset\Dataset\Dried Leaf\IMG20250724102601.jpg,Dried Leaf,2108
C:\Users\Fame IT\Videos\rwn\438\Dataset\Dataset\Dried Leaf\IMG20250724102604.jpg,Dried Leaf,2109
C:\Users\Fame IT\Videos\rwn\438\Dataset\Dataset\Dried Leaf\IMG20250724102608.jpg,Dried Leaf,2110
C:\Users\Fame IT\Videos\rwn\438\Dataset\Dataset\Dried Leaf\IMG20250724102611.jpg,Dried Leaf,2111
C:\Users\Fame IT\Videos\rwn\438\Dataset\Dataset\Dried Leaf\IMG20250724102620.jpg,Dried Leaf,2112
C:\Users\Fame IT\Videos\rwn\438\Dataset\Dataset\Dried Leaf\IMG20250724102624.jpg,Dried Leaf,2113
C:\Users\Fame IT\Videos\rwn\438\Dataset\Dataset\Dried Leaf\IMG20250724102632.jpg,Dried Leaf,2115
C:\Users\Fame IT\Videos\rwn\438\Dataset\Dataset\Dried Leaf\IMG20250724102641.jpg,Dried Leaf,2117
C:\Users\Fame IT\Videos\rwn\438\Dataset\Dataset\Dried Leaf\IMG20250724102646.jpg,Dried Leaf,2118
C:\Users\Fame IT\Videos\rwn\438\Dataset\Dataset\Dried Leaf\IMG20250724102649.jpg,Dried Leaf,2119
C:\Users\Fame IT\Videos\rwn\438\Dataset\Dataset\Dried Leaf\IMG20250724102653.jpg,Dried Leaf,2120
C:\Users\Fame IT\Videos\rwn\438\Dataset\Dataset\Dried Leaf\IMG20250724102659.jpg,Dried Leaf,2122
C:\Users\Fame IT\Videos\rwn\438\Dataset\Dataset\Dried Leaf\IMG20250724102705.jpg,Dried Leaf,2124
C:\Users\Fame IT\Videos\rwn\438\Dataset\Dataset\Dried Leaf\IMG20250724102718.jpg,Dried Leaf,2126
C:\Users\Fame IT\Videos\rwn\438\Dataset\Dataset\Dried Leaf\IMG20250724102723.jpg,Dried Leaf,2127
C:\Users\Fame IT\Videos\rwn\438\Dataset\Dataset\Dried Leaf\IMG20250724102726.jpg,Dried Leaf,2128
C:\Users\Fame IT\Videos\rwn\438\Dataset\Dataset\Dried Leaf\IMG20250724102733.jpg,Dried Leaf,2129
C:\Users\Fame IT\Videos\rwn\438\Dataset\Dataset\Dried Leaf\IMG20250724102740.jpg,Dried Leaf,2131
C:\Users\Fame IT\Videos\rwn\438\Dataset\Dataset\Dried Leaf\IMG20250724102746.jpg,Dried Leaf,2132
C:\Users\Fame IT\Videos\rwn\438\Dataset\Dataset\Dried Leaf\IMG20250724102749.jpg,Dried Leaf,2133
C:\Users\Fame IT\Videos\rwn\438\Dataset\Dataset\Dried Leaf\IMG20250724102752.jpg,Dried Leaf,2134
C:\Users\Fame IT\Videos\rwn\438\Dataset\Dataset\Dried Leaf\IMG20250724102846.jpg,Dried Leaf,2137
C:\Users\Fame IT\Videos\rwn\438\Dataset\Dataset\Dried Leaf\IMG20250724102850.jpg,Dried Leaf,2138
C:\Users\Fame IT\Videos\rwn\438\Dataset\Dataset\Dried Leaf\IMG20250724102900.jpg,Dried Leaf,2141
C:\Users\Fame IT\Videos\rwn\438\Dataset\Dataset\Dried Leaf\IMG20250724102903.jpg,Dried Leaf,2142
C:\Users\Fame IT\Videos\rwn\438\Dataset\Dataset\Dried Leaf\IMG20250724102906.jpg,Dried Leaf,2143
C:\Users\Fame IT\Videos\rwn\438\Dataset\Dataset\Dried Leaf\IMG20250724102957.jpg,Dried Leaf,2144
C:\Users\Fame IT\Videos\rwn\438\Dataset\Dataset\Dried Leaf\IMG20250724103000.jpg,Dried Leaf,2145
C:\Users\Fame IT\Videos\rwn\438\Dataset\Dataset\Dried Leaf\IMG20250724103004.jpg,Dried Leaf,2146
C:\Users\Fame IT\Videos\rwn\438\Dataset\Dataset\Dried Leaf\IMG20250724103007.jpg,Dried Leaf,2147
C:\Users\Fame IT\Videos\rwn\438\Dataset\Dataset\Dried Leaf\IMG20250724103011.jpg,Dried Leaf,2148
C:\Users\Fame IT\Videos\rwn\438\Dataset\Dataset\Dried Leaf\IMG20250724103019.jpg,Dried Leaf,2150
C:\Users\Fame IT\Videos\rwn\438\Dataset\Dataset\Dried Leaf\IMG20250724103022.jpg,Dried Leaf,2151
C:\Users\Fame IT\Videos\rwn\438\Dataset\Dataset\Dried Leaf\IMG20250724103026.jpg,Dried Leaf,2152
C:\Users\Fame IT\Videos\rwn\438\Dataset\Dataset\Dried Leaf\IMG20250724103032.jpg,Dried Leaf,2154
C:\Users\Fame IT\Videos\rwn\438\Dataset\Dataset\Dried Leaf\IMG20250724103038.jpg,Dried Leaf,2156
C:\Users\Fame IT\Videos\rwn\438\Dataset\Dataset\Dried Leaf\IMG20250724103044.jpg,Dried Leaf,2158
C:\Users\Fame IT\Videos\rwn\438\Dataset\Dataset\Dried Leaf\IMG20250724103054.jpg,Dried Leaf,2161
C:\Users\Fame IT\Videos\rwn\438\Dataset\Dataset\Dried Leaf\IMG20250724103106.jpg,Dried Leaf,2164
C:\Users\Fame IT\Videos\rwn\438\Dataset\Dataset\Dried Leaf\IMG20250724103148.jpg,Dried Leaf,2165
C:\Users\Fame IT\Videos\rwn\438\Dataset\Dataset\Dried Leaf\IMG20250724103151.jpg,Dried Leaf,2166
C:\Users\Fame IT\Videos\rwn\438\Dataset\Dataset\Dried Leaf\IMG20250724103155.jpg,Dried Leaf,2167
C:\Users\Fame IT\Videos\rwn\438\Dataset\Dataset\Dried Leaf\IMG20250724103157.jpg,Dried Leaf,2168
C:\Users\Fame IT\Videos\rwn\438\Dataset\Dataset\Dried Leaf\IMG20250724103201.jpg,Dried Leaf,2169
C:\Users\Fame IT\Videos\rwn\438\Dataset\Dataset\Dried Leaf\IMG20250724103204.jpg,Dried Leaf,2170
C:\Users\Fame IT\Videos\rwn\438\Dataset\Dataset\Dried Leaf\IMG20250724103207.jpg,Dried Leaf,2171
C:\Users\Fame IT\Videos\rwn\438\Dataset\Dataset\Dried Leaf\IMG20250724103210.jpg,Dried Leaf,2172
C:\Users\Fame IT\Videos\rwn\438\Dataset\Dataset\Dried Leaf\IMG20250724103214.jpg,Dried Leaf,2173
C:\Users\Fame IT\Videos\rwn\438\Dataset\Dataset\Dried Leaf\IMG20250724103217.jpg,Dried Leaf,2174
C:\Users\Fame IT\Videos\rwn\438\Dataset\Dataset\Dried Leaf\IMG20250724103220.jpg,Dried Leaf,2175
C:\Users\Fame IT\Videos\rwn\438\Dataset\Dataset\Dried Leaf\IMG20250724103224.jpg,Dried Leaf,2176
C:\Users\Fame IT\Videos\rwn\438\Dataset\Dataset\Dried Leaf\IMG20250724103227.jpg,Dried Leaf,2177
C:\Users\Fame IT\Videos\rwn\438\Dataset\Dataset\Dried Leaf\IMG20250724103235.jpg,Dried Leaf,2179
C:\Users\Fame IT\Videos\rwn\438\Dataset\Dataset\Dried Leaf\IMG20250724103241.jpg,Dried Leaf,2181
C:\Users\Fame IT\Videos\rwn\438\Dataset\Dataset\Dried Leaf\IMG20250724103248.jpg,Dried Leaf,2183
C:\Users\Fame IT\Videos\rwn\438\Dataset\Dataset\Dried Leaf\IMG20250724103258.jpg,Dried Leaf,2185
C:\Users\Fame IT\Videos\rwn\438\Dataset\Dataset\Dried Leaf\IMG20250724103303.jpg,Dried Leaf,2186
C:\Users\Fame IT\Videos\rwn\438\Dataset\Dataset\Dried Leaf\IMG20250724103308.jpg,Dried Leaf,2187
C:\Users\Fame IT\Videos\rwn\438\Dataset\Dataset\Dried Leaf\IMG20250724103311.jpg,Dried Leaf,2188
C:\Users\Fame IT\Videos\rwn\438\Dataset\Dataset\Dried Leaf\IMG20250724103320.jpg,Dried Leaf,2190
C:\Users\Fame IT\Videos\rwn\438\Dataset\Dataset\Dried Leaf\IMG20250724103325.jpg,Dried Leaf,2191
C:\Users\Fame IT\Videos\rwn\438\Dataset\Dataset\Dried Leaf\IMG20250724103337.jpg,Dried Leaf,2194
C:\Users\Fame IT\Videos\rwn\438\Dataset\Dataset\Dried Leaf\IMG20250724103351.jpg,Dried Leaf,2196
C:\Users\Fame IT\Videos\rwn\438\Dataset\Dataset\Dried Leaf\IMG20250724103358.jpg,Dried Leaf,2198
C:\Users\Fame IT\Videos\rwn\438\Dataset\Dataset\Dried Leaf\IMG20250724103404.jpg,Dried Leaf,2199
C:\Users\Fame IT\Videos\rwn\438\Dataset\Dataset\Dried Leaf\IMG20250724103415.jpg,Dried Leaf,2202
C:\Users\Fame IT\Videos\rwn\438\Dataset\Dataset\Dried Leaf\IMG20250724103418.jpg,Dried Leaf,2203
C:\Users\Fame IT\Videos\rwn\438\Dataset\Dataset\Dried Leaf\IMG20250724103421.jpg,Dried Leaf,2204
C:\Users\Fame IT\Videos\rwn\438\Dataset\Dataset\Dried Leaf\IMG20250724103425.jpg,Dried Leaf,2205
C:\Users\Fame IT\Videos\rwn\438\Dataset\Dataset\Dried Leaf\IMG20250724103428.jpg,Dried Leaf,2206
C:\Users\Fame IT\Videos\rwn\438\Dataset\Dataset\Dried Leaf\IMG20250724103434.jpg,Dried Leaf,2208
C:\Users\Fame IT\Videos\rwn\438\Dataset\Dataset\Dried Leaf\IMG20250724103438.jpg,Dried Leaf,2209
C:\Users\Fame IT\Videos\rwn\438\Dataset\Dataset\Dried Leaf\IMG20250724103443.jpg,Dried Leaf,2211
C:\Users\Fame IT\Videos\rwn\438\Dataset\Dataset\Dried Leaf\IMG20250724103448.jpg,Dried Leaf,2212
C:\Users\Fame IT\Videos\rwn\438\Dataset\Dataset\Dried Leaf\IMG20250724103451.jpg,Dried Leaf,2213
C:\Users\Fame IT\Videos\rwn\438\Dataset\Dataset\Dried Leaf\IMG20250724103455.jpg,Dried Leaf,2214
C:\Users\Fame IT\Videos\rwn\438\Dataset\Dataset\Dried Leaf\IMG20250724103458.jpg,Dried Leaf,2215
C:\Users\Fame IT\Videos\rwn\438\Dataset\Dataset\Dried Leaf\IMG20250724103503.jpg,Dried Leaf,2217
C:\Users\Fame IT\Videos\rwn\438\Dataset\Dataset\Dried Leaf\IMG20250724103537.jpg,Dried Leaf,2218
C:\Users\Fame IT\Videos\rwn\438\Dataset\Dataset\Dried Leaf\IMG20250724103541.jpg,Dried Leaf,2219
C:\Users\Fame IT\Videos\rwn\438\Dataset\Dataset\Dried Leaf\IMG20250724103552.jpg,Dried Leaf,2222
C:\Users\Fame IT\Videos\rwn\438\Dataset\Dataset\Dried Leaf\IMG20250724103623.jpg,Dried Leaf,2225
C:\Users\Fame IT\Videos\rwn\438\Dataset\Dataset\Dried Leaf\IMG20250724103633.jpg,Dried Leaf,2226
C:\Users\Fame IT\Videos\rwn\438\Dataset\Dataset\Dried Leaf\IMG20250724103641.jpg,Dried Leaf,2228
C:\Users\Fame IT\Videos\rwn\438\Dataset\Dataset\Dried Leaf\IMG20250724103652.jpg,Dried Leaf,2230
C:\Users\Fame IT\Videos\rwn\438\Dataset\Dataset\Dried Leaf\IMG20250724103655.jpg,Dried Leaf,2231
C:\Users\Fame IT\Videos\rwn\438\Dataset\Dataset\Dried Leaf\IMG20250724103658.jpg,Dried Leaf,2232
C:\Users\Fame IT\Videos\rwn\438\Dataset\Dataset\Dried Leaf\IMG20250724104838.jpg,Dried Leaf,2233
C:\Users\Fame IT\Videos\rwn\438\Dataset\Dataset\Dried Leaf\IMG20250724104842.jpg,Dried Leaf,2234
C:\Users\Fame IT\Videos\rwn\438\Dataset\Dataset\Dried Leaf\IMG20250724104845.jpg,Dried Leaf,2235
C:\Users\Fame IT\Videos\rwn\438\Dataset\Dataset\Dried Leaf\IMG20250724104854.jpg,Dried Leaf,2237
C:\Users\Fame IT\Videos\rwn\438\Dataset\Dataset\Dried Leaf\IMG20250724104906.jpg,Dried Leaf,2240
C:\Users\Fame IT\Videos\rwn\438\Dataset\Dataset\Dried Leaf\IMG20250724104913.jpg,Dried Leaf,2242
C:\Users\Fame IT\Videos\rwn\438\Dataset\Dataset\Dried Leaf\IMG20250724104916.jpg,Dried Leaf,2243
C:\Users\Fame IT\Videos\rwn\438\Dataset\Dataset\Dried Leaf\IMG20250724104936.jpg,Dried Leaf,2245
C:\Users\Fame IT\Videos\rwn\438\Dataset\Dataset\Dried Leaf\IMG20250724104940.jpg,Dried Leaf,2246
C:\Users\Fame IT\Videos\rwn\438\Dataset\Dataset\Dried Leaf\IMG20250724104944.jpg,Dried Leaf,2247
C:\Users\Fame IT\Videos\rwn\438\Dataset\Dataset\Dried Leaf\IMG20250724104947.jpg,Dried Leaf,2248
C:\Users\Fame IT\Videos\rwn\438\Dataset\Dataset\Dried Leaf\IMG20250724104958.jpg,Dried Leaf,2249
C:\Users\Fame IT\Videos\rwn\438\Dataset\Dataset\Dried Leaf\IMG20250724105003.jpg,Dried Leaf,2250
C:\Users\Fame IT\Videos\rwn\438\Dataset\Dataset\Dried Leaf\IMG20250724105007.jpg,Dried Leaf,2251
C:\Users\Fame IT\Videos\rwn\438\Dataset\Dataset\Dried Leaf\IMG20250724105011.jpg,Dried Leaf,2252
C:\Users\Fame IT\Videos\rwn\438\Dataset\Dataset\Dried Leaf\IMG20250724105019.jpg,Dried Leaf,2254
C:\Users\Fame IT\Videos\rwn\438\Dataset\Dataset\Dried Leaf\IMG20250724105022.jpg,Dried Leaf,2255
C:\Users\Fame IT\Videos\rwn\438\Dataset\Dataset\Dried Leaf\IMG20250724105045.jpg,Dried Leaf,2256
C:\Users\Fame IT\Videos\rwn\438\Dataset\Dataset\Dried Leaf\IMG20250724105056.jpg,Dried Leaf,2259
C:\Users\Fame IT\Videos\rwn\438\Dataset\Dataset\Dried Leaf\IMG20250724105106.jpg,Dried Leaf,2260
C:\Users\Fame IT\Videos\rwn\438\Dataset\Dataset\Dried Leaf\IMG20250724105110.jpg,Dried Leaf,2261
C:\Users\Fame IT\Videos\rwn\438\Dataset\Dataset\Dried Leaf\IMG20250724105118.jpg,Dried Leaf,2263
C:\Users\Fame IT\Videos\rwn\438\Dataset\Dataset\Dried Leaf\IMG20250724105124.jpg,Dried Leaf,2264
C:\Users\Fame IT\Videos\rwn\438\Dataset\Dataset\Dried Leaf\IMG20250724105128.jpg,Dried Leaf,2265
C:\Users\Fame IT\Videos\rwn\438\Dataset\Dataset\Dried Leaf\IMG20250724105131.jpg,Dried Leaf,2266
C:\Users\Fame IT\Videos\rwn\438\Dataset\Dataset\Dried Leaf\IMG20250724105134.jpg,Dried Leaf,2267
C:\Users\Fame IT\Videos\rwn\438\Dataset\Dataset\Dried Leaf\IMG20250724105143.jpg,Dried Leaf,2268
C:\Users\Fame IT\Videos\rwn\438\Dataset\Dataset\Dried Leaf\IMG20250724105146.jpg,Dried Leaf,2269
C:\Users\Fame IT\Videos\rwn\438\Dataset\Dataset\Dried Leaf\IMG20250724105152.jpg,Dried Leaf,2271
C:\Users\Fame IT\Videos\rwn\438\Dataset\Dataset\Dried Leaf\IMG20250724105156.jpg,Dried Leaf,2272
C:\Users\Fame IT\Videos\rwn\438\Dataset\Dataset\Dried Leaf\IMG20250724105202.jpg,Dried Leaf,2274
C:\Users\Fame IT\Videos\rwn\438\Dataset\Dataset\Dried Leaf\IMG20250724105207.jpg,Dried Leaf,2275
C:\Users\Fame IT\Videos\rwn\438\Dataset\Dataset\Dried Leaf\IMG20250724105214.jpg,Dried Leaf,2277
C:\Users\Fame IT\Videos\rwn\438\Dataset\Dataset\Dried Leaf\IMG20250724105217.jpg,Dried Leaf,2278
C:\Users\Fame IT\Videos\rwn\438\Dataset\Dataset\Dried Leaf\IMG20250724105221.jpg,Dried Leaf,2279
C:\Users\Fame IT\Videos\rwn\438\Dataset\Dataset\Dried Leaf\IMG20250724105227.jpg,Dried Leaf,2281
C:\Users\Fame IT\Videos\rwn\438\Dataset\Dataset\Dried Leaf\IMG20250724105230.jpg,Dried Leaf,2282
C:\Users\Fame IT\Videos\rwn\438\Dataset\Dataset\Dried Leaf\IMG20250724105234.jpg,Dried Leaf,2283
C:\Users\Fame IT\Videos\rwn\438\Dataset\Dataset\Dried Leaf\IMG20250724105241.jpg,Dried Leaf,2285
C:\Users\Fame IT\Videos\rwn\438\Dataset\Dataset\Dried Leaf\IMG20250724105249.jpg,Dried Leaf,2286
C:\Users\Fame IT\Videos\rwn\438\Dataset\Dataset\Dried Leaf\IMG20250724105252.jpg,Dried Leaf,2287
C:\Users\Fame IT\Videos\rwn\438\Dataset\Dataset\Dried Leaf\IMG20250724105331.jpg,Dried Leaf,2290
C:\Users\Fame IT\Videos\rwn\438\Dataset\Dataset\Dried Leaf\IMG20250724105346.jpg,Dried Leaf,2293
C:\Users\Fame IT\Videos\rwn\438\Dataset\Dataset\Dried Leaf\IMG20250724105404.jpg,Dried Leaf,2295
C:\Users\Fame IT\Videos\rwn\438\Dataset\Dataset\Dried Leaf\IMG20250724105407.jpg,Dried Leaf,2296
C:\Users\Fame IT\Videos\rwn\438\Dataset\Dataset\Dried Leaf\IMG20250724105410.jpg,Dried Leaf,2297
C:\Users\Fame IT\Videos\rwn\438\Dataset\Dataset\Dried Leaf\IMG20250724105413.jpg,Dried Leaf,2298
C:\Users\Fame IT\Videos\rwn\438\Dataset\Dataset\Dried Leaf\IMG20250724105418.jpg,Dried Leaf,2299
C:\Users\Fame IT\Videos\rwn\438\Dataset\Dataset\Dried Leaf\IMG20250724105429.jpg,Dried Leaf,2300
C:\Users\Fame IT\Videos\rwn\438\Dataset\Dataset\Dried Leaf\IMG20250724105434.jpg,Dried Leaf,2301
C:\Users\Fame IT\Videos\rwn\438\Dataset\Dataset\Dried Leaf\IMG20250724105437.jpg,Dried Leaf,2302
C:\Users\Fame IT\Videos\rwn\438\Dataset\Dataset\Dried Leaf\IMG20250724105440.jpg,Dried Leaf,2303
C:\Users\Fame IT\Videos\rwn\438\Dataset\Dataset\Dried Leaf\IMG20250724105504.jpg,Dried Leaf,2309
C:\Users\Fame IT\Videos\rwn\438\Dataset\Dataset\Dried Leaf\IMG20250724105510.jpg,Dried Leaf,2310
C:\Users\Fame IT\Videos\rwn\438\Dataset\Dataset\Dried Leaf\IMG20250724105522.jpg,Dried Leaf,2311
C:\Users\Fame IT\Videos\rwn\438\Dataset\Dataset\Dried Leaf\IMG20250724105529.jpg,Dried Leaf,2313
C:\Users\Fame IT\Videos\rwn\438\Dataset\Dataset\Dried Leaf\IMG20250724105532.jpg,Dried Leaf,2314
C:\Users\Fame IT\Videos\rwn\438\Dataset\Dataset\Dried Leaf\IMG20250724105536.jpg,Dried Leaf,2315
C:\Users\Fame IT\Videos\rwn\438\Dataset\Dataset\Dried Leaf\IMG20250724105547.jpg,Dried Leaf,2316
C:\Users\Fame IT\Videos\rwn\438\Dataset\Dataset\Dried Leaf\IMG20250724105551.jpg,Dried Leaf,2317
C:\Users\Fame IT\Videos\rwn\438\Dataset\Dataset\Dried Leaf\IMG20250724105559.jpg,Dried Leaf,2319
C:\Users\Fame IT\Videos\rwn\438\Dataset\Dataset\Dried Leaf\IMG20250724105601.jpg,Dried Leaf,2320
C:\Users\Fame IT\Videos\rwn\438\Dataset\Dataset\Dried Leaf\IMG20250724105606.jpg,Dried Leaf,2321
C:\Users\Fame IT\Videos\rwn\438\Dataset\Dataset\Dried Leaf\IMG20250724105610.jpg,Dried Leaf,2322
C:\Users\Fame IT\Videos\rwn\438\Dataset\Dataset\Dried Leaf\IMG20250724105613.jpg,Dried Leaf,2323
C:\Users\Fame IT\Videos\rwn\438\Dataset\Dataset\Dried Leaf\IMG20250724105616.jpg,Dried Leaf,2324
C:\Users\Fame IT\Videos\rwn\438\Dataset\Dataset\Dried Leaf\IMG20250724105619.jpg,Dried Leaf,2325
C:\Users\Fame IT\Videos\rwn\438\Dataset\Dataset\Dried Leaf\IMG20250724105622.jpg,Dried Leaf,2326
C:\Users\Fame IT\Videos\rwn\438\Dataset\Dataset\Dried Leaf\IMG20250724105625.jpg,Dried Leaf,2327
C:\Users\Fame IT\Videos\rwn\438\Dataset\Dataset\Dried Leaf\IMG20250724105634.jpg,Dried Leaf,2329
C:\Users\Fame IT\Videos\rwn\438\Dataset\Dataset\Dried Leaf\IMG20250724105638.jpg,Dried Leaf,2330
C:\Users\Fame IT\Videos\rwn\438\Dataset\Dataset\Dried Leaf\IMG20250724105641.jpg,Dried Leaf,2331
C:\Users\Fame IT\Videos\rwn\438\Dataset\Dataset\Dried Leaf\IMG20250724105648.jpg,Dried Leaf,2333
C:\Users\Fame IT\Videos\rwn\438\Dataset\Dataset\Dried Leaf\IMG20250724105652.jpg,Dried Leaf,2334
C:\Users\Fame IT\Videos\rwn\438\Dataset\Dataset\Dried Leaf\IMG20250724105656.jpg,Dried Leaf,2335
C:\Users\Fame IT\Videos\rwn\438\Dataset\Dataset\Dried Leaf\IMG20250724105659.jpg,Dried Leaf,2336
C:\Users\Fame IT\Videos\rwn\438\Dataset\Dataset\Dried Leaf\IMG20250724105706.jpg,Dried Leaf,2338
C:\Users\Fame IT\Videos\rwn\438\Dataset\Dataset\Dried Leaf\IMG20250724105729.jpg,Dried Leaf,2339
C:\Users\Fame IT\Videos\rwn\438\Dataset\Dataset\Dried Leaf\IMG20250724105732.jpg,Dried Leaf,2340
C:\Users\Fame IT\Videos\rwn\438\Dataset\Dataset\Dried Leaf\IMG20250724105735.jpg,Dried Leaf,2341
C:\Users\Fame IT\Videos\rwn\438\Dataset\Dataset\Dried Leaf\IMG20250724105738.jpg,Dried Leaf,2342
C:\Users\Fame IT\Videos\rwn\438\Dataset\Dataset\Dried Leaf\IMG20250724105740.jpg,Dried Leaf,2343
C:\Users\Fame IT\Videos\rwn\438\Dataset\Dataset\Dried Leaf\IMG20250724105744.jpg,Dried Leaf,2344
C:\Users\Fame IT\Videos\rwn\438\Dataset\Dataset\Dried Leaf\IMG20250724105747.jpg,Dried Leaf,2345
C:\Users\Fame IT\Videos\rwn\438\Dataset\Dataset\Dried Leaf\IMG20250724105751.jpg,Dried Leaf,2346
C:\Users\Fame IT\Videos\rwn\438\Dataset\Dataset\Dried Leaf\IMG20250724105753.jpg,Dried Leaf,2347
C:\Users\Fame IT\Videos\rwn\438\Dataset\Dataset\Dried Leaf\IMG20250724105756.jpg,Dried Leaf,2348
C:\Users\Fame IT\Videos\rwn\438\Dataset\Dataset\Dried Leaf\IMG20250724105800.jpg,Dried Leaf,2349
C:\Users\Fame IT\Videos\rwn\438\Dataset\Dataset\Dried Leaf\IMG20250724105803.jpg,Dried Leaf,2350
C:\Users\Fame IT\Videos\rwn\438\Dataset\Dataset\Dried Leaf\IMG20250724105808.jpg,Dried Leaf,2351
C:\Users\Fame IT\Videos\rwn\438\Dataset\Dataset\Dried Leaf\IMG20250724105811.jpg,Dried Leaf,2352
C:\Users\Fame IT\Videos\rwn\438\Dataset\Dataset\Dried Leaf\IMG20250724105814.jpg,Dried Leaf,2353
C:\Users\Fame IT\Videos\rwn\438\Dataset\Dataset\Dried Leaf\IMG20250724105817.jpg,Dried Leaf,2354
C:\Users\Fame IT\Videos\rwn\438\Dataset\Dataset\Dried Leaf\IMG20250724105824.jpg,Dried Leaf,2356
C:\Users\Fame IT\Videos\rwn\438\Dataset\Dataset\Dried Leaf\IMG20250724105829.jpg,Dried Leaf,2358
C:\Users\Fame IT\Videos\rwn\438\Dataset\Dataset\Dried Leaf\IMG20250724105838.jpg,Dried Leaf,2361
C:\Users\Fame IT\Videos\rwn\438\Dataset\Dataset\Dried Leaf\IMG20250724105841.jpg,Dried Leaf,2362
C:\Users\Fame IT\Videos\rwn\438\Dataset\Dataset\Dried Leaf\IMG20250724105844.jpg,Dried Leaf,2363
C:\Users\Fame IT\Videos\rwn\438\Dataset\Dataset\Dried Leaf\IMG20250724105846.jpg,Dried Leaf,2364
C:\Users\Fame IT\Videos\rwn\438\Dataset\Dataset\Dried Leaf\IMG20250724105918.jpg,Dried Leaf,2367
C:\Users\Fame IT\Videos\rwn\438\Dataset\Dataset\Dried Leaf\IMG20250724105924.jpg,Dried Leaf,2369
C:\Users\Fame IT\Videos\rwn\438\Dataset\Dataset\Dried Leaf\IMG20250724105929.jpg,Dried Leaf,2371
C:\Users\Fame IT\Videos\rwn\438\Dataset\Dataset\Dried Leaf\IMG20250724105945.jpg,Dried Leaf,2375
C:\Users\Fame IT\Videos\rwn\438\Dataset\Dataset\Dried Leaf\IMG20250724105949.jpg,Dried Leaf,2376
C:\Users\Fame IT\Videos\rwn\438\Dataset\Dataset\Dried Leaf\IMG20250724110000.jpg,Dried Leaf,2379
C:\Users\Fame IT\Videos\rwn\438\Dataset\Dataset\Dried Leaf\IMG20250724110004.jpg,Dried Leaf,2380
C:\Users\Fame IT\Videos\rwn\438\Dataset\Dataset\Dried Leaf\IMG20250724110008.jpg,Dried Leaf,2381
C:\Users\Fame IT\Videos\rwn\438\Dataset\Dataset\Dried Leaf\IMG20250724110018.jpg,Dried Leaf,2384
C:\Users\Fame IT\Videos\rwn\438\Dataset\Dataset\Dried Leaf\IMG20250724110021.jpg,Dried Leaf,2385
C:\Users\Fame IT\Videos\rwn\438\Dataset\Dataset\Dried Leaf\IMG20250724110032.jpg,Dried Leaf,2388
C:\Users\Fame IT\Videos\rwn\438\Dataset\Dataset\Dried Leaf\IMG20250724110035.jpg,Dried Leaf,2389
C:\Users\Fame IT\Videos\rwn\438\Dataset\Dataset\Dried Leaf\IMG20250724110037.jpg,Dried Leaf,2390
C:\Users\Fame IT\Videos\rwn\438\Dataset\Dataset\Dried Leaf\IMG20250724110050.jpg,Dried Leaf,2392
C:\Users\Fame IT\Videos\rwn\438\Dataset\Dataset\Dried Leaf\IMG20250724110056.jpg,Dried Leaf,2394
C:\Users\Fame IT\Videos\rwn\438\Dataset\Dataset\Dried Leaf\IMG20250724110102.jpg,Dried Leaf,2396
C:\Users\Fame IT\Videos\rwn\438\Dataset\Dataset\Dried Leaf\IMG20250724110105.jpg,Dried Leaf,2397
C:\Users\Fame IT\Videos\rwn\438\Dataset\Dataset\Dried Leaf\IMG20250724110108.jpg,Dried Leaf,2398
C:\Users\Fame IT\Videos\rwn\438\Dataset\Dataset\Dried Leaf\IMG20250724110112.jpg,Dried Leaf,2399
C:\Users\Fame IT\Videos\rwn\438\Dataset\Dataset\Dried Leaf\IMG20250724110114.jpg,Dried Leaf,2400
C:\Users\Fame IT\Videos\rwn\438\Dataset\Dataset\Dried Leaf\IMG20250724110120.jpg,Dried Leaf,2401
C:\Users\Fame IT\Videos\rwn\438\Dataset\Dataset\Dried Leaf\IMG20250724110124.jpg,Dried Leaf,2402
C:\Users\Fame IT\Videos\rwn\438\Dataset\Dataset\Dried Leaf\IMG20250724110127.jpg,Dried Leaf,2403
C:\Users\Fame IT\Videos\rwn\438\Dataset\Dataset\Dried Leaf\IMG20250724110133.jpg,Dried Leaf,2405
C:\Users\Fame IT\Videos\rwn\438\Dataset\Dataset\Dried Leaf\IMG20250724110135.jpg,Dried Leaf,2406
C:\Users\Fame IT\Videos\rwn\438\Dataset\Dataset\Dried Leaf\IMG20250724110141.jpg,Dried Leaf,2408
C:\Users\Fame IT\Videos\rwn\438\Dataset\Dataset\Dried Leaf\IMG20250724110145.jpg,Dried Leaf,2409
C:\Users\Fame IT\Videos\rwn\438\Dataset\Dataset\Dried Leaf\IMG20250724110155.jpg,Dried Leaf,2410
C:\Users\Fame IT\Videos\rwn\438\Dataset\Dataset\Dried Leaf\IMG20250724110200.jpg,Dried Leaf,2412
C:\Users\Fame IT\Videos\rwn\438\Dataset\Dataset\Dried Leaf\IMG20250724110222.jpg,Dried Leaf,2415
C:\Users\Fame IT\Videos\rwn\438\Dataset\Dataset\Dried Leaf\IMG20250724110226.jpg,Dried Leaf,2416
C:\Users\Fame IT\Videos\rwn\438\Dataset\Dataset\Dried Leaf\IMG20250724110239.jpg,Dried Leaf,2418
C:\Users\Fame IT\Videos\rwn\438\Dataset\Dataset\Dried Leaf\IMG20250724110244.jpg,Dried Leaf,2419
C:\Users\Fame IT\Videos\rwn\438\Dataset\Dataset\Dried Leaf\IMG20250724110248.jpg,Dried Leaf,2420
C:\Users\Fame IT\Videos\rwn\438\Dataset\Dataset\Dried Leaf\IMG20250724110301.jpg,Dried Leaf,2422
C:\Users\Fame IT\Videos\rwn\438\Dataset\Dataset\Dried Leaf\IMG20250724110307.jpg,Dried Leaf,2424
C:\Users\Fame IT\Videos\rwn\438\Dataset\Dataset\Dried Leaf\IMG20250724110310.jpg,Dried Leaf,2425
C:\Users\Fame IT\Videos\rwn\438\Dataset\Dataset\Dried Leaf\IMG20250724110316.jpg,Dried Leaf,2427
C:\Users\Fame IT\Videos\rwn\438\Dataset\Dataset\Dried Leaf\IMG20250724110335.jpg,Dried Leaf,2428
C:\Users\Fame IT\Videos\rwn\438\Dataset\Dataset\Dried Leaf\IMG20250724110341.jpg,Dried Leaf,2430
C:\Users\Fame IT\Videos\rwn\438\Dataset\Dataset\Dried Leaf\IMG20250724110344.jpg,Dried Leaf,2431
C:\Users\Fame IT\Videos\rwn\438\Dataset\Dataset\Dried Leaf\IMG20250724110347.jpg,Dried Leaf,2432
C:\Users\Fame IT\Videos\rwn\438\Dataset\Dataset\Dried Leaf\IMG20250724110351.jpg,Dried Leaf,2433
C:\Users\Fame IT\Videos\rwn\438\Dataset\Dataset\Dried Leaf\IMG20250724110357.jpg,Dried Leaf,2435
C:\Users\Fame IT\Videos\rwn\438\Dataset\Dataset\Dried Leaf\IMG20250724110400.jpg,Dried Leaf,2436
C:\Users\Fame IT\Videos\rwn\438\Dataset\Dataset\Dried Leaf\IMG20250724110403.jpg,Dried Leaf,2437
C:\Users\Fame IT\Videos\rwn\438\Dataset\Dataset\Dried Leaf\IMG20250724110409.jpg,Dried Leaf,2439
C:\Users\Fame IT\Videos\rwn\438\Dataset\Dataset\Dried Leaf\IMG20250724110414.jpg,Dried Leaf,2441
C:\Users\Fame IT\Videos\rwn\438\Dataset\Dataset\Dried Leaf\IMG20250724110443.jpg,Dried Leaf,2442
C:\Users\Fame IT\Videos\rwn\438\Dataset\Dataset\Dried Leaf\IMG20250724110447.jpg,Dried Leaf,2443
C:\Users\Fame IT\Videos\rwn\438\Dataset\Dataset\Dried Leaf\IMG20250724110451.jpg,Dried Leaf,2444
C:\Users\Fame IT\Videos\rwn\438\Dataset\Dataset\Dried Leaf\IMG20250724110456.jpg,Dried Leaf,2446
C:\Users\Fame IT\Videos\rwn\438\Dataset\Dataset\Dried Leaf\IMG20250724110505.jpg,Dried Leaf,2449
C:\Users\Fame IT\Videos\rwn\438\Dataset\Dataset\Dried Leaf\IMG20250724110511.jpg,Dried Leaf,2450
C:\Users\Fame IT\Videos\rwn\438\Dataset\Dataset\Dried Leaf\IMG20250724110515.jpg,Dried Leaf,2451
C:\Users\Fame IT\Videos\rwn\438\Dataset\Dataset\Dried Leaf\IMG20250724110526.jpg,Dried Leaf,2452
C:\Users\Fame IT\Videos\rwn\438\Dataset\Dataset\Dried Leaf\IMG20250724110530.jpg,Dried Leaf,2453
C:\Users\Fame IT\Videos\rwn\438\Dataset\Dataset\Dried Leaf\IMG20250724110534.jpg,Dried Leaf,2454
C:\Users\Fame IT\Videos\rwn\438\Dataset\Dataset\Dried Leaf\IMG20250724110537.jpg,Dried Leaf,2455
C:\Users\Fame IT\Videos\rwn\438\Dataset\Dataset\Dried Leaf\IMG20250724110540.jpg,Dried Leaf,2456
C:\Users\Fame IT\Videos\rwn\438\Dataset\Dataset\Dried Leaf\IMG20250724110543.jpg,Dried Leaf,2457
C:\Users\Fame IT\Videos\rwn\438\Dataset\Dataset\Dried Leaf\IMG20250724110545.jpg,Dried Leaf,2458
C:\Users\Fame IT\Videos\rwn\438\Dataset\Dataset\Dried Leaf\IMG20250724110548.jpg,Dried Leaf,2459
C:\Users\Fame IT\Videos\rwn\438\Dataset\Dataset\Dried Leaf\IMG20250724110551.jpg,Dried Leaf,2460
C:\Users\Fame IT\Videos\rwn\438\Dataset\Dataset\Dried Leaf\IMG20250724110554.jpg,Dried Leaf,2461
C:\Users\Fame IT\Videos\rwn\438\Dataset\Dataset\Dried Leaf\IMG20250724110610.jpg,Dried Leaf,2463
C:\Users\Fame IT\Videos\rwn\438\Dataset\Dataset\Dried Leaf\IMG20250724110612.jpg,Dried Leaf,2464
C:\Users\Fame IT\Videos\rwn\438\Dataset\Dataset\Dried Leaf\IMG20250724110616.jpg,Dried Leaf,2465
C:\Users\Fame IT\Videos\rwn\438\Dataset\Dataset\Dried Leaf\IMG20250724110619.jpg,Dried Leaf,2466
C:\Users\Fame IT\Videos\rwn\438\Dataset\Dataset\Dried Leaf\IMG20250724110622.jpg,Dried Leaf,2467
C:\Users\Fame IT\Videos\rwn\438\Dataset\Dataset\Dried Leaf\IMG20250724110625.jpg,Dried Leaf,2468
C:\Users\Fame IT\Videos\rwn\438\Dataset\Dataset\Dried Leaf\IMG20250724110629.jpg,Dried Leaf,2469
C:\Users\Fame IT\Videos\rwn\438\Dataset\Dataset\Dried Leaf\IMG20250724110633.jpg,Dried Leaf,2470
C:\Users\Fame IT\Videos\rwn\438\Dataset\Dataset\Dried Leaf\IMG20250724110637.jpg,Dried Leaf,2471
C:\Users\Fame IT\Videos\rwn\438\Dataset\Dataset\Dried Leaf\IMG20250724110644.jpg,Dried Leaf,2472
C:\Users\Fame IT\Videos\rwn\438\Dataset\Dataset\Dried Leaf\IMG20250724110656.jpg,Dried Leaf,2475
C:\Users\Fame IT\Videos\rwn\438\Dataset\Dataset\Dried Leaf\IMG20250724110659.jpg,Dried Leaf,2476
C:\Users\Fame IT\Videos\rwn\438\Dataset\Dataset\Dried Leaf\IMG20250724110703.jpg,Dried Leaf,2477
C:\Users\Fame IT\Videos\rwn\438\Dataset\Dataset\Dried Leaf\IMG20250724110706.jpg,Dried Leaf,2478
C:\Users\Fame IT\Videos\rwn\438\Dataset\Dataset\Dried Leaf\IMG20250724110716.jpg,Dried Leaf,2481
C:\Users\Fame IT\Videos\rwn\438\Dataset\Dataset\Dried Leaf\IMG20250724110719.jpg,Dried Leaf,2482
C:\Users\Fame IT\Videos\rwn\438\Dataset\Dataset\Dried Leaf\IMG20250724110722.jpg,Dried Leaf,2483
C:\Users\Fame IT\Videos\rwn\438\Dataset\Dataset\Dried Leaf\IMG20250724110725.jpg,Dried Leaf,2484
C:\Users\Fame IT\Videos\rwn\438\Dataset\Dataset\Dried Leaf\IMG20250724110748.jpg,Dried Leaf,2487
C:\Users\Fame IT\Videos\rwn\438\Dataset\Dataset\Dried Leaf\IMG20250724110751.jpg,Dried Leaf,2488
C:\Users\Fame IT\Videos\rwn\438\Dataset\Dataset\Dried Leaf\IMG20250724110802.jpg,Dried Leaf,2491
C:\Users\Fame IT\Videos\rwn\438\Dataset\Dataset\Dried Leaf\IMG20250724110819.jpg,Dried Leaf,2494
C:\Users\Fame IT\Videos\rwn\438\Dataset\Dataset\Dried Leaf\IMG20250724110822.jpg,Dried Leaf,2495
C:\Users\Fame IT\Videos\rwn\438\Dataset\Dataset\Dried Leaf\IMG20250724110824.jpg,Dried Leaf,2496
C:\Users\Fame IT\Videos\rwn\438\Dataset\Dataset\Dried Leaf\IMG20250724110831.jpg,Dried Leaf,2498
C:\Users\Fame IT\Videos\rwn\438\Dataset\Dataset\Dried Leaf\IMG20250724110834.jpg,Dried Leaf,2499
C:\Users\Fame IT\Videos\rwn\438\Dataset\Dataset\Dried Leaf\IMG20250724110846.jpg,Dried Leaf,2502
C:\Users\Fame IT\Videos\rwn\438\Dataset\Dataset\Dried Leaf\IMG20250724110849.jpg,Dried Leaf,2503
C:\Users\Fame IT\Videos\rwn\438\Dataset\Dataset\Dried Leaf\IMG20250724110852.jpg,Dried Leaf,2504
C:\Users\Fame IT\Videos\rwn\438\Dataset\Dataset\Dried Leaf\IMG20250724110855.jpg,Dried Leaf,2505
C:\Users\Fame IT\Videos\rwn\438\Dataset\Dataset\Dried Leaf\IMG20250724110858.jpg,Dried Leaf,2506
C:\Users\Fame IT\Videos\rwn\438\Dataset\Dataset\Dried Leaf\IMG20250724110920.jpg,Dried Leaf,2507
C:\Users\Fame IT\Videos\rwn\438\Dataset\Dataset\Dried Leaf\IMG20250724110922.jpg,Dried Leaf,2508
C:\Users\Fame IT\Videos\rwn\438\Dataset\Dataset\Dried Leaf\IMG20250724110923.jpg,Dried Leaf,2509
C:\Users\Fame IT\Videos\rwn\438\Dataset\Dataset\Dried Leaf\IMG20250724110925.jpg,Dried Leaf,2510
C:\Users\Fame IT\Videos\rwn\438\Dataset\Dataset\Dried Leaf\IMG20250724110943.jpg,Dried Leaf,2513
C:\Users\Fame IT\Videos\rwn\438\Dataset\Dataset\Dried Leaf\IMG20250724110947.jpg,Dried Leaf,2514
C:\Users\Fame IT\Videos\rwn\438\Dataset\Dataset\Dried Leaf\IMG20250724110950.jpg,Dried Leaf,2515
C:\Users\Fame IT\Videos\rwn\438\Dataset\Dataset\Dried Leaf\IMG20250724110954.jpg,Dried Leaf,2516
C:\Users\Fame IT\Videos\rwn\438\Dataset\Dataset\Dried Leaf\IMG20250724110956.jpg,Dried Leaf,2517
C:\Users\Fame IT\Videos\rwn\438\Dataset\Dataset\Dried Leaf\IMG20250724111002.jpg,Dried Leaf,2518
C:\Users\Fame IT\Videos\rwn\438\Dataset\Dataset\Dried Leaf\IMG20250724111010.jpg,Dried Leaf,2520
C:\Users\Fame IT\Videos\rwn\438\Dataset\Dataset\Dried Leaf\IMG20250724111013.jpg,Dried Leaf,2521
C:\Users\Fame IT\Videos\rwn\438\Dataset\Dataset\Dried Leaf\IMG20250724111015.jpg,Dried Leaf,2522
C:\Users\Fame IT\Videos\rwn\438\Dataset\Dataset\Dried Leaf\IMG20250724111028.jpg,Dried Leaf,2523
C:\Users\Fame IT\Videos\rwn\438\Dataset\Dataset\Dried Leaf\IMG20250724111034.jpg,Dried Leaf,2525
C:\Users\Fame IT\Videos\rwn\438\Dataset\Dataset\Dried Leaf\IMG20250724111037.jpg,Dried Leaf,2526
C:\Users\Fame IT\Videos\rwn\438\Dataset\Dataset\Dried Leaf\IMG20250724111044.jpg,Dried Leaf,2529
C:\Users\Fame IT\Videos\rwn\438\Dataset\Dataset\Dried Leaf\IMG20250724111049.jpg,Dried Leaf,2530
C:\Users\Fame IT\Videos\rwn\438\Dataset\Dataset\Dried Leaf\IMG20250724111131.jpg,Dried Leaf,2533
C:\Users\Fame IT\Videos\rwn\438\Dataset\Dataset\Dried Leaf\IMG20250724111134.jpg,Dried Leaf,2534
C:\Users\Fame IT\Videos\rwn\438\Dataset\Dataset\Dried Leaf\IMG20250724111157.jpg,Dried Leaf,2537
C:\Users\Fame IT\Videos\rwn\438\Dataset\Dataset\Dried Leaf\IMG20250724111201.jpg,Dried Leaf,2538
C:\Users\Fame IT\Videos\rwn\438\Dataset\Dataset\Dried Leaf\IMG20250724111234.jpg,Dried Leaf,2539
C:\Users\Fame IT\Videos\rwn\438\Dataset\Dataset\Dried Leaf\IMG20250724111237.jpg,Dried Leaf,2540
C:\Users\Fame IT\Videos\rwn\438\Dataset\Dataset\Dried Leaf\IMG20250724111240.jpg,Dried Leaf,2541
C:\Users\Fame IT\Videos\rwn\438\Dataset\Dataset\Dried Leaf\IMG20250724111243.jpg,Dried Leaf,2542
C:\Users\Fame IT\Videos\rwn\438\Dataset\Dataset\Dried Leaf\IMG20250724111246.jpg,Dried Leaf,2543
C:\Users\Fame IT\Videos\rwn\438\Dataset\Dataset\Dried Leaf\IMG20250724111249.jpg,Dried Leaf,2544
C:\Users\Fame IT\Videos\rwn\438\Dataset\Dataset\Dried Leaf\IMG20250724111252.jpg,Dried Leaf,2545
C:\Users\Fame IT\Videos\rwn\438\Dataset\Dataset\Dried Leaf\IMG20250724111314.jpg,Dried Leaf,2546
C:\Users\Fame IT\Videos\rwn\438\Dataset\Dataset\Dried Leaf\IMG20250724111320.jpg,Dried Leaf,2548
C:\Users\Fame IT\Videos\rwn\438\Dataset\Dataset\Dried Leaf\IMG20250724111335.jpg,Dried Leaf,2553
C:\Users\Fame IT\Videos\rwn\438\Dataset\Dataset\Dried Leaf\IMG20250724111338.jpg,Dried Leaf,2554
C:\Users\Fame IT\Videos\rwn\438\Dataset\Dataset\Dried Leaf\IMG20250724111341.jpg,Dried Leaf,2555
C:\Users\Fame IT\Videos\rwn\438\Dataset\Dataset\Dried Leaf\IMG20250724111343.jpg,Dried Leaf,2556
C:\Users\Fame IT\Videos\rwn\438\Dataset\Dataset\Dried Leaf\IMG20250724111347.jpg,Dried Leaf,2557
C:\Users\Fame IT\Videos\rwn\438\Dataset\Dataset\Dried Leaf\IMG20250724111351.jpg,Dried Leaf,2559
C:\Users\Fame IT\Videos\rwn\438\Dataset\Dataset\Dried Leaf\IMG20250724111353.jpg,Dried Leaf,2560
C:\Users\Fame IT\Videos\rwn\438\Dataset\Dataset\Dried Leaf\IMG20250724111356.jpg,Dried Leaf,2561
C:\Users\Fame IT\Videos\rwn\438\Dataset\Dataset\Dried Leaf\IMG20250724111359.jpg,Dried Leaf,2562
C:\Users\Fame IT\Videos\rwn\438\Dataset\Dataset\Dried Leaf\IMG20250724111416.jpg,Dried Leaf,2564
C:\Users\Fame IT\Videos\rwn\438\Dataset\Dataset\Dried Leaf\IMG20250724111418.jpg,Dried Leaf,2565
C:\Users\Fame IT\Videos\rwn\438\Dataset\Dataset\Dried Leaf\IMG20250724111424.jpg,Dried Leaf,2567
C:\Users\Fame IT\Videos\rwn\438\Dataset\Dataset\Dried Leaf\IMG20250724111426.jpg,Dried Leaf,2568
C:\Users\Fame IT\Videos\rwn\438\Dataset\Dataset\Dried Leaf\IMG20250724111442.jpg,Dried Leaf,2570
C:\Users\Fame IT\Videos\rwn\438\Dataset\Dataset\Dried Leaf\IMG20250724111445.jpg,Dried Leaf,2571
C:\Users\Fame IT\Videos\rwn\438\Dataset\Dataset\Dried Leaf\IMG20250724111448.jpg,Dried Leaf,2572
C:\Users\Fame IT\Videos\rwn\438\Dataset\Dataset\Dried Leaf\IMG20250724111451.jpg,Dried Leaf,2573
C:\Users\Fame IT\Videos\rwn\438\Dataset\Dataset\Dried Leaf\IMG20250724111453.jpg,Dried Leaf,2574
C:\Users\Fame IT\Videos\rwn\438\Dataset\Dataset\Dried Leaf\IMG20250724111456.jpg,Dried Leaf,2575
C:\Users\Fame IT\Videos\rwn\438\Dataset\Dataset\Dried Leaf\IMG20250724111509.jpg,Dried Leaf,2580
C:\Users\Fame IT\Videos\rwn\438\Dataset\Dataset\Dried Leaf\IMG20250724111512.jpg,Dried Leaf,2581
C:\Users\Fame IT\Videos\rwn\438\Dataset\Dataset\Dried Leaf\IMG20250724111514.jpg,Dried Leaf,2582
C:\Users\Fame IT\Videos\rwn\438\Dataset\Dataset\Dried Leaf\IMG20250724111517.jpg,Dried Leaf,2583
C:\Users\Fame IT\Videos\rwn\438\Dataset\Dataset\Dried Leaf\IMG20250724111526.jpg,Dried Leaf,2585
C:\Users\Fame IT\Videos\rwn\438\Dataset\Dataset\Dried Leaf\IMG20250724111536.jpg,Dried Leaf,2586
C:\Users\Fame IT\Videos\rwn\438\Dataset\Dataset\Dried Leaf\IMG20250724111544.jpg,Dried Leaf,2588
C:\Users\Fame IT\Videos\rwn\438\Dataset\Dataset\Dried Leaf\IMG20250724111546.jpg,Dried Leaf,2589
C:\Users\Fame IT\Videos\rwn\438\Dataset\Dataset\Dried Leaf\IMG20250724111555.jpg,Dried Leaf,2592
C:\Users\Fame IT\Videos\rwn\438\Dataset\Dataset\Dried Leaf\IMG20250724111608.jpg,Dried Leaf,2593
C:\Users\Fame IT\Videos\rwn\438\Dataset\Dataset\Dried Leaf\IMG20250724111618.jpg,Dried Leaf,2596
C:\Users\Fame IT\Videos\rwn\438\Dataset\Dataset\Dried Leaf\IMG20250724111622.jpg,Dried Leaf,2597
C:\Users\Fame IT\Videos\rwn\438\Dataset\Dataset\Dried Leaf\IMG20250724111626.jpg,Dried Leaf,2598
C:\Users\Fame IT\Videos\rwn\438\Dataset\Dataset\Dried Leaf\IMG20250724111629.jpg,Dried Leaf,2599
C:\Users\Fame IT\Videos\rwn\438\Dataset\Dataset\Dried Leaf\IMG20250724111634.jpg,Dried Leaf,2600
C:\Users\Fame IT\Videos\rwn\438\Dataset\Dataset\Dried Leaf\IMG20250724111652.jpg,Dried Leaf,2601
C:\Users\Fame IT\Videos\rwn\438\Dataset\Dataset\Dried Leaf\IMG20250724111655.jpg,Dried Leaf,2602
C:\Users\Fame IT\Videos\rwn\438\Dataset\Dataset\Dried Leaf\IMG20250724111657.jpg,Dried Leaf,2603
C:\Users\Fame IT\Videos\rwn\438\Dataset\Dataset\Dried Leaf\IMG20250724111659.jpg,Dried Leaf,2604
C:\Users\Fame IT\Videos\rwn\438\Dataset\Dataset\Dried Leaf\IMG20250724111702.jpg,Dried Leaf,2605
C:\Users\Fame IT\Videos\rwn\438\Dataset\Dataset\Dried Leaf\IMG20250724111717.jpg,Dried Leaf,2609
C:\Users\Fame IT\Videos\rwn\438\Dataset\Dataset\Dried Leaf\IMG20250724111725.jpg,Dried Leaf,2610
C:\Users\Fame IT\Videos\rwn\438\Dataset\Dataset\Dried Leaf\IMG20250724111753.jpg,Dried Leaf,2614
C:\Users\Fame IT\Videos\rwn\438\Dataset\Dataset\Dried Leaf\IMG20250724111755.jpg,Dried Leaf,2615
C:\Users\Fame IT\Videos\rwn\438\Dataset\Dataset\Dried Leaf\IMG20250724111758.jpg,Dried Leaf,2616
C:\Users\Fame IT\Videos\rwn\438\Dataset\Dataset\Dried Leaf\IMG20250724111800.jpg,Dried Leaf,2617
C:\Users\Fame IT\Videos\rwn\438\Dataset\Dataset\Dried Leaf\IMG20250724111806.jpg,Dried Leaf,2619
C:\Users\Fame IT\Videos\rwn\438\Dataset\Dataset\Dried Leaf\IMG20250724111812.jpg,Dried Leaf,2621
C:\Users\Fame IT\Videos\rwn\438\Dataset\Dataset\Dried Leaf\IMG20250724111815.jpg,Dried Leaf,2622
C:\Users\Fame IT\Videos\rwn\438\Dataset\Dataset\Dried Leaf\IMG20250724111817.jpg,Dried Leaf,2623
C:\Users\Fame IT\Videos\rwn\438\Dataset\Dataset\Dried Leaf\IMG20250724111820.jpg,Dried Leaf,2624
C:\Users\Fame IT\Videos\rwn\438\Dataset\Dataset\Dried Leaf\IMG20250724111823.jpg,Dried Leaf,2625
C:\Users\Fame IT\Videos\rwn\438\Dataset\Dataset\Dried Leaf\IMG20250724111826.jpg,Dried Leaf,2626
C:\Users\Fame IT\Videos\rwn\438\Dataset\Dataset\Dried Leaf\IMG20250724111828.jpg,Dried Leaf,2627
C:\Users\Fame IT\Videos\rwn\438\Dataset\Dataset\Dried Leaf\IMG20250724111839.jpg,Dried Leaf,2630
C:\Users\Fame IT\Videos\rwn\438\Dataset\Dataset\Dried Leaf\IMG20250724111850.jpg,Dried Leaf,2634
C:\Users\Fame IT\Videos\rwn\438\Dataset\Dataset\Fungal Stripe Damage\IMG20250429181209.jpg,Fungal Stripe Damage,2635
C:\Users\Fame IT\Videos\rwn\438\Dataset\Dataset\Fungal Stripe Damage\IMG20250429181212.jpg,Fungal Stripe Damage,2636
C:\Users\Fame IT\Videos\rwn\438\Dataset\Dataset\Fungal Stripe Damage\IMG20250429181214.jpg,Fungal Stripe Damage,2636
C:\Users\Fame IT\Videos\rwn\438\Dataset\Dataset\Fungal Stripe Damage\IMG20250429181225.jpg,Fungal Stripe Damage,2640
C:\Users\Fame IT\Videos\rwn\438\Dataset\Dataset\Fungal Stripe Damage\IMG20250429181241.jpg,Fungal Stripe Damage,2642
C:\Users\Fame IT\Videos\rwn\438\Dataset\Dataset\Fungal Stripe Damage\IMG20250429181243.jpg,Fungal Stripe Damage,2642
C:\Users\Fame IT\Videos\rwn\438\Dataset\Dataset\Fungal Stripe Damage\IMG20250429181251.jpg,Fungal Stripe Damage,2643
C:\Users\Fame IT\Videos\rwn\438\Dataset\Dataset\Fungal Stripe Damage\IMG20250429181254.jpg,Fungal Stripe Damage,2645
C:\Users\Fame IT\Videos\rwn\438\Dataset\Dataset\Fungal Stripe Damage\IMG20250429181256.jpg,Fungal Stripe Damage,2645
C:\Users\Fame IT\Videos\rwn\438\Dataset\Dataset\Fungal Stripe Damage\IMG20250429181318.jpg,Fungal Stripe Damage,2649
C:\Users\Fame IT\Videos\rwn\438\Dataset\Dataset\Fungal Stripe Damage\IMG20250429181320.jpg,Fungal Stripe Damage,2650
C:\Users\Fame IT\Videos\rwn\438\Dataset\Dataset\Fungal Stripe Damage\IMG20250429181322.jpg,Fungal Stripe Damage,2650
C:\Users\Fame IT\Videos\rwn\438\Dataset\Dataset\Fungal Stripe Damage\IMG20250429181324.jpg,Fungal Stripe Damage,2651
C:\Users\Fame IT\Videos\rwn\438\Dataset\Dataset\Fungal Stripe Damage\IMG20250429181326.jpg,Fungal Stripe Damage,2651
C:\Users\Fame IT\Videos\rwn\438\Dataset\Dataset\Fungal Stripe Damage\IMG20250429181338.jpg,Fungal Stripe Damage,2653
C:\Users\Fame IT\Videos\rwn\438\Dataset\Dataset\Fungal Stripe Damage\IMG20250429181452.jpg,Fungal Stripe Damage,2655
C:\Users\Fame IT\Videos\rwn\438\Dataset\Dataset\Fungal Stripe Damage\IMG20250429181453.jpg,Fungal Stripe Damage,2656
C:\Users\Fame IT\Videos\rwn\438\Dataset\Dataset\Fungal Stripe Damage\IMG20250429181455.jpg,Fungal Stripe Damage,2656
C:\Users\Fame IT\Videos\rwn\438\Dataset\Dataset\Fungal Stripe Damage\IMG20250429181456.jpg,Fungal Stripe Damage,2656
C:\Users\Fame IT\Videos\rwn\438\Dataset\Dataset\Fungal Stripe Damage\IMG20250429181458.jpg,Fungal Stripe Damage,2656
C:\Users\Fame IT\Videos\rwn\438\Dataset\Dataset\Fungal Stripe Damage\IMG20250429181459.jpg,Fungal Stripe Damage,2656
C:\Users\Fame IT\Videos\rwn\438\Dataset\Dataset\Fungal Stripe Damage\IMG20250429181501.jpg,Fungal Stripe Damage,2656
C:\Users\Fame IT\Videos\rwn\438\Dataset\Dataset\Fungal Stripe Damage\IMG20250429181509.jpg,Fungal Stripe Damage,2657
C:\Users\Fame IT\Videos\rwn\438\Dataset\Dataset\Fungal Stripe Damage\IMG20250429181521.jpg,Fungal Stripe Damage,2659
C:\Users\Fame IT\Videos\rwn\438\Dataset\Dataset\Fungal Stripe Damage\IMG20250429181523.jpg,Fungal Stripe Damage,2660
C:\Users\Fame IT\Videos\rwn\438\Dataset\Dataset\Fungal Stripe Damage\IMG20250429181525.jpg,Fungal Stripe Damage,2660
C:\Users\Fame IT\Videos\rwn\438\Dataset\Dataset\Fungal Stripe Damage\IMG20250429181527.jpg,Fungal Stripe Damage,2661
C:\Users\Fame IT\Videos\rwn\438\Dataset\Dataset\Fungal Stripe Damage\IMG20250429181528.jpg,Fungal Stripe Damage,2662
C:\Users\Fame IT\Videos\rwn\438\Dataset\Dataset\Fungal Stripe Damage\IMG20250429181535.jpg,Fungal Stripe Damage,2663
C:\Users\Fame IT\Videos\rwn\438\Dataset\Dataset\Fungal Stripe Damage\IMG20250429181538.jpg,Fungal Stripe Damage,2664
C:\Users\Fame IT\Videos\rwn\438\Dataset\Dataset\Fungal Stripe Damage\IMG20250429181539.jpg,Fungal Stripe Damage,2665
C:\Users\Fame IT\Videos\rwn\438\Dataset\Dataset\Fungal Stripe Damage\IMG20250429181547.jpg,Fungal Stripe Damage,2666
C:\Users\Fame IT\Videos\rwn\438\Dataset\Dataset\Fungal Stripe Damage\IMG20250429181548.jpg,Fungal Stripe Damage,2667
C:\Users\Fame IT\Videos\rwn\438\Dataset\Dataset\Fungal Stripe Damage\IMG20250429181550.jpg,Fungal Stripe Damage,2668
C:\Users\Fame IT\Videos\rwn\438\Dataset\Dataset\Fungal Stripe Damage\IMG20250429181552.jpg,Fungal Stripe Damage,2668
C:\Users\Fame IT\Videos\rwn\438\Dataset\Dataset\Fungal Stripe Damage\IMG20250429181553.jpg,Fungal Stripe Damage,2668
C:\Users\Fame IT\Videos\rwn\438\Dataset\Dataset\Fungal Stripe Damage\IMG20250429181555.jpg,Fungal Stripe Damage,2667
C:\Users\Fame IT\Videos\rwn\438\Dataset\Dataset\Fungal Stripe Damage\IMG20250429181611.jpg,Fungal Stripe Damage,2669
C:\Users\Fame IT\Videos\rwn\438\Dataset\Dataset\Fungal Stripe Damage\IMG20250429181612.jpg,Fungal Stripe Damage,2670
C:\Users\Fame IT\Videos\rwn\438\Dataset\Dataset\Fungal Stripe Damage\IMG20250429181614.jpg,Fungal Stripe Damage,2671
C:\Users\Fame IT\Videos\rwn\438\Dataset\Dataset\Fungal Stripe Damage\IMG20250429181616.jpg,Fungal Stripe Damage,2671
C:\Users\Fame IT\Videos\rwn\438\Dataset\Dataset\Fungal Stripe Damage\IMG20250429181617.jpg,Fungal Stripe Damage,2671
C:\Users\Fame IT\Videos\rwn\438\Dataset\Dataset\Fungal Stripe Damage\IMG20250429181620.jpg,Fungal Stripe Damage,2671
C:\Users\Fame IT\Videos\rwn\438\Dataset\Dataset\Fungal Stripe Damage\IMG20250429181621.jpg,Fungal Stripe Damage,2671
C:\Users\Fame IT\Videos\rwn\438\Dataset\Dataset\Fungal Stripe Damage\IMG20250429181623.jpg,Fungal Stripe Damage,2671
C:\Users\Fame IT\Videos\rwn\438\Dataset\Dataset\Fungal Stripe Damage\IMG20250429181737.jpg,Fungal Stripe Damage,2674
C:\Users\Fame IT\Videos\rwn\438\Dataset\Dataset\Fungal Stripe Damage\IMG20250429181739.jpg,Fungal Stripe Damage,2674
C:\Users\Fame IT\Videos\rwn\438\Dataset\Dataset\Fungal Stripe Damage\IMG20250429181741.jpg,Fungal Stripe Damage,2674
C:\Users\Fame IT\Videos\rwn\438\Dataset\Dataset\Fungal Stripe Damage\IMG20250429181743.jpg,Fungal Stripe Damage,2674
C:\Users\Fame IT\Videos\rwn\438\Dataset\Dataset\Fungal Stripe Damage\IMG20250429181744.jpg,Fungal Stripe Damage,2674
C:\Users\Fame IT\Videos\rwn\438\Dataset\Dataset\Fungal Stripe Damage\IMG20250429181745.jpg,Fungal Stripe Damage,2674
C:\Users\Fame IT\Videos\rwn\438\Dataset\Dataset\Fungal Stripe Damage\IMG20250429181747.jpg,Fungal Stripe Damage,2674
C:\Users\Fame IT\Videos\rwn\438\Dataset\Dataset\Fungal Stripe Damage\IMG20250429181748.jpg,Fungal Stripe Damage,2674
C:\Users\Fame IT\Videos\rwn\438\Dataset\Dataset\Fungal Stripe Damage\IMG20250429181812.jpg,Fungal Stripe Damage,2675
C:\Users\Fame IT\Videos\rwn\438\Dataset\Dataset\Fungal Stripe Damage\IMG20250429181815.jpg,Fungal Stripe Damage,2676
C:\Users\Fame IT\Videos\rwn\438\Dataset\Dataset\Fungal Stripe Damage\IMG20250429181816.jpg,Fungal Stripe Damage,2677
C:\Users\Fame IT\Videos\rwn\438\Dataset\Dataset\Fungal Stripe Damage\IMG20250429181817.jpg,Fungal Stripe Damage,2677
C:\Users\Fame IT\Videos\rwn\438\Dataset\Dataset\Fungal Stripe Damage\IMG20250429181819.jpg,Fungal Stripe Damage,2675
C:\Users\Fame IT\Videos\rwn\438\Dataset\Dataset\Fungal Stripe Damage\IMG20250429181820.jpg,Fungal Stripe Damage,2675
C:\Users\Fame IT\Videos\rwn\438\Dataset\Dataset\Fungal Stripe Damage\IMG20250429181828.jpg,Fungal Stripe Damage,2678
C:\Users\Fame IT\Videos\rwn\438\Dataset\Dataset\Fungal Stripe Damage\IMG20250429181831.jpg,Fungal Stripe Damage,2680
C:\Users\Fame IT\Videos\rwn\438\Dataset\Dataset\Fungal Stripe Damage\IMG20250429181839.jpg,Fungal Stripe Damage,2682
C:\Users\Fame IT\Videos\rwn\438\Dataset\Dataset\Fungal Stripe Damage\IMG20250429181841.jpg,Fungal Stripe Damage,2683
C:\Users\Fame IT\Videos\rwn\438\Dataset\Dataset\Fungal Stripe Damage\IMG20250429181842.jpg,Fungal Stripe Damage,2683
C:\Users\Fame IT\Videos\rwn\438\Dataset\Dataset\Fungal Stripe Damage\IMG20250429181844.jpg,Fungal Stripe Damage,2684
C:\Users\Fame IT\Videos\rwn\438\Dataset\Dataset\Fungal Stripe Damage\IMG20250429181845.jpg,Fungal Stripe Damage,2684
C:\Users\Fame IT\Videos\rwn\438\Dataset\Dataset\Fungal Stripe Damage\IMG20250429181846.jpg,Fungal Stripe Damage,2684
C:\Users\Fame IT\Videos\rwn\438\Dataset\Dataset\Fungal Stripe Damage\IMG20250429181847.jpg,Fungal Stripe Damage,2684
C:\Users\Fame IT\Videos\rwn\438\Dataset\Dataset\Fungal Stripe Damage\IMG20250429181849.jpg,Fungal Stripe Damage,2684
C:\Users\Fame IT\Videos\rwn\438\Dataset\Dataset\Fungal Stripe Damage\IMG20250429181857.jpg,Fungal Stripe Damage,2685
C:\Users\Fame IT\Videos\rwn\438\Dataset\Dataset\Fungal Stripe Damage\IMG20250429181858.jpg,Fungal Stripe Damage,2686
C:\Users\Fame IT\Videos\rwn\438\Dataset\Dataset\Fungal Stripe Damage\IMG20250429181900.jpg,Fungal Stripe Damage,2686
C:\Users\Fame IT\Videos\rwn\438\Dataset\Dataset\Fungal Stripe Damage\IMG20250429181901.jpg,Fungal Stripe Damage,2686
C:\Users\Fame IT\Videos\rwn\438\Dataset\Dataset\Fungal Stripe Damage\IMG20250429181902.jpg,Fungal Stripe Damage,2686
C:\Users\Fame IT\Videos\rwn\438\Dataset\Dataset\Fungal Stripe Damage\IMG20250429181904.jpg,Fungal Stripe Damage,2686
C:\Users\Fame IT\Videos\rwn\438\Dataset\Dataset\Fungal Stripe Damage\IMG20250429181914.jpg,Fungal Stripe Damage,2687
C:\Users\Fame IT\Videos\rwn\438\Dataset\Dataset\Fungal Stripe Damage\IMG20250429181918.jpg,Fungal Stripe Damage,2689
C:\Users\Fame IT\Videos\rwn\438\Dataset\Dataset\Fungal Stripe Damage\IMG20250429181919.jpg,Fungal Stripe Damage,2690
C:\Users\Fame IT\Videos\rwn\438\Dataset\Dataset\Fungal Stripe Damage\IMG20250429181921.jpg,Fungal Stripe Damage,2690
C:\Users\Fame IT\Videos\rwn\438\Dataset\Dataset\Fungal Stripe Damage\IMG20250429181922.jpg,Fungal Stripe Damage,2687
C:\Users\Fame IT\Videos\rwn\438\Dataset\Dataset\Fungal Stripe Damage\IMG20250429181923.jpg,Fungal Stripe Damage,2687
C:\Users\Fame IT\Videos\rwn\438\Dataset\Dataset\Fungal Stripe Damage\IMG20250429181948.jpg,Fungal Stripe Damage,2692
C:\Users\Fame IT\Videos\rwn\438\Dataset\Dataset\Fungal Stripe Damage\IMG20250429181950.jpg,Fungal Stripe Damage,2692
C:\Users\Fame IT\Videos\rwn\438\Dataset\Dataset\Fungal Stripe Damage\IMG20250429181951.jpg,Fungal Stripe Damage,2692
C:\Users\Fame IT\Videos\rwn\438\Dataset\Dataset\Fungal Stripe Damage\IMG20250429181952.jpg,Fungal Stripe Damage,2692
C:\Users\Fame IT\Videos\rwn\438\Dataset\Dataset\Fungal Stripe Damage\IMG20250429181954.jpg,Fungal Stripe Damage,2692
C:\Users\Fame IT\Videos\rwn\438\Dataset\Dataset\Fungal Stripe Damage\IMG20250429181955.jpg,Fungal Stripe Damage,2692
C:\Users\Fame IT\Videos\rwn\438\Dataset\Dataset\Fungal Stripe Damage\IMG20250429181956.jpg,Fungal Stripe Damage,2692
C:\Users\Fame IT\Videos\rwn\438\Dataset\Dataset\Fungal Stripe Damage\IMG20250429181958.jpg,Fungal Stripe Damage,2693
C:\Users\Fame IT\Videos\rwn\438\Dataset\Dataset\Fungal Stripe Damage\IMG20250429181959.jpg,Fungal Stripe Damage,2693
C:\Users\Fame IT\Videos\rwn\438\Dataset\Dataset\Fungal Stripe Damage\IMG20250429182000.jpg,Fungal Stripe Damage,2693
C:\Users\Fame IT\Videos\rwn\438\Dataset\Dataset\Fungal Stripe Damage\IMG20250429182002.jpg,Fungal Stripe Damage,2693
C:\Users\Fame IT\Videos\rwn\438\Dataset\Dataset\Fungal Stripe Damage\IMG20250429182003.jpg,Fungal Stripe Damage,2693
C:\Users\Fame IT\Videos\rwn\438\Dataset\Dataset\Fungal Stripe Damage\IMG20250429182058.jpg,Fungal Stripe Damage,2694
C:\Users\Fame IT\Videos\rwn\438\Dataset\Dataset\Fungal Stripe Damage\IMG20250429182100.jpg,Fungal Stripe Damage,2695
C:\Users\Fame IT\Videos\rwn\438\Dataset\Dataset\Fungal Stripe Damage\IMG20250429182101.jpg,Fungal Stripe Damage,2695
C:\Users\Fame IT\Videos\rwn\438\Dataset\Dataset\Fungal Stripe Damage\IMG20250429182102.jpg,Fungal Stripe Damage,2695
C:\Users\Fame IT\Videos\rwn\438\Dataset\Dataset\Fungal Stripe Damage\IMG20250429182103.jpg,Fungal Stripe Damage,2695
C:\Users\Fame IT\Videos\rwn\438\Dataset\Dataset\Fungal Stripe Damage\IMG20250429182104.jpg,Fungal Stripe Damage,2695
C:\Users\Fame IT\Videos\rwn\438\Dataset\Dataset\Fungal Stripe Damage\IMG20250429182105.jpg,Fungal Stripe Damage,2695
C:\Users\Fame IT\Videos\rwn\438\Dataset\Dataset\Fungal Stripe Damage\IMG20250429182106.jpg,Fungal Stripe Damage,2695
C:\Users\Fame IT\Videos\rwn\438\Dataset\Dataset\Fungal Stripe Damage\IMG20250429182108.jpg,Fungal Stripe Damage,2695
C:\Users\Fame IT\Videos\rwn\438\Dataset\Dataset\Fungal Stripe Damage\IMG20250429182110.jpg,Fungal Stripe Damage,2695
C:\Users\Fame IT\Videos\rwn\438\Dataset\Dataset\Fungal Stripe Damage\IMG20250429182112.jpg,Fungal Stripe Damage,2695
C:\Users\Fame IT\Videos\rwn\438\Dataset\Dataset\Fungal Stripe Damage\IMG20250429182113.jpg,Fungal Stripe Damage,2695
C:\Users\Fame IT\Videos\rwn\438\Dataset\Dataset\Fungal Stripe Damage\IMG20250429182115.jpg,Fungal Stripe Damage,2696
C:\Users\Fame IT\Videos\rwn\438\Dataset\Dataset\Fungal Stripe Damage\IMG20250429182116.jpg,Fungal Stripe Damage,2696
C:\Users\Fame IT\Videos\rwn\438\Dataset\Dataset\Fungal Stripe Damage\IMG20250429182117.jpg,Fungal Stripe Damage,2696
C:\Users\Fame IT\Videos\rwn\438\Dataset\Dataset\Fungal Stripe Damage\IMG20250429182119.jpg,Fungal Stripe Damage,2696
C:\Users\Fame IT\Videos\rwn\438\Dataset\Dataset\Fungal Stripe Damage\IMG20250429182121.jpg,Fungal Stripe Damage,2696
C:\Users\Fame IT\Videos\rwn\438\Dataset\Dataset\Fungal Stripe Damage\IMG20250429182132.jpg,Fungal Stripe Damage,2697
C:\Users\Fame IT\Videos\rwn\438\Dataset\Dataset\Fungal Stripe Damage\IMG20250429182133.jpg,Fungal Stripe Damage,2698
C:\Users\Fame IT\Videos\rwn\438\Dataset\Dataset\Fungal Stripe Damage\IMG20250429182134.jpg,Fungal Stripe Damage,2698
C:\Users\Fame IT\Videos\rwn\438\Dataset\Dataset\Fungal Stripe Damage\IMG20250429182136.jpg,Fungal Stripe Damage,2699
C:\Users\Fame IT\Videos\rwn\438\Dataset\Dataset\Fungal Stripe Damage\IMG20250429182146.jpg,Fungal Stripe Damage,2702
C:\Users\Fame IT\Videos\rwn\438\Dataset\Dataset\Fungal Stripe Damage\IMG20250429182147.jpg,Fungal Stripe Damage,2703
C:\Users\Fame IT\Videos\rwn\438\Dataset\Dataset\Fungal Stripe Damage\IMG20250429182215.jpg,Fungal Stripe Damage,2706
C:\Users\Fame IT\Videos\rwn\438\Dataset\Dataset\Fungal Stripe Damage\IMG20250429182216.jpg,Fungal Stripe Damage,2706
C:\Users\Fame IT\Videos\rwn\438\Dataset\Dataset\Fungal Stripe Damage\IMG20250429182217.jpg,Fungal Stripe Damage,2706
C:\Users\Fame IT\Videos\rwn\438\Dataset\Dataset\Fungal Stripe Damage\IMG20250429182219.jpg,Fungal Stripe Damage,2706
C:\Users\Fame IT\Videos\rwn\438\Dataset\Dataset\Fungal Stripe Damage\IMG20250429182220.jpg,Fungal Stripe Damage,2706
C:\Users\Fame IT\Videos\rwn\438\Dataset\Dataset\Fungal Stripe Damage\IMG20250429182228.jpg,Fungal Stripe Damage,2707
C:\Users\Fame IT\Videos\rwn\438\Dataset\Dataset\Fungal Stripe Damage\IMG20250429182255.jpg,Fungal Stripe Damage,2708
C:\Users\Fame IT\Videos\rwn\438\Dataset\Dataset\Fungal Stripe Damage\IMG20250429182304.jpg,Fungal Stripe Damage,2710
C:\Users\Fame IT\Videos\rwn\438\Dataset\Dataset\Fungal Stripe Damage\IMG20250429182306.jpg,Fungal Stripe Damage,2711
C:\Users\Fame IT\Videos\rwn\438\Dataset\Dataset\Fungal Stripe Damage\IMG20250429182307.jpg,Fungal Stripe Damage,2711
C:\Users\Fame IT\Videos\rwn\438\Dataset\Dataset\Fungal Stripe Damage\IMG20250429182308.jpg,Fungal Stripe Damage,2711
C:\Users\Fame IT\Videos\rwn\438\Dataset\Dataset\Fungal Stripe Damage\IMG20250429182309.jpg,Fungal Stripe Damage,2711
C:\Users\Fame IT\Videos\rwn\438\Dataset\Dataset\Fungal Stripe Damage\IMG20250429182310.jpg,Fungal Stripe Damage,2711
C:\Users\Fame IT\Videos\rwn\438\Dataset\Dataset\Fungal Stripe Damage\IMG20250429182311.jpg,Fungal Stripe Damage,2711
C:\Users\Fame IT\Videos\rwn\438\Dataset\Dataset\Fungal Stripe Damage\IMG20250429182313.jpg,Fungal Stripe Damage,2711
C:\Users\Fame IT\Videos\rwn\438\Dataset\Dataset\Fungal Stripe Damage\IMG20250429182314.jpg,Fungal Stripe Damage,2711
C:\Users\Fame IT\Videos\rwn\438\Dataset\Dataset\Fungal Stripe Damage\IMG20250429182315.jpg,Fungal Stripe Damage,2711
C:\Users\Fame IT\Videos\rwn\438\Dataset\Dataset\Fungal Stripe Damage\IMG20250429182316.jpg,Fungal Stripe Damage,2711
C:\Users\Fame IT\Videos\rwn\438\Dataset\Dataset\Fungal Stripe Damage\IMG20250429182317.jpg,Fungal Stripe Damage,2711
C:\Users\Fame IT\Videos\rwn\438\Dataset\Dataset\Fungal Stripe Damage\IMG20250429182328.jpg,Fungal Stripe Damage,2712
C:\Users\Fame IT\Videos\rwn\438\Dataset\Dataset\Fungal Stripe Damage\IMG20250429182329.jpg,Fungal Stripe Damage,2713
C:\Users\Fame IT\Videos\rwn\438\Dataset\Dataset\Fungal Stripe Damage\IMG20250429182331.jpg,Fungal Stripe Damage,2713
C:\Users\Fame IT\Videos\rwn\438\Dataset\Dataset\Fungal Stripe Damage\IMG20250429182332.jpg,Fungal Stripe Damage,2713
C:\Users\Fame IT\Videos\rwn\438\Dataset\Dataset\Fungal Stripe Damage\IMG20250429182334.jpg,Fungal Stripe Damage,2713
C:\Users\Fame IT\Videos\rwn\438\Dataset\Dataset\Fungal Stripe Damage\IMG20250429182335.jpg,Fungal Stripe Damage,2713
C:\Users\Fame IT\Videos\rwn\438\Dataset\Dataset\Fungal Stripe Damage\IMG20250429182336.jpg,Fungal Stripe Damage,2713
C:\Users\Fame IT\Videos\rwn\438\Dataset\Dataset\Fungal Stripe Damage\IMG20250429182337.jpg,Fungal Stripe Damage,2713
C:\Users\Fame IT\Videos\rwn\438\Dataset\Dataset\Fungal Stripe Damage\IMG20250429182339.jpg,Fungal Stripe Damage,2713
C:\Users\Fame IT\Videos\rwn\438\Dataset\Dataset\Fungal Stripe Damage\IMG20250429182340.jpg,Fungal Stripe Damage,2713
C:\Users\Fame IT\Videos\rwn\438\Dataset\Dataset\Fungal Stripe Damage\IMG20250429182341.jpg,Fungal Stripe Damage,2713
C:\Users\Fame IT\Videos\rwn\438\Dataset\Dataset\Fungal Stripe Damage\IMG20250429182342.jpg,Fungal Stripe Damage,2713
C:\Users\Fame IT\Videos\rwn\438\Dataset\Dataset\Fungal Stripe Damage\IMG20250429182344.jpg,Fungal Stripe Damage,2713
C:\Users\Fame IT\Videos\rwn\438\Dataset\Dataset\Fungal Stripe Damage\IMG20250429182345.jpg,Fungal Stripe Damage,2713
C:\Users\Fame IT\Videos\rwn\438\Dataset\Dataset\Fungal Stripe Damage\IMG20250429182353.jpg,Fungal Stripe Damage,2714
C:\Users\Fame IT\Videos\rwn\438\Dataset\Dataset\Fungal Stripe Damage\IMG20250429182355.jpg,Fungal Stripe Damage,2714
C:\Users\Fame IT\Videos\rwn\438\Dataset\Dataset\Fungal Stripe Damage\IMG20250429182356.jpg,Fungal Stripe Damage,2714
C:\Users\Fame IT\Videos\rwn\438\Dataset\Dataset\Fungal Stripe Damage\IMG20250429182357.jpg,Fungal Stripe Damage,2714
C:\Users\Fame IT\Videos\rwn\438\Dataset\Dataset\Fungal Stripe Damage\IMG20250429182358.jpg,Fungal Stripe Damage,2714
C:\Users\Fame IT\Videos\rwn\438\Dataset\Dataset\Fungal Stripe Damage\IMG20250429182359.jpg,Fungal Stripe Damage,2714
C:\Users\Fame IT\Videos\rwn\438\Dataset\Dataset\Fungal Stripe Damage\IMG20250429182401.jpg,Fungal Stripe Damage,2714
C:\Users\Fame IT\Videos\rwn\438\Dataset\Dataset\Fungal Stripe Damage\IMG20250429182402.jpg,Fungal Stripe Damage,2714
C:\Users\Fame IT\Videos\rwn\438\Dataset\Dataset\Fungal Stripe Damage\IMG20250429182404.jpg,Fungal Stripe Damage,2714
C:\Users\Fame IT\Videos\rwn\438\Dataset\Dataset\Fungal Stripe Damage\IMG20250429182405.jpg,Fungal Stripe Damage,2714
C:\Users\Fame IT\Videos\rwn\438\Dataset\Dataset\Fungal Stripe Damage\IMG20250429182406.jpg,Fungal Stripe Damage,2714
C:\Users\Fame IT\Videos\rwn\438\Dataset\Dataset\Fungal Stripe Damage\IMG20250429182415.jpg,Fungal Stripe Damage,2716
C:\Users\Fame IT\Videos\rwn\438\Dataset\Dataset\Fungal Stripe Damage\IMG20250429182416.jpg,Fungal Stripe Damage,2716
C:\Users\Fame IT\Videos\rwn\438\Dataset\Dataset\Fungal Stripe Damage\IMG20250429182419.jpg,Fungal Stripe Damage,2717
C:\Users\Fame IT\Videos\rwn\438\Dataset\Dataset\Fungal Stripe Damage\IMG20250429182420.jpg,Fungal Stripe Damage,2717
C:\Users\Fame IT\Videos\rwn\438\Dataset\Dataset\Fungal Stripe Damage\IMG20250429182421.jpg,Fungal Stripe Damage,2718
C:\Users\Fame IT\Videos\rwn\438\Dataset\Dataset\Fungal Stripe Damage\IMG20250429182422.jpg,Fungal Stripe Damage,2718
C:\Users\Fame IT\Videos\rwn\438\Dataset\Dataset\Fungal Stripe Damage\IMG20250429182423.jpg,Fungal Stripe Damage,2716
C:\Users\Fame IT\Videos\rwn\438\Dataset\Dataset\Fungal Stripe Damage\IMG20250429182424.jpg,Fungal Stripe Damage,2716
C:\Users\Fame IT\Videos\rwn\438\Dataset\Dataset\Fungal Stripe Damage\IMG20250429182431.jpg,Fungal Stripe Damage,2719
C:\Users\Fame IT\Videos\rwn\438\Dataset\Dataset\Fungal Stripe Damage\IMG20250429182446.jpg,Fungal Stripe Damage,2721
C:\Users\Fame IT\Videos\rwn\438\Dataset\Dataset\Fungal Stripe Damage\IMG20250429182447.jpg,Fungal Stripe Damage,2721
C:\Users\Fame IT\Videos\rwn\438\Dataset\Dataset\Fungal Stripe Damage\IMG20250429182448.jpg,Fungal Stripe Damage,2721
C:\Users\Fame IT\Videos\rwn\438\Dataset\Dataset\Fungal Stripe Damage\IMG20250429182449.jpg,Fungal Stripe Damage,2721
C:\Users\Fame IT\Videos\rwn\438\Dataset\Dataset\Fungal Stripe Damage\IMG20250429182457.jpg,Fungal Stripe Damage,2722
C:\Users\Fame IT\Videos\rwn\438\Dataset\Dataset\Fungal Stripe Damage\IMG20250429182500.jpg,Fungal Stripe Damage,2723
C:\Users\Fame IT\Videos\rwn\438\Dataset\Dataset\Fungal Stripe Damage\IMG20250429182501.jpg,Fungal Stripe Damage,2723
C:\Users\Fame IT\Videos\rwn\438\Dataset\Dataset\Fungal Stripe Damage\IMG20250429182502.jpg,Fungal Stripe Damage,2723
C:\Users\Fame IT\Videos\rwn\438\Dataset\Dataset\Fungal Stripe Damage\IMG20250429182504.jpg,Fungal Stripe Damage,2723
C:\Users\Fame IT\Videos\rwn\438\Dataset\Dataset\Fungal Stripe Damage\IMG20250429182505.jpg,Fungal Stripe Damage,2723
C:\Users\Fame IT\Videos\rwn\438\Dataset\Dataset\Fungal Stripe Damage\IMG20250429182506.jpg,Fungal Stripe Damage,2723
C:\Users\Fame IT\Videos\rwn\438\Dataset\Dataset\Fungal Stripe Damage\IMG20250429182508.jpg,Fungal Stripe Damage,2723
C:\Users\Fame IT\Videos\rwn\438\Dataset\Dataset\Fungal Stripe Damage\IMG20250429182518.jpg,Fungal Stripe Damage,2725
C:\Users\Fame IT\Videos\rwn\438\Dataset\Dataset\Fungal Stripe Damage\IMG20250429182519.jpg,Fungal Stripe Damage,2726
C:\Users\Fame IT\Videos\rwn\438\Dataset\Dataset\Fungal Stripe Damage\IMG20250429182521.jpg,Fungal Stripe Damage,2726
C:\Users\Fame IT\Videos\rwn\438\Dataset\Dataset\Fungal Stripe Damage\IMG20250429182533.jpg,Fungal Stripe Damage,2727
C:\Users\Fame IT\Videos\rwn\438\Dataset\Dataset\Fungal Stripe Damage\IMG20250429182535.jpg,Fungal Stripe Damage,2728
C:\Users\Fame IT\Videos\rwn\438\Dataset\Dataset\Fungal Stripe Damage\IMG20250429182536.jpg,Fungal Stripe Damage,2728
C:\Users\Fame IT\Videos\rwn\438\Dataset\Dataset\Fungal Stripe Damage\IMG20250429182537.jpg,Fungal Stripe Damage,2728
C:\Users\Fame IT\Videos\rwn\438\Dataset\Dataset\Fungal Stripe Damage\IMG20250429182539.jpg,Fungal Stripe Damage,2728
C:\Users\Fame IT\Videos\rwn\438\Dataset\Dataset\Fungal Stripe Damage\IMG20250429182540.jpg,Fungal Stripe Damage,2728
C:\Users\Fame IT\Videos\rwn\438\Dataset\Dataset\Fungal Stripe Damage\IMG20250429182541.jpg,Fungal Stripe Damage,2728
C:\Users\Fame IT\Videos\rwn\438\Dataset\Dataset\Fungal Stripe Damage\IMG20250429182542.jpg,Fungal Stripe Damage,2729
C:\Users\Fame IT\Videos\rwn\438\Dataset\Dataset\Fungal Stripe Damage\IMG20250429182548.jpg,Fungal Stripe Damage,2730
C:\Users\Fame IT\Videos\rwn\438\Dataset\Dataset\Fungal Stripe Damage\IMG20250429182549.jpg,Fungal Stripe Damage,2731
C:\Users\Fame IT\Videos\rwn\438\Dataset\Dataset\Fungal Stripe Damage\IMG20250429182550.jpg,Fungal Stripe Damage,2732
C:\Users\Fame IT\Videos\rwn\438\Dataset\Dataset\Fungal Stripe Damage\IMG20250429182551.jpg,Fungal Stripe Damage,2733
C:\Users\Fame IT\Videos\rwn\438\Dataset\Dataset\Fungal Stripe Damage\IMG20250429182553.jpg,Fungal Stripe Damage,2734
C:\Users\Fame IT\Videos\rwn\438\Dataset\Dataset\Fungal Stripe Damage\IMG20250429182554.jpg,Fungal Stripe Damage,2734
C:\Users\Fame IT\Videos\rwn\438\Dataset\Dataset\Fungal Stripe Damage\IMG20250429182559.jpg,Fungal Stripe Damage,2737
C:\Users\Fame IT\Videos\rwn\438\Dataset\Dataset\Fungal Stripe Damage\IMG20250429182604.jpg,Fungal Stripe Damage,2739
C:\Users\Fame IT\Videos\rwn\438\Dataset\Dataset\Fungal Stripe Damage\IMG20250429182605.jpg,Fungal Stripe Damage,2740
C:\Users\Fame IT\Videos\rwn\438\Dataset\Dataset\Fungal Stripe Damage\IMG20250429182846.jpg,Fungal Stripe Damage,2741
C:\Users\Fame IT\Videos\rwn\438\Dataset\Dataset\Fungal Stripe Damage\IMG20250429182847.jpg,Fungal Stripe Damage,2742
C:\Users\Fame IT\Videos\rwn\438\Dataset\Dataset\Fungal Stripe Damage\IMG20250429182849.jpg,Fungal Stripe Damage,2743
C:\Users\Fame IT\Videos\rwn\438\Dataset\Dataset\Fungal Stripe Damage\IMG20250429182850.jpg,Fungal Stripe Damage,2743
C:\Users\Fame IT\Videos\rwn\438\Dataset\Dataset\Fungal Stripe Damage\IMG20250429182852.jpg,Fungal Stripe Damage,2743
C:\Users\Fame IT\Videos\rwn\438\Dataset\Dataset\Fungal Stripe Damage\IMG20250429182854.jpg,Fungal Stripe Damage,2744
C:\Users\Fame IT\Videos\rwn\438\Dataset\Dataset\Fungal Stripe Damage\IMG20250429182855.jpg,Fungal Stripe Damage,2744
C:\Users\Fame IT\Videos\rwn\438\Dataset\Dataset\Fungal Stripe Damage\IMG20250429182922.jpg,Fungal Stripe Damage,2747
C:\Users\Fame IT\Videos\rwn\438\Dataset\Dataset\Fungal Stripe Damage\IMG20250429182927.jpg,Fungal Stripe Damage,2748
C:\Users\Fame IT\Videos\rwn\438\Dataset\Dataset\Fungal Stripe Damage\IMG20250429182929.jpg,Fungal Stripe Damage,2749
C:\Users\Fame IT\Videos\rwn\438\Dataset\Dataset\Fungal Stripe Damage\IMG20250429182930.jpg,Fungal Stripe Damage,2749
C:\Users\Fame IT\Videos\rwn\438\Dataset\Dataset\Fungal Stripe Damage\IMG20250429182931.jpg,Fungal Stripe Damage,2749
C:\Users\Fame IT\Videos\rwn\438\Dataset\Dataset\Fungal Stripe Damage\IMG20250429182933.jpg,Fungal Stripe Damage,2750
C:\Users\Fame IT\Videos\rwn\438\Dataset\Dataset\Fungal Stripe Damage\IMG20250429182939.jpg,Fungal Stripe Damage,2751
C:\Users\Fame IT\Videos\rwn\438\Dataset\Dataset\Fungal Stripe Damage\IMG20250429182940.jpg,Fungal Stripe Damage,2752
C:\Users\Fame IT\Videos\rwn\438\Dataset\Dataset\Fungal Stripe Damage\IMG20250429182942.jpg,Fungal Stripe Damage,2752
C:\Users\Fame IT\Videos\rwn\438\Dataset\Dataset\Fungal Stripe Damage\IMG20250429182943.jpg,Fungal Stripe Damage,2752
C:\Users\Fame IT\Videos\rwn\438\Dataset\Dataset\Fungal Stripe Damage\IMG20250429182945.jpg,Fungal Stripe Damage,2752
C:\Users\Fame IT\Videos\rwn\438\Dataset\Dataset\Fungal Stripe Damage\IMG20250429182946.jpg,Fungal Stripe Damage,2752
C:\Users\Fame IT\Videos\rwn\438\Dataset\Dataset\Fungal Stripe Damage\IMG20250429182955.jpg,Fungal Stripe Damage,2754
C:\Users\Fame IT\Videos\rwn\438\Dataset\Dataset\Fungal Stripe Damage\IMG20250429182957.jpg,Fungal Stripe Damage,2756
C:\Users\Fame IT\Videos\rwn\438\Dataset\Dataset\Fungal Stripe Damage\IMG20250429182959.jpg,Fungal Stripe Damage,2756
C:\Users\Fame IT\Videos\rwn\438\Dataset\Dataset\Fungal Stripe Damage\IMG20250429183000.jpg,Fungal Stripe Damage,2757
C:\Users\Fame IT\Videos\rwn\438\Dataset\Dataset\Fungal Stripe Damage\IMG20250429183001.jpg,Fungal Stripe Damage,2756
C:\Users\Fame IT\Videos\rwn\438\Dataset\Dataset\Fungal Stripe Damage\IMG20250429183013.jpg,Fungal Stripe Damage,2760
C:\Users\Fame IT\Videos\rwn\438\Dataset\Dataset\Fungal Stripe Damage\IMG20250429183014.jpg,Fungal Stripe Damage,2760
C:\Users\Fame IT\Videos\rwn\438\Dataset\Dataset\Fungal Stripe Damage\IMG20250429183015.jpg,Fungal Stripe Damage,2760
C:\Users\Fame IT\Videos\rwn\438\Dataset\Dataset\Fungal Stripe Damage\IMG20250429183017.jpg,Fungal Stripe Damage,2760
C:\Users\Fame IT\Videos\rwn\438\Dataset\Dataset\Fungal Stripe Damage\IMG20250429183018.jpg,Fungal Stripe Damage,2760
C:\Users\Fame IT\Videos\rwn\438\Dataset\Dataset\Fungal Stripe Damage\IMG20250429183019.jpg,Fungal Stripe Damage,2760
C:\Users\Fame IT\Videos\rwn\438\Dataset\Dataset\Fungal Stripe Damage\IMG20250429183020.jpg,Fungal Stripe Damage,2760
C:\Users\Fame IT\Videos\rwn\438\Dataset\Dataset\Fungal Stripe Damage\IMG20250429183022.jpg,Fungal Stripe Damage,2760
C:\Users\Fame IT\Videos\rwn\438\Dataset\Dataset\Fungal Stripe Damage\IMG20250429183031.jpg,Fungal Stripe Damage,2762
C:\Users\Fame IT\Videos\rwn\438\Dataset\Dataset\Fungal Stripe Damage\IMG20250429183036.jpg,Fungal Stripe Damage,2764
C:\Users\Fame IT\Videos\rwn\438\Dataset\Dataset\Fungal Stripe Damage\IMG20250429183038.jpg,Fungal Stripe Damage,2765
C:\Users\Fame IT\Videos\rwn\438\Dataset\Dataset\Fungal Stripe Damage\IMG20250429183042.jpg,Fungal Stripe Damage,2767
C:\Users\Fame IT\Videos\rwn\438\Dataset\Dataset\Fungal Stripe Damage\IMG20250429183043.jpg,Fungal Stripe Damage,2767
C:\Users\Fame IT\Videos\rwn\438\Dataset\Dataset\Fungal Stripe Damage\IMG20250429183044.jpg,Fungal Stripe Damage,2767
C:\Users\Fame IT\Videos\rwn\438\Dataset\Dataset\Fungal Stripe Damage\IMG20250429183046.jpg,Fungal Stripe Damage,2767
C:\Users\Fame IT\Videos\rwn\438\Dataset\Dataset\Fungal Stripe Damage\IMG20250429183047.jpg,Fungal Stripe Damage,2767
C:\Users\Fame IT\Videos\rwn\438\Dataset\Dataset\Fungal Stripe Damage\IMG20250429183048.jpg,Fungal Stripe Damage,2767
C:\Users\Fame IT\Videos\rwn\438\Dataset\Dataset\Fungal Stripe Damage\IMG20250429183049.jpg,Fungal Stripe Damage,2767
C:\Users\Fame IT\Videos\rwn\438\Dataset\Dataset\Fungal Stripe Damage\IMG20250429183051.jpg,Fungal Stripe Damage,2767
C:\Users\Fame IT\Videos\rwn\438\Dataset\Dataset\Fungal Stripe Damage\IMG20250429183052.jpg,Fungal Stripe Damage,2767
C:\Users\Fame IT\Videos\rwn\438\Dataset\Dataset\Fungal Stripe Damage\IMG20250429183053.jpg,Fungal Stripe Damage,2767
C:\Users\Fame IT\Videos\rwn\438\Dataset\Dataset\Fungal Stripe Damage\IMG20250429183054.jpg,Fungal Stripe Damage,2767
C:\Users\Fame IT\Videos\rwn\438\Dataset\Dataset\Fungal Stripe Damage\IMG20250429183122.jpg,Fungal Stripe Damage,2768
C:\Users\Fame IT\Videos\rwn\438\Dataset\Dataset\Fungal Stripe Damage\IMG20250429183123.jpg,Fungal Stripe Damage,2769
C:\Users\Fame IT\Videos\rwn\438\Dataset\Dataset\Fungal Stripe Damage\IMG20250429183125.jpg,Fungal Stripe Damage,2769
C:\Users\Fame IT\Videos\rwn\438\Dataset\Dataset\Fungal Stripe Damage\IMG20250429183126.jpg,Fungal Stripe Damage,2770
C:\Users\Fame IT\Videos\rwn\438\Dataset\Dataset\Fungal Stripe Damage\IMG20250429183127.jpg,Fungal Stripe Damage,2771
C:\Users\Fame IT\Videos\rwn\438\Dataset\Dataset\Fungal Stripe Damage\IMG20250429183129.jpg,Fungal Stripe Damage,2771
C:\Users\Fame IT\Videos\rwn\438\Dataset\Dataset\Fungal Stripe Damage\IMG20250429183130.jpg,Fungal Stripe Damage,2771
C:\Users\Fame IT\Videos\rwn\438\Dataset\Dataset\Fungal Stripe Damage\IMG20250429183207.jpg,Fungal Stripe Damage,2775
C:\Users\Fame IT\Videos\rwn\438\Dataset\Dataset\Fungal Stripe Damage\IMG20250429183215.jpg,Fungal Stripe Damage,2777
C:\Users\Fame IT\Videos\rwn\438\Dataset\Dataset\Fungal Stripe Damage\IMG20250429183216.jpg,Fungal Stripe Damage,2777
C:\Users\Fame IT\Videos\rwn\438\Dataset\Dataset\Fungal Stripe Damage\IMG20250429183227.jpg,Fungal Stripe Damage,2778
C:\Users\Fame IT\Videos\rwn\438\Dataset\Dataset\Fungal Stripe Damage\IMG20250429183231.jpg,Fungal Stripe Damage,2780
C:\Users\Fame IT\Videos\rwn\438\Dataset\Dataset\Fungal Stripe Damage\IMG20250429183232.jpg,Fungal Stripe Damage,2780
C:\Users\Fame IT\Videos\rwn\438\Dataset\Dataset\Fungal Stripe Damage\IMG20250429183234.jpg,Fungal Stripe Damage,2780
C:\Users\Fame IT\Videos\rwn\438\Dataset\Dataset\Fungal Stripe Damage\IMG20250429183235.jpg,Fungal Stripe Damage,2781
C:\Users\Fame IT\Videos\rwn\438\Dataset\Dataset\Fungal Stripe Damage\IMG20250429183236.jpg,Fungal Stripe Damage,2781
C:\Users\Fame IT\Videos\rwn\438\Dataset\Dataset\Fungal Stripe Damage\IMG20250429183237.jpg,Fungal Stripe Damage,2781
C:\Users\Fame IT\Videos\rwn\438\Dataset\Dataset\Fungal Stripe Damage\IMG20250429183244.jpg,Fungal Stripe Damage,2782
C:\Users\Fame IT\Videos\rwn\438\Dataset\Dataset\Fungal Stripe Damage\IMG20250429183246.jpg,Fungal Stripe Damage,2783
C:\Users\Fame IT\Videos\rwn\438\Dataset\Dataset\Fungal Stripe Damage\IMG20250429183247.jpg,Fungal Stripe Damage,2784
C:\Users\Fame IT\Videos\rwn\438\Dataset\Dataset\Fungal Stripe Damage\IMG20250429183249.jpg,Fungal Stripe Damage,2784
C:\Users\Fame IT\Videos\rwn\438\Dataset\Dataset\Fungal Stripe Damage\IMG20250429183250.jpg,Fungal Stripe Damage,2784
C:\Users\Fame IT\Videos\rwn\438\Dataset\Dataset\Fungal Stripe Damage\IMG20250429183252.jpg,Fungal Stripe Damage,2784
C:\Users\Fame IT\Videos\rwn\438\Dataset\Dataset\Fungal Stripe Damage\IMG20250429183253.jpg,Fungal Stripe Damage,2784
C:\Users\Fame IT\Videos\rwn\438\Dataset\Dataset\Fungal Stripe Damage\IMG20250429183255.jpg,Fungal Stripe Damage,2784
C:\Users\Fame IT\Videos\rwn\438\Dataset\Dataset\Fungal Stripe Damage\IMG20250429183303.jpg,Fungal Stripe Damage,2785
C:\Users\Fame IT\Videos\rwn\438\Dataset\Dataset\Fungal Stripe Damage\IMG20250429183304.jpg,Fungal Stripe Damage,2785
C:\Users\Fame IT\Videos\rwn\438\Dataset\Dataset\Fungal Stripe Damage\IMG20250429183306.jpg,Fungal Stripe Damage,2785
C:\Users\Fame IT\Videos\rwn\438\Dataset\Dataset\Fungal Stripe Damage\IMG20250429183307.jpg,Fungal Stripe Damage,2785
C:\Users\Fame IT\Videos\rwn\438\Dataset\Dataset\Fungal Stripe Damage\IMG20250429183326.jpg,Fungal Stripe Damage,2786
C:\Users\Fame IT\Videos\rwn\438\Dataset\Dataset\Fungal Stripe Damage\IMG20250429183327.jpg,Fungal Stripe Damage,2787
C:\Users\Fame IT\Videos\rwn\438\Dataset\Dataset\Fungal Stripe Damage\IMG20250429183329.jpg,Fungal Stripe Damage,2787
C:\Users\Fame IT\Videos\rwn\438\Dataset\Dataset\Fungal Stripe Damage\IMG20250429183331.jpg,Fungal Stripe Damage,2787
C:\Users\Fame IT\Videos\rwn\438\Dataset\Dataset\Fungal Stripe Damage\IMG20250429183332.jpg,Fungal Stripe Damage,2787
C:\Users\Fame IT\Videos\rwn\438\Dataset\Dataset\Fungal Stripe Damage\IMG20250429183333.jpg,Fungal Stripe Damage,2787
C:\Users\Fame IT\Videos\rwn\438\Dataset\Dataset\Fungal Stripe Damage\IMG20250429183335.jpg,Fungal Stripe Damage,2787
C:\Users\Fame IT\Videos\rwn\438\Dataset\Dataset\Fungal Stripe Damage\IMG20250429183336.jpg,Fungal Stripe Damage,2787
C:\Users\Fame IT\Videos\rwn\438\Dataset\Dataset\Fungal Stripe Damage\IMG20250429183337.jpg,Fungal Stripe Damage,2787
C:\Users\Fame IT\Videos\rwn\438\Dataset\Dataset\Fungal Stripe Damage\IMG20250429183338.jpg,Fungal Stripe Damage,2787
C:\Users\Fame IT\Videos\rwn\438\Dataset\Dataset\Fungal Stripe Damage\IMG20250429183339.jpg,Fungal Stripe Damage,2787
C:\Users\Fame IT\Videos\rwn\438\Dataset\Dataset\Fungal Stripe Damage\IMG20250429183341.jpg,Fungal Stripe Damage,2787
C:\Users\Fame IT\Videos\rwn\438\Dataset\Dataset\Fungal Stripe Damage\IMG20250429183342.jpg,Fungal Stripe Damage,2787
C:\Users\Fame IT\Videos\rwn\438\Dataset\Dataset\Fungal Stripe Damage\IMG20250429183343.jpg,Fungal Stripe Damage,2787
C:\Users\Fame IT\Videos\rwn\438\Dataset\Dataset\Fungal Stripe Damage\IMG20250429183345.jpg,Fungal Stripe Damage,2787
C:\Users\Fame IT\Videos\rwn\438\Dataset\Dataset\Fungal Stripe Damage\IMG20250429183346.jpg,Fungal Stripe Damage,2787
C:\Users\Fame IT\Videos\rwn\438\Dataset\Dataset\Fungal Stripe Damage\IMG20250429183347.jpg,Fungal Stripe Damage,2787
C:\Users\Fame IT\Videos\rwn\438\Dataset\Dataset\Fungal Stripe Damage\IMG20250429183405.jpg,Fungal Stripe Damage,2790
C:\Users\Fame IT\Videos\rwn\438\Dataset\Dataset\Fungal Stripe Damage\IMG20250429183407.jpg,Fungal Stripe Damage,2791
C:\Users\Fame IT\Videos\rwn\438\Dataset\Dataset\Fungal Stripe Damage\IMG20250429183408.jpg,Fungal Stripe Damage,2791
C:\Users\Fame IT\Videos\rwn\438\Dataset\Dataset\Fungal Stripe Damage\IMG20250429183409.jpg,Fungal Stripe Damage,2791
C:\Users\Fame IT\Videos\rwn\438\Dataset\Dataset\Fungal Stripe Damage\IMG20250429183410.jpg,Fungal Stripe Damage,2791
C:\Users\Fame IT\Videos\rwn\438\Dataset\Dataset\Fungal Stripe Damage\IMG20250429183412.jpg,Fungal Stripe Damage,2791
C:\Users\Fame IT\Videos\rwn\438\Dataset\Dataset\Fungal Stripe Damage\IMG20250429183413.jpg,Fungal Stripe Damage,2791
C:\Users\Fame IT\Videos\rwn\438\Dataset\Dataset\Fungal Stripe Damage\IMG20250429183414.jpg,Fungal Stripe Damage,2791
C:\Users\Fame IT\Videos\rwn\438\Dataset\Dataset\Fungal Stripe Damage\IMG20250429183415.jpg,Fungal Stripe Damage,2791
C:\Users\Fame IT\Videos\rwn\438\Dataset\Dataset\Fungal Stripe Damage\IMG20250429183416.jpg,Fungal Stripe Damage,2791
C:\Users\Fame IT\Videos\rwn\438\Dataset\Dataset\Fungal Stripe Damage\IMG20250429183418.jpg,Fungal Stripe Damage,2791
C:\Users\Fame IT\Videos\rwn\438\Dataset\Dataset\Fungal Stripe Damage\IMG20250429183419.jpg,Fungal Stripe Damage,2791
C:\Users\Fame IT\Videos\rwn\438\Dataset\Dataset\Fungal Stripe Damage\IMG20250429183420.jpg,Fungal Stripe Damage,2791
C:\Users\Fame IT\Videos\rwn\438\Dataset\Dataset\Fungal Stripe Damage\IMG20250429183422.jpg,Fungal Stripe Damage,2791
C:\Users\Fame IT\Videos\rwn\438\Dataset\Dataset\Fungal Stripe Damage\IMG20250429183423.jpg,Fungal Stripe Damage,2791
C:\Users\Fame IT\Videos\rwn\438\Dataset\Dataset\Fungal Stripe Damage\IMG20250429183424.jpg,Fungal Stripe Damage,2791
C:\Users\Fame IT\Videos\rwn\438\Dataset\Dataset\Fungal Stripe Damage\IMG20250429183442.jpg,Fungal Stripe Damage,2792
C:\Users\Fame IT\Videos\rwn\438\Dataset\Dataset\Fungal Stripe Damage\IMG20250429183443.jpg,Fungal Stripe Damage,2793
C:\Users\Fame IT\Videos\rwn\438\Dataset\Dataset\Fungal Stripe Damage\IMG20250429183445.jpg,Fungal Stripe Damage,2793
C:\Users\Fame IT\Videos\rwn\438\Dataset\Dataset\Fungal Stripe Damage\IMG20250429183446.jpg,Fungal Stripe Damage,2793
C:\Users\Fame IT\Videos\rwn\438\Dataset\Dataset\Fungal Stripe Damage\IMG20250429183447.jpg,Fungal Stripe Damage,2793
C:\Users\Fame IT\Videos\rwn\438\Dataset\Dataset\Fungal Stripe Damage\IMG20250429183449.jpg,Fungal Stripe Damage,2793
C:\Users\Fame IT\Videos\rwn\438\Dataset\Dataset\Fungal Stripe Damage\IMG20250429183450.jpg,Fungal Stripe Damage,2793
C:\Users\Fame IT\Videos\rwn\438\Dataset\Dataset\Fungal Stripe Damage\IMG20250429183501.jpg,Fungal Stripe Damage,2794
C:\Users\Fame IT\Videos\rwn\438\Dataset\Dataset\Fungal Stripe Damage\IMG20250429183507.jpg,Fungal Stripe Damage,2794
C:\Users\Fame IT\Videos\rwn\438\Dataset\Dataset\Fungal Stripe Damage\IMG20250429183511.jpg,Fungal Stripe Damage,2796
C:\Users\Fame IT\Videos\rwn\438\Dataset\Dataset\Fungal Stripe Damage\IMG20250429183513.jpg,Fungal Stripe Damage,2797
C:\Users\Fame IT\Videos\rwn\438\Dataset\Dataset\Fungal Stripe Damage\IMG20250429183514.jpg,Fungal Stripe Damage,2798
C:\Users\Fame IT\Videos\rwn\438\Dataset\Dataset\Fungal Stripe Damage\IMG20250429183602.jpg,Fungal Stripe Damage,2799
C:\Users\Fame IT\Videos\rwn\438\Dataset\Dataset\Fungal Stripe Damage\IMG20250429183605.jpg,Fungal Stripe Damage,2800
C:\Users\Fame IT\Videos\rwn\438\Dataset\Dataset\Fungal Stripe Damage\IMG20250429183621.jpg,Fungal Stripe Damage,2805
C:\Users\Fame IT\Videos\rwn\438\Dataset\Dataset\Fungal Stripe Damage\IMG20250429183622.jpg,Fungal Stripe Damage,2805
C:\Users\Fame IT\Videos\rwn\438\Dataset\Dataset\Fungal Stripe Damage\IMG20250429183627.jpg,Fungal Stripe Damage,2806
C:\Users\Fame IT\Videos\rwn\438\Dataset\Dataset\Fungal Stripe Damage\IMG20250429183628.jpg,Fungal Stripe Damage,2807
C:\Users\Fame IT\Videos\rwn\438\Dataset\Dataset\Fungal Stripe Damage\IMG20250429183640.jpg,Fungal Stripe Damage,2811
C:\Users\Fame IT\Videos\rwn\438\Dataset\Dataset\Fungal Stripe Damage\IMG20250429183641.jpg,Fungal Stripe Damage,2812
C:\Users\Fame IT\Videos\rwn\438\Dataset\Dataset\Fungal Stripe Damage\IMG20250429183643.jpg,Fungal Stripe Damage,2812
C:\Users\Fame IT\Videos\rwn\438\Dataset\Dataset\Fungal Stripe Damage\IMG20250429183700.jpg,Fungal Stripe Damage,2814
C:\Users\Fame IT\Videos\rwn\438\Dataset\Dataset\Fungal Stripe Damage\IMG20250429183701.jpg,Fungal Stripe Damage,2815
C:\Users\Fame IT\Videos\rwn\438\Dataset\Dataset\Fungal Stripe Damage\IMG20250429183703.jpg,Fungal Stripe Damage,2816
C:\Users\Fame IT\Videos\rwn\438\Dataset\Dataset\Fungal Stripe Damage\IMG20250429183707.jpg,Fungal Stripe Damage,2818
C:\Users\Fame IT\Videos\rwn\438\Dataset\Dataset\Fungal Stripe Damage\IMG20250429183708.jpg,Fungal Stripe Damage,2818
C:\Users\Fame IT\Videos\rwn\438\Dataset\Dataset\Fungal Stripe Damage\IMG20250429183715.jpg,Fungal Stripe Damage,2819
C:\Users\Fame IT\Videos\rwn\438\Dataset\Dataset\Fungal Stripe Damage\IMG20250429183907.jpg,Fungal Stripe Damage,2823
C:\Users\Fame IT\Videos\rwn\438\Dataset\Dataset\Fungal Stripe Damage\IMG20250429183909.jpg,Fungal Stripe Damage,2824
C:\Users\Fame IT\Videos\rwn\438\Dataset\Dataset\Fungal Stripe Damage\IMG20250429183910.jpg,Fungal Stripe Damage,2824
C:\Users\Fame IT\Videos\rwn\438\Dataset\Dataset\Fungal Stripe Damage\IMG20250429183912.jpg,Fungal Stripe Damage,2825
C:\Users\Fame IT\Videos\rwn\438\Dataset\Dataset\Fungal Stripe Damage\IMG20250429183913.jpg,Fungal Stripe Damage,2826
C:\Users\Fame IT\Videos\rwn\438\Dataset\Dataset\Fungal Stripe Damage\IMG20250429183914.jpg,Fungal Stripe Damage,2827
C:\Users\Fame IT\Videos\rwn\438\Dataset\Dataset\Fungal Stripe Damage\IMG20250429183916.jpg,Fungal Stripe Damage,2828
C:\Users\Fame IT\Videos\rwn\438\Dataset\Dataset\Fungal Stripe Damage\IMG20250429183917.jpg,Fungal Stripe Damage,2829
C:\Users\Fame IT\Videos\rwn\438\Dataset\Dataset\Fungal Stripe Damage\IMG20250429183918.jpg,Fungal Stripe Damage,2829
C:\Users\Fame IT\Videos\rwn\438\Dataset\Dataset\Fungal Stripe Damage\IMG20250429183920.jpg,Fungal Stripe Damage,2830
C:\Users\Fame IT\Videos\rwn\438\Dataset\Dataset\Fungal Stripe Damage\IMG20250429183921.jpg,Fungal Stripe Damage,2829
C:\Users\Fame IT\Videos\rwn\438\Dataset\Dataset\Fungal Stripe Damage\IMG20250429183928.jpg,Fungal Stripe Damage,2831
C:\Users\Fame IT\Videos\rwn\438\Dataset\Dataset\Fungal Stripe Damage\IMG20250429183930.jpg,Fungal Stripe Damage,2831
C:\Users\Fame IT\Videos\rwn\438\Dataset\Dataset\Fungal Stripe Damage\IMG20250429183931.jpg,Fungal Stripe Damage,2832
C:\Users\Fame IT\Videos\rwn\438\Dataset\Dataset\Fungal Stripe Damage\IMG20250429183932.jpg,Fungal Stripe Damage,2832
C:\Users\Fame IT\Videos\rwn\438\Dataset\Dataset\Fungal Stripe Damage\IMG20250429183935.jpg,Fungal Stripe Damage,2832
C:\Users\Fame IT\Videos\rwn\438\Dataset\Dataset\Fungal Stripe Damage\IMG20250429183937.jpg,Fungal Stripe Damage,2832
C:\Users\Fame IT\Videos\rwn\438\Dataset\Dataset\Fungal Stripe Damage\IMG20250429183938.jpg,Fungal Stripe Damage,2832
C:\Users\Fame IT\Videos\rwn\438\Dataset\Dataset\Fungal Stripe Damage\IMG20250429183939.jpg,Fungal Stripe Damage,2832
C:\Users\Fame IT\Videos\rwn\438\Dataset\Dataset\Fungal Stripe Damage\IMG20250429183940.jpg,Fungal Stripe Damage,2832
C:\Users\Fame IT\Videos\rwn\438\Dataset\Dataset\Fungal Stripe Damage\IMG20250429183959.jpg,Fungal Stripe Damage,2834
C:\Users\Fame IT\Videos\rwn\438\Dataset\Dataset\Fungal Stripe Damage\IMG20250429184009.jpg,Fungal Stripe Damage,2835
C:\Users\Fame IT\Videos\rwn\438\Dataset\Dataset\Fungal Stripe Damage\IMG20250429184010.jpg,Fungal Stripe Damage,2835
C:\Users\Fame IT\Videos\rwn\438\Dataset\Dataset\Fungal Stripe Damage\IMG20250429184012.jpg,Fungal Stripe Damage,2835
C:\Users\Fame IT\Videos\rwn\438\Dataset\Dataset\Fungal Stripe Damage\IMG20250429184013.jpg,Fungal Stripe Damage,2835
C:\Users\Fame IT\Videos\rwn\438\Dataset\Dataset\Fungal Stripe Damage\IMG20250429184014.jpg,Fungal Stripe Damage,2835
C:\Users\Fame IT\Videos\rwn\438\Dataset\Dataset\Fungal Stripe Damage\IMG20250429184016.jpg,Fungal Stripe Damage,2835
C:\Users\Fame IT\Videos\rwn\438\Dataset\Dataset\Fungal Stripe Damage\IMG20250429184017.jpg,Fungal Stripe Damage,2835
C:\Users\Fame IT\Videos\rwn\438\Dataset\Dataset\Fungal Stripe Damage\IMG20250429184018.jpg,Fungal Stripe Damage,2835
C:\Users\Fame IT\Videos\rwn\438\Dataset\Dataset\Fungal Stripe Damage\IMG20250429184019.jpg,Fungal Stripe Damage,2835
C:\Users\Fame IT\Videos\rwn\438\Dataset\Dataset\Fungal Stripe Damage\IMG20250429184020.jpg,Fungal Stripe Damage,2835
C:\Users\Fame IT\Videos\rwn\438\Dataset\Dataset\Fungal Stripe Damage\IMG20250429184028.jpg,Fungal Stripe Damage,2835
C:\Users\Fame IT\Videos\rwn\438\Dataset\Dataset\Fungal Stripe Damage\IMG20250429184029.jpg,Fungal Stripe Damage,2835
C:\Users\Fame IT\Videos\rwn\438\Dataset\Dataset\Fungal Stripe Damage\IMG20250429184031.jpg,Fungal Stripe Damage,2835
C:\Users\Fame IT\Videos\rwn\438\Dataset\Dataset\Fungal Stripe Damage\IMG20250429184032.jpg,Fungal Stripe Damage,2835
C:\Users\Fame IT\Videos\rwn\438\Dataset\Dataset\Fungal Stripe Damage\IMG20250429184033.jpg,Fungal Stripe Damage,2835
C:\Users\Fame IT\Videos\rwn\438\Dataset\Dataset\Fungal Stripe Damage\IMG20250429184034.jpg,Fungal Stripe Damage,2835
C:\Users\Fame IT\Videos\rwn\438\Dataset\Dataset\Fungal Stripe Damage\IMG20250429184036.jpg,Fungal Stripe Damage,2835
C:\Users\Fame IT\Videos\rwn\438\Dataset\Dataset\Fungal Stripe Damage\IMG20250429184037.jpg,Fungal Stripe Damage,2837
C:\Users\Fame IT\Videos\rwn\438\Dataset\Dataset\Fungal Stripe Damage\IMG20250429184038.jpg,Fungal Stripe Damage,2837
C:\Users\Fame IT\Videos\rwn\438\Dataset\Dataset\Fungal Stripe Damage\IMG20250429184040.jpg,Fungal Stripe Damage,2837
C:\Users\Fame IT\Videos\rwn\438\Dataset\Dataset\Fungal Stripe Damage\IMG20250429184041.jpg,Fungal Stripe Damage,2837
C:\Users\Fame IT\Videos\rwn\438\Dataset\Dataset\Fungal Stripe Damage\IMG20250429184043.jpg,Fungal Stripe Damage,2835
C:\Users\Fame IT\Videos\rwn\438\Dataset\Dataset\Fungal Stripe Damage\IMG20250429184044.jpg,Fungal Stripe Damage,2837
C:\Users\Fame IT\Videos\rwn\438\Dataset\Dataset\Fungal Stripe Damage\IMG20250429184045.jpg,Fungal Stripe Damage,2835
C:\Users\Fame IT\Videos\rwn\438\Dataset\Dataset\Fungal Stripe Damage\IMG20250429184100.jpg,Fungal Stripe Damage,2838
C:\Users\Fame IT\Videos\rwn\438\Dataset\Dataset\Fungal Stripe Damage\IMG20250429184102.jpg,Fungal Stripe Damage,2839
C:\Users\Fame IT\Videos\rwn\438\Dataset\Dataset\Fungal Stripe Damage\IMG20250429184103.jpg,Fungal Stripe Damage,2839
C:\Users\Fame IT\Videos\rwn\438\Dataset\Dataset\Fungal Stripe Damage\IMG20250429184104.jpg,Fungal Stripe Damage,2839
C:\Users\Fame IT\Videos\rwn\438\Dataset\Dataset\Fungal Stripe Damage\IMG20250429184106.jpg,Fungal Stripe Damage,2839
C:\Users\Fame IT\Videos\rwn\438\Dataset\Dataset\Fungal Stripe Damage\IMG20250429184107.jpg,Fungal Stripe Damage,2839
C:\Users\Fame IT\Videos\rwn\438\Dataset\Dataset\Fungal Stripe Damage\IMG20250429184108.jpg,Fungal Stripe Damage,2839
C:\Users\Fame IT\Videos\rwn\438\Dataset\Dataset\Fungal Stripe Damage\IMG20250429184110.jpg,Fungal Stripe Damage,2840
C:\Users\Fame IT\Videos\rwn\438\Dataset\Dataset\Fungal Stripe Damage\IMG20250429184111.jpg,Fungal Stripe Damage,2840
C:\Users\Fame IT\Videos\rwn\438\Dataset\Dataset\Fungal Stripe Damage\IMG20250429184112.jpg,Fungal Stripe Damage,2840
C:\Users\Fame IT\Videos\rwn\438\Dataset\Dataset\Fungal Stripe Damage\IMG20250429184125.jpg,Fungal Stripe Damage,2841
C:\Users\Fame IT\Videos\rwn\438\Dataset\Dataset\Fungal Stripe Damage\IMG20250429184127.jpg,Fungal Stripe Damage,2841
C:\Users\Fame IT\Videos\rwn\438\Dataset\Dataset\Fungal Stripe Damage\IMG20250429184128.jpg,Fungal Stripe Damage,2841
C:\Users\Fame IT\Videos\rwn\438\Dataset\Dataset\Fungal Stripe Damage\IMG20250429184134.jpg,Fungal Stripe Damage,2844
C:\Users\Fame IT\Videos\rwn\438\Dataset\Dataset\Fungal Stripe Damage\IMG20250429184135.jpg,Fungal Stripe Damage,2844
C:\Users\Fame IT\Videos\rwn\438\Dataset\Dataset\Fungal Stripe Damage\IMG20250429184136.jpg,Fungal Stripe Damage,2844
C:\Users\Fame IT\Videos\rwn\438\Dataset\Dataset\Fungal Stripe Damage\IMG20250429184138.jpg,Fungal Stripe Damage,2844
C:\Users\Fame IT\Videos\rwn\438\Dataset\Dataset\Fungal Stripe Damage\IMG20250429184146.jpg,Fungal Stripe Damage,2846
C:\Users\Fame IT\Videos\rwn\438\Dataset\Dataset\Fungal Stripe Damage\IMG20250429184147.jpg,Fungal Stripe Damage,2846
C:\Users\Fame IT\Videos\rwn\438\Dataset\Dataset\Fungal Stripe Damage\IMG20250429184148.jpg,Fungal Stripe Damage,2847
C:\Users\Fame IT\Videos\rwn\438\Dataset\Dataset\Fungal Stripe Damage\IMG20250429184159.jpg,Fungal Stripe Damage,2848
C:\Users\Fame IT\Videos\rwn\438\Dataset\Dataset\Fungal Stripe Damage\IMG20250429184201.jpg,Fungal Stripe Damage,2848
C:\Users\Fame IT\Videos\rwn\438\Dataset\Dataset\Fungal Stripe Damage\IMG20250429184202.jpg,Fungal Stripe Damage,2848
C:\Users\Fame IT\Videos\rwn\438\Dataset\Dataset\Fungal Stripe Damage\IMG20250429184203.jpg,Fungal Stripe Damage,2848
C:\Users\Fame IT\Videos\rwn\438\Dataset\Dataset\Fungal Stripe Damage\IMG20250429184204.jpg,Fungal Stripe Damage,2848
C:\Users\Fame IT\Videos\rwn\438\Dataset\Dataset\Fungal Stripe Damage\IMG20250429184205.jpg,Fungal Stripe Damage,2848
C:\Users\Fame IT\Videos\rwn\438\Dataset\Dataset\Fungal Stripe Damage\IMG20250429184211.jpg,Fungal Stripe Damage,2849
C:\Users\Fame IT\Videos\rwn\438\Dataset\Dataset\Fungal Stripe Damage\IMG20250429184212.jpg,Fungal Stripe Damage,2849
C:\Users\Fame IT\Videos\rwn\438\Dataset\Dataset\Fungal Stripe Damage\IMG20250429184220.jpg,Fungal Stripe Damage,2851
C:\Users\Fame IT\Videos\rwn\438\Dataset\Dataset\Fungal Stripe Damage\IMG20250429184221.jpg,Fungal Stripe Damage,2851
C:\Users\Fame IT\Videos\rwn\438\Dataset\Dataset\Fungal Stripe Damage\IMG20250429184305.jpg,Fungal Stripe Damage,2852
C:\Users\Fame IT\Videos\rwn\438\Dataset\Dataset\Fungal Stripe Damage\IMG20250429184308.jpg,Fungal Stripe Damage,2854
C:\Users\Fame IT\Videos\rwn\438\Dataset\Dataset\Fungal Stripe Damage\IMG20250429184311.jpg,Fungal Stripe Damage,2854
C:\Users\Fame IT\Videos\rwn\438\Dataset\Dataset\Fungal Stripe Damage\IMG20250429184312.jpg,Fungal Stripe Damage,2854
C:\Users\Fame IT\Videos\rwn\438\Dataset\Dataset\Fungal Stripe Damage\IMG20250429184314.jpg,Fungal Stripe Damage,2854
C:\Users\Fame IT\Videos\rwn\438\Dataset\Dataset\Fungal Stripe Damage\IMG20250429184315.jpg,Fungal Stripe Damage,2854
C:\Users\Fame IT\Videos\rwn\438\Dataset\Dataset\Fungal Stripe Damage\IMG20250429184316.jpg,Fungal Stripe Damage,2854
C:\Users\Fame IT\Videos\rwn\438\Dataset\Dataset\Fungal Stripe Damage\IMG20250429184332.jpg,Fungal Stripe Damage,2856
C:\Users\Fame IT\Videos\rwn\438\Dataset\Dataset\Fungal Stripe Damage\IMG20250429184406.jpg,Fungal Stripe Damage,2860
C:\Users\Fame IT\Videos\rwn\438\Dataset\Dataset\Fungal Stripe Damage\IMG20250429184408.jpg,Fungal Stripe Damage,2860
C:\Users\Fame IT\Videos\rwn\438\Dataset\Dataset\Fungal Stripe Damage\IMG20250429184409.jpg,Fungal Stripe Damage,2860
C:\Users\Fame IT\Videos\rwn\438\Dataset\Dataset\Fungal Stripe Damage\IMG20250429184434.jpg,Fungal Stripe Damage,2862
C:\Users\Fame IT\Videos\rwn\438\Dataset\Dataset\Fungal Stripe Damage\IMG20250429184441.jpg,Fungal Stripe Damage,2866
C:\Users\Fame IT\Videos\rwn\438\Dataset\Dataset\Fungal Stripe Damage\IMG20250429184500.jpg,Fungal Stripe Damage,2867
C:\Users\Fame IT\Videos\rwn\438\Dataset\Dataset\Fungal Stripe Damage\IMG20250429184502.jpg,Fungal Stripe Damage,2867
C:\Users\Fame IT\Videos\rwn\438\Dataset\Dataset\Fungal Stripe Damage\IMG20250429184503.jpg,Fungal Stripe Damage,2867
C:\Users\Fame IT\Videos\rwn\438\Dataset\Dataset\Fungal Stripe Damage\IMG20250429184504.jpg,Fungal Stripe Damage,2867
C:\Users\Fame IT\Videos\rwn\438\Dataset\Dataset\Fungal Stripe Damage\IMG20250429184506.jpg,Fungal Stripe Damage,2867
C:\Users\Fame IT\Videos\rwn\438\Dataset\Dataset\Fungal Stripe Damage\IMG20250429184507.jpg,Fungal Stripe Damage,2867
C:\Users\Fame IT\Videos\rwn\438\Dataset\Dataset\Fungal Stripe Damage\IMG20250429184511.jpg,Fungal Stripe Damage,2869
C:\Users\Fame IT\Videos\rwn\438\Dataset\Dataset\Fungal Stripe Damage\IMG20250429184513.jpg,Fungal Stripe Damage,2869
C:\Users\Fame IT\Videos\rwn\438\Dataset\Dataset\Fungal Stripe Damage\IMG20250429184523.jpg,Fungal Stripe Damage,2871
C:\Users\Fame IT\Videos\rwn\438\Dataset\Dataset\Fungal Stripe Damage\IMG20250429184525.jpg,Fungal Stripe Damage,2872
C:\Users\Fame IT\Videos\rwn\438\Dataset\Dataset\Fungal Stripe Damage\IMG20250429184526.jpg,Fungal Stripe Damage,2871
C:\Users\Fame IT\Videos\rwn\438\Dataset\Dataset\Fungal Stripe Damage\IMG20250429184527.jpg,Fungal Stripe Damage,2871
C:\Users\Fame IT\Videos\rwn\438\Dataset\Dataset\Fungal Stripe Damage\IMG20250429184529.jpg,Fungal Stripe Damage,2873
C:\Users\Fame IT\Videos\rwn\438\Dataset\Dataset\Fungal Stripe Damage\IMG20250429184530.jpg,Fungal Stripe Damage,2873
C:\Users\Fame IT\Videos\rwn\438\Dataset\Dataset\Fungal Stripe Damage\IMG20250429184535.jpg,Fungal Stripe Damage,2874
C:\Users\Fame IT\Videos\rwn\438\Dataset\Dataset\Fungal Stripe Damage\IMG20250429184542.jpg,Fungal Stripe Damage,2875
C:\Users\Fame IT\Videos\rwn\438\Dataset\Dataset\Fungal Stripe Damage\IMG20250429184544.jpg,Fungal Stripe Damage,2875
C:\Users\Fame IT\Videos\rwn\438\Dataset\Dataset\Fungal Stripe Damage\IMG20250429184545.jpg,Fungal Stripe Damage,2875
C:\Users\Fame IT\Videos\rwn\438\Dataset\Dataset\Fungal Stripe Damage\IMG20250429184547.jpg,Fungal Stripe Damage,2875
C:\Users\Fame IT\Videos\rwn\438\Dataset\Dataset\Fungal Stripe Damage\IMG20250429184548.jpg,Fungal Stripe Damage,2876
C:\Users\Fame IT\Videos\rwn\438\Dataset\Dataset\Fungal Stripe Damage\IMG20250429184604.jpg,Fungal Stripe Damage,2878
C:\Users\Fame IT\Videos\rwn\438\Dataset\Dataset\Fungal Stripe Damage\IMG20250429184605.jpg,Fungal Stripe Damage,2878
C:\Users\Fame IT\Videos\rwn\438\Dataset\Dataset\Fungal Stripe Damage\IMG20250429184607.jpg,Fungal Stripe Damage,2878
C:\Users\Fame IT\Videos\rwn\438\Dataset\Dataset\Fungal Stripe Damage\IMG20250429184608.jpg,Fungal Stripe Damage,2878
C:\Users\Fame IT\Videos\rwn\438\Dataset\Dataset\Fungal Stripe Damage\IMG20250429184610.jpg,Fungal Stripe Damage,2878
C:\Users\Fame IT\Videos\rwn\438\Dataset\Dataset\Fungal Stripe Damage\IMG20250429184611.jpg,Fungal Stripe Damage,2878
C:\Users\Fame IT\Videos\rwn\438\Dataset\Dataset\Fungal Stripe Damage\IMG20250429184613.jpg,Fungal Stripe Damage,2878
C:\Users\Fame IT\Videos\rwn\438\Dataset\Dataset\Fungal Stripe Damage\IMG20250429184614.jpg,Fungal Stripe Damage,2878
C:\Users\Fame IT\Videos\rwn\438\Dataset\Dataset\Fungal Stripe Damage\IMG20250429184615.jpg,Fungal Stripe Damage,2878
C:\Users\Fame IT\Videos\rwn\438\Dataset\Dataset\Fungal Stripe Damage\IMG20250429184616.jpg,Fungal Stripe Damage,2878
C:\Users\Fame IT\Videos\rwn\438\Dataset\Dataset\Fungal Stripe Damage\IMG20250429184618.jpg,Fungal Stripe Damage,2879
C:\Users\Fame IT\Videos\rwn\438\Dataset\Dataset\Fungal Stripe Damage\IMG20250429184619.jpg,Fungal Stripe Damage,2879
C:\Users\Fame IT\Videos\rwn\438\Dataset\Dataset\Fungal Stripe Damage\IMG20250429184620.jpg,Fungal Stripe Damage,2879
C:\Users\Fame IT\Videos\rwn\438\Dataset\Dataset\Fungal Stripe Damage\IMG20250429184622.jpg,Fungal Stripe Damage,2879
C:\Users\Fame IT\Videos\rwn\438\Dataset\Dataset\Fungal Stripe Damage\IMG20250429184623.jpg,Fungal Stripe Damage,2879
C:\Users\Fame IT\Videos\rwn\438\Dataset\Dataset\Fungal Stripe Damage\IMG20250429184632.jpg,Fungal Stripe Damage,2880
C:\Users\Fame IT\Videos\rwn\438\Dataset\Dataset\Fungal Stripe Damage\IMG20250429184633.jpg,Fungal Stripe Damage,2881
C:\Users\Fame IT\Videos\rwn\438\Dataset\Dataset\Fungal Stripe Damage\IMG20250429184635.jpg,Fungal Stripe Damage,2882
C:\Users\Fame IT\Videos\rwn\438\Dataset\Dataset\Fungal Stripe Damage\IMG20250429184720.jpg,Fungal Stripe Damage,2885
C:\Users\Fame IT\Videos\rwn\438\Dataset\Dataset\Fungal Stripe Damage\IMG20250429184721.jpg,Fungal Stripe Damage,2885
C:\Users\Fame IT\Videos\rwn\438\Dataset\Dataset\Fungal Stripe Damage\IMG20250429184722.jpg,Fungal Stripe Damage,2886
C:\Users\Fame IT\Videos\rwn\438\Dataset\Dataset\Fungal Stripe Damage\IMG20250429184736.jpg,Fungal Stripe Damage,2887
C:\Users\Fame IT\Videos\rwn\438\Dataset\Dataset\Fungal Stripe Damage\IMG20250429184737.jpg,Fungal Stripe Damage,2888
C:\Users\Fame IT\Videos\rwn\438\Dataset\Dataset\Fungal Stripe Damage\IMG20250429184738.jpg,Fungal Stripe Damage,2887
C:\Users\Fame IT\Videos\rwn\438\Dataset\Dataset\Fungal Stripe Damage\IMG20250429184740.jpg,Fungal Stripe Damage,2887
C:\Users\Fame IT\Videos\rwn\438\Dataset\Dataset\Fungal Stripe Damage\IMG20250429184742.jpg,Fungal Stripe Damage,2887
C:\Users\Fame IT\Videos\rwn\438\Dataset\Dataset\Fungal Stripe Damage\IMG20250429184743.jpg,Fungal Stripe Damage,2887
C:\Users\Fame IT\Videos\rwn\438\Dataset\Dataset\Fungal Stripe Damage\IMG20250429184744.jpg,Fungal Stripe Damage,2887
C:\Users\Fame IT\Videos\rwn\438\Dataset\Dataset\Fungal Stripe Damage\IMG20250429184746.jpg,Fungal Stripe Damage,2887
C:\Users\Fame IT\Videos\rwn\438\Dataset\Dataset\Fungal Stripe Damage\IMG20250429184747.jpg,Fungal Stripe Damage,2887
C:\Users\Fame IT\Videos\rwn\438\Dataset\Dataset\Fungal Stripe Damage\IMG20250429184748.jpg,Fungal Stripe Damage,2889
C:\Users\Fame IT\Videos\rwn\438\Dataset\Dataset\Fungal Stripe Damage\IMG20250429184750.jpg,Fungal Stripe Damage,2889
C:\Users\Fame IT\Videos\rwn\438\Dataset\Dataset\Fungal Stripe Damage\IMG20250429184752.jpg,Fungal Stripe Damage,2889
C:\Users\Fame IT\Videos\rwn\438\Dataset\Dataset\Fungal Stripe Damage\IMG20250429184803.jpg,Fungal Stripe Damage,2891
C:\Users\Fame IT\Videos\rwn\438\Dataset\Dataset\Fungal Stripe Damage\IMG20250429184804.jpg,Fungal Stripe Damage,2892
C:\Users\Fame IT\Videos\rwn\438\Dataset\Dataset\Fungal Stripe Damage\IMG20250429184805.jpg,Fungal Stripe Damage,2893
C:\Users\Fame IT\Videos\rwn\438\Dataset\Dataset\Fungal Stripe Damage\IMG20250429184807.jpg,Fungal Stripe Damage,2893
C:\Users\Fame IT\Videos\rwn\438\Dataset\Dataset\Fungal Stripe Damage\IMG20250429184815.jpg,Fungal Stripe Damage,2895
C:\Users\Fame IT\Videos\rwn\438\Dataset\Dataset\Fungal Stripe Damage\IMG20250429184817.jpg,Fungal Stripe Damage,2896
C:\Users\Fame IT\Videos\rwn\438\Dataset\Dataset\Fungal Stripe Damage\IMG20250429184818.jpg,Fungal Stripe Damage,2896
C:\Users\Fame IT\Videos\rwn\438\Dataset\Dataset\Fungal Stripe Damage\IMG20250429184820.jpg,Fungal Stripe Damage,2897
C:\Users\Fame IT\Videos\rwn\438\Dataset\Dataset\Fungal Stripe Damage\IMG20250429184821.jpg,Fungal Stripe Damage,2896
C:\Users\Fame IT\Videos\rwn\438\Dataset\Dataset\Fungal Stripe Damage\IMG20250429184822.jpg,Fungal Stripe Damage,2896
C:\Users\Fame IT\Videos\rwn\438\Dataset\Dataset\Fungal Stripe Damage\IMG20250429184835.jpg,Fungal Stripe Damage,2898
C:\Users\Fame IT\Videos\rwn\438\Dataset\Dataset\Fungal Stripe Damage\IMG20250429184836.jpg,Fungal Stripe Damage,2899
C:\Users\Fame IT\Videos\rwn\438\Dataset\Dataset\Fungal Stripe Damage\IMG20250429184838.jpg,Fungal Stripe Damage,2900
C:\Users\Fame IT\Videos\rwn\438\Dataset\Dataset\Fungal Stripe Damage\IMG20250429184839.jpg,Fungal Stripe Damage,2900
C:\Users\Fame IT\Videos\rwn\438\Dataset\Dataset\Fungal Stripe Damage\IMG20250429184840.jpg,Fungal Stripe Damage,2900
C:\Users\Fame IT\Videos\rwn\438\Dataset\Dataset\Fungal Stripe Damage\IMG20250429184842.jpg,Fungal Stripe Damage,2900
C:\Users\Fame IT\Videos\rwn\438\Dataset\Dataset\Fungal Stripe Damage\IMG20250429184843.jpg,Fungal Stripe Damage,2901
C:\Users\Fame IT\Videos\rwn\438\Dataset\Dataset\Fungal Stripe Damage\IMG20250429184845.jpg,Fungal Stripe Damage,2901
C:\Users\Fame IT\Videos\rwn\438\Dataset\Dataset\Fungal Stripe Damage\IMG20250429184846.jpg,Fungal Stripe Damage,2901
C:\Users\Fame IT\Videos\rwn\438\Dataset\Dataset\Fungal Stripe Damage\IMG20250429184848.jpg,Fungal Stripe Damage,2901
C:\Users\Fame IT\Videos\rwn\438\Dataset\Dataset\Fungal Stripe Damage\IMG20250429184849.jpg,Fungal Stripe Damage,2901
C:\Users\Fame IT\Videos\rwn\438\Dataset\Dataset\Fungal Stripe Damage\IMG20250429184850.jpg,Fungal Stripe Damage,2901
C:\Users\Fame IT\Videos\rwn\438\Dataset\Dataset\Fungal Stripe Damage\IMG20250429185003.jpg,Fungal Stripe Damage,2903
C:\Users\Fame IT\Videos\rwn\438\Dataset\Dataset\Fungal Stripe Damage\IMG20250429185005.jpg,Fungal Stripe Damage,2903
C:\Users\Fame IT\Videos\rwn\438\Dataset\Dataset\Fungal Stripe Damage\IMG20250429185007.jpg,Fungal Stripe Damage,2904
C:\Users\Fame IT\Videos\rwn\438\Dataset\Dataset\Fungal Stripe Damage\IMG20250429185010.jpg,Fungal Stripe Damage,2905
C:\Users\Fame IT\Videos\rwn\438\Dataset\Dataset\Fungal Stripe Damage\IMG20250429185011.jpg,Fungal Stripe Damage,2905
C:\Users\Fame IT\Videos\rwn\438\Dataset\Dataset\Fungal Stripe Damage\IMG20250429185012.jpg,Fungal Stripe Damage,2905
C:\Users\Fame IT\Videos\rwn\438\Dataset\Dataset\Fungal Stripe Damage\IMG20250429185014.jpg,Fungal Stripe Damage,2905
C:\Users\Fame IT\Videos\rwn\438\Dataset\Dataset\Fungal Stripe Damage\IMG20250429185015.jpg,Fungal Stripe Damage,2905
C:\Users\Fame IT\Videos\rwn\438\Dataset\Dataset\Fungal Stripe Damage\IMG20250429185016.jpg,Fungal Stripe Damage,2905
C:\Users\Fame IT\Videos\rwn\438\Dataset\Dataset\Fungal Stripe Damage\IMG20250429185018.jpg,Fungal Stripe Damage,2905
C:\Users\Fame IT\Videos\rwn\438\Dataset\Dataset\Fungal Stripe Damage\IMG20250429185055.jpg,Fungal Stripe Damage,2906
C:\Users\Fame IT\Videos\rwn\438\Dataset\Dataset\Fungal Stripe Damage\IMG20250429185113.jpg,Fungal Stripe Damage,2909
C:\Users\Fame IT\Videos\rwn\438\Dataset\Dataset\Fungal Stripe Damage\IMG20250429185115.jpg,Fungal Stripe Damage,2910
C:\Users\Fame IT\Videos\rwn\438\Dataset\Dataset\Fungal Stripe Damage\IMG20250429185116.jpg,Fungal Stripe Damage,2911
C:\Users\Fame IT\Videos\rwn\438\Dataset\Dataset\Fungal Stripe Damage\IMG20250429185117.jpg,Fungal Stripe Damage,2911
C:\Users\Fame IT\Videos\rwn\438\Dataset\Dataset\Fungal Stripe Damage\IMG20250429185119.jpg,Fungal Stripe Damage,2911
C:\Users\Fame IT\Videos\rwn\438\Dataset\Dataset\Fungal Stripe Damage\IMG20250429185120.jpg,Fungal Stripe Damage,2911
C:\Users\Fame IT\Videos\rwn\438\Dataset\Dataset\Fungal Stripe Damage\IMG20250429185121.jpg,Fungal Stripe Damage,2911
C:\Users\Fame IT\Videos\rwn\438\Dataset\Dataset\Fungal Stripe Damage\IMG20250429185134.jpg,Fungal Stripe Damage,2912
C:\Users\Fame IT\Videos\rwn\438\Dataset\Dataset\Fungal Stripe Damage\IMG20250429185135.jpg,Fungal Stripe Damage,2913
C:\Users\Fame IT\Videos\rwn\438\Dataset\Dataset\Fungal Stripe Damage\IMG20250429185139.jpg,Fungal Stripe Damage,2915
C:\Users\Fame IT\Videos\rwn\438\Dataset\Dataset\Fungal Stripe Damage\IMG20250429185201.jpg,Fungal Stripe Damage,2916
C:\Users\Fame IT\Videos\rwn\438\Dataset\Dataset\Fungal Stripe Damage\IMG20250429185204.jpg,Fungal Stripe Damage,2917
C:\Users\Fame IT\Videos\rwn\438\Dataset\Dataset\Fungal Stripe Damage\IMG20250429185205.jpg,Fungal Stripe Damage,2918
C:\Users\Fame IT\Videos\rwn\438\Dataset\Dataset\Fungal Stripe Damage\IMG20250429185206.jpg,Fungal Stripe Damage,2918
C:\Users\Fame IT\Videos\rwn\438\Dataset\Dataset\Fungal Stripe Damage\IMG20250429185207.jpg,Fungal Stripe Damage,2918
C:\Users\Fame IT\Videos\rwn\438\Dataset\Dataset\Fungal Stripe Damage\IMG20250429185209.jpg,Fungal Stripe Damage,2918
C:\Users\Fame IT\Videos\rwn\438\Dataset\Dataset\Fungal Stripe Damage\IMG20250429185210.jpg,Fungal Stripe Damage,2918
C:\Users\Fame IT\Videos\rwn\438\Dataset\Dataset\Fungal Stripe Damage\IMG20250429185211.jpg,Fungal Stripe Damage,2918
C:\Users\Fame IT\Videos\rwn\438\Dataset\Dataset\Fungal Stripe Damage\IMG20250429185212.jpg,Fungal Stripe Damage,2918
C:\Users\Fame IT\Videos\rwn\438\Dataset\Dataset\Fungal Stripe Damage\IMG20250429185214.jpg,Fungal Stripe Damage,2918
C:\Users\Fame IT\Videos\rwn\438\Dataset\Dataset\Fungal Stripe Damage\IMG20250429185224.jpg,Fungal Stripe Damage,2919
C:\Users\Fame IT\Videos\rwn\438\Dataset\Dataset\Fungal Stripe Damage\IMG20250429185225.jpg,Fungal Stripe Damage,2920
C:\Users\Fame IT\Videos\rwn\438\Dataset\Dataset\Fungal Stripe Damage\IMG20250429185226.jpg,Fungal Stripe Damage,2920
C:\Users\Fame IT\Videos\rwn\438\Dataset\Dataset\Fungal Stripe Damage\IMG20250429185228.jpg,Fungal Stripe Damage,2921
C:\Users\Fame IT\Videos\rwn\438\Dataset\Dataset\Fungal Stripe Damage\IMG20250429185236.jpg,Fungal Stripe Damage,2922
C:\Users\Fame IT\Videos\rwn\438\Dataset\Dataset\Fungal Stripe Damage\IMG20250429185238.jpg,Fungal Stripe Damage,2922
C:\Users\Fame IT\Videos\rwn\438\Dataset\Dataset\Fungal Stripe Damage\IMG20250429185239.jpg,Fungal Stripe Damage,2923
C:\Users\Fame IT\Videos\rwn\438\Dataset\Dataset\Fungal Stripe Damage\IMG20250429185241.jpg,Fungal Stripe Damage,2924
C:\Users\Fame IT\Videos\rwn\438\Dataset\Dataset\Fungal Stripe Damage\IMG20250429185303.jpg,Fungal Stripe Damage,2928
C:\Users\Fame IT\Videos\rwn\438\Dataset\Dataset\Fungal Stripe Damage\IMG20250429185305.jpg,Fungal Stripe Damage,2929
C:\Users\Fame IT\Videos\rwn\438\Dataset\Dataset\Fungal Stripe Damage\IMG20250429185330.jpg,Fungal Stripe Damage,2930
C:\Users\Fame IT\Videos\rwn\438\Dataset\Dataset\Fungal Stripe Damage\IMG20250429185331.jpg,Fungal Stripe Damage,2931
C:\Users\Fame IT\Videos\rwn\438\Dataset\Dataset\Fungal Stripe Damage\IMG20250429185333.jpg,Fungal Stripe Damage,2931
C:\Users\Fame IT\Videos\rwn\438\Dataset\Dataset\Fungal Stripe Damage\IMG20250429185339.jpg,Fungal Stripe Damage,2932
C:\Users\Fame IT\Videos\rwn\438\Dataset\Dataset\Fungal Stripe Damage\IMG20250429185405.jpg,Fungal Stripe Damage,2933
C:\Users\Fame IT\Videos\rwn\438\Dataset\Dataset\Fungal Stripe Damage\IMG20250429185406.jpg,Fungal Stripe Damage,2934
C:\Users\Fame IT\Videos\rwn\438\Dataset\Dataset\Fungal Stripe Damage\IMG20250429185408.jpg,Fungal Stripe Damage,2935
C:\Users\Fame IT\Videos\rwn\438\Dataset\Dataset\Fungal Stripe Damage\IMG20250429185446.jpg,Fungal Stripe Damage,2939
C:\Users\Fame IT\Videos\rwn\438\Dataset\Dataset\Fungal Stripe Damage\IMG20250429185448.jpg,Fungal Stripe Damage,2940
C:\Users\Fame IT\Videos\rwn\438\Dataset\Dataset\Fungal Stripe Damage\IMG20250429185451.jpg,Fungal Stripe Damage,2942
C:\Users\Fame IT\Videos\rwn\438\Dataset\Dataset\Fungal Stripe Damage\IMG20250429185523.jpg,Fungal Stripe Damage,2945
C:\Users\Fame IT\Videos\rwn\438\Dataset\Dataset\Fungal Stripe Damage\IMG20250429185531.jpg,Fungal Stripe Damage,2947
C:\Users\Fame IT\Videos\rwn\438\Dataset\Dataset\Fungal Stripe Damage\IMG20250429185534.jpg,Fungal Stripe Damage,2949
C:\Users\Fame IT\Videos\rwn\438\Dataset\Dataset\Fungal Stripe Damage\IMG20250429185536.jpg,Fungal Stripe Damage,2950
C:\Users\Fame IT\Videos\rwn\438\Dataset\Dataset\Fungal Stripe Damage\IMG20250429185537.jpg,Fungal Stripe Damage,2950
C:\Users\Fame IT\Videos\rwn\438\Dataset\Dataset\Fungal Stripe Damage\IMG20250429185608.jpg,Fungal Stripe Damage,2951
C:\Users\Fame IT\Videos\rwn\438\Dataset\Dataset\Fungal Stripe Damage\IMG20250429185610.jpg,Fungal Stripe Damage,2952
C:\Users\Fame IT\Videos\rwn\438\Dataset\Dataset\Fungal Stripe Damage\IMG20250429185611.jpg,Fungal Stripe Damage,2953
C:\Users\Fame IT\Videos\rwn\438\Dataset\Dataset\Fungal Stripe Damage\IMG20250429185627.jpg,Fungal Stripe Damage,2956
C:\Users\Fame IT\Videos\rwn\438\Dataset\Dataset\Fungal Stripe Damage\IMG20250429185629.jpg,Fungal Stripe Damage,2957
C:\Users\Fame IT\Videos\rwn\438\Dataset\Dataset\Fungal Stripe Damage\IMG20250429185630.jpg,Fungal Stripe Damage,2957
C:\Users\Fame IT\Videos\rwn\438\Dataset\Dataset\Fungal Stripe Damage\IMG20250429185631.jpg,Fungal Stripe Damage,2957
C:\Users\Fame IT\Videos\rwn\438\Dataset\Dataset\Fungal Stripe Damage\IMG20250429185633.jpg,Fungal Stripe Damage,2958
C:\Users\Fame IT\Videos\rwn\438\Dataset\Dataset\Fungal Stripe Damage\IMG20250429185634.jpg,Fungal Stripe Damage,2958
C:\Users\Fame IT\Videos\rwn\438\Dataset\Dataset\Fungal Stripe Damage\IMG20250429185709.jpg,Fungal Stripe Damage,2959
C:\Users\Fame IT\Videos\rwn\438\Dataset\Dataset\Fungal Stripe Damage\IMG20250429185710.jpg,Fungal Stripe Damage,2960
C:\Users\Fame IT\Videos\rwn\438\Dataset\Dataset\Fungal Stripe Damage\IMG20250429185712.jpg,Fungal Stripe Damage,2961
C:\Users\Fame IT\Videos\rwn\438\Dataset\Dataset\Fungal Stripe Damage\IMG20250429185728.jpg,Fungal Stripe Damage,2963
C:\Users\Fame IT\Videos\rwn\438\Dataset\Dataset\Fungal Stripe Damage\IMG20250429185730.jpg,Fungal Stripe Damage,2964
C:\Users\Fame IT\Videos\rwn\438\Dataset\Dataset\Fungal Stripe Damage\IMG20250429185731.jpg,Fungal Stripe Damage,2965
C:\Users\Fame IT\Videos\rwn\438\Dataset\Dataset\Fungal Stripe Damage\IMG20250429185733.jpg,Fungal Stripe Damage,2965
C:\Users\Fame IT\Videos\rwn\438\Dataset\Dataset\Fungal Stripe Damage\IMG20250429185734.jpg,Fungal Stripe Damage,2965
C:\Users\Fame IT\Videos\rwn\438\Dataset\Dataset\Fungal Stripe Damage\IMG20250429185747.jpg,Fungal Stripe Damage,2966
C:\Users\Fame IT\Videos\rwn\438\Dataset\Dataset\Fungal Stripe Damage\IMG20250429185748.jpg,Fungal Stripe Damage,2967
C:\Users\Fame IT\Videos\rwn\438\Dataset\Dataset\Fungal Stripe Damage\IMG20250429185750.jpg,Fungal Stripe Damage,2968
C:\Users\Fame IT\Videos\rwn\438\Dataset\Dataset\Fungal Stripe Damage\IMG20250429185931.jpg,Fungal Stripe Damage,2973
C:\Users\Fame IT\Videos\rwn\438\Dataset\Dataset\Fungal Stripe Damage\IMG20250429185933.jpg,Fungal Stripe Damage,2974
C:\Users\Fame IT\Videos\rwn\438\Dataset\Dataset\Fungal Stripe Damage\IMG20250429185952.jpg,Fungal Stripe Damage,2977
C:\Users\Fame IT\Videos\rwn\438\Dataset\Dataset\Fungal Stripe Damage\IMG20250429190153.jpg,Fungal Stripe Damage,2978
C:\Users\Fame IT\Videos\rwn\438\Dataset\Dataset\Fungal Stripe Damage\IMG20250429190155.jpg,Fungal Stripe Damage,2979
C:\Users\Fame IT\Videos\rwn\438\Dataset\Dataset\Fungal Stripe Damage\IMG20250429190156.jpg,Fungal Stripe Damage,2980
C:\Users\Fame IT\Videos\rwn\438\Dataset\Dataset\Fungal Stripe Damage\IMG20250429190158.jpg,Fungal Stripe Damage,2980
C:\Users\Fame IT\Videos\rwn\438\Dataset\Dataset\Fungal Stripe Damage\IMG20250429190200.jpg,Fungal Stripe Damage,2981
C:\Users\Fame IT\Videos\rwn\438\Dataset\Dataset\Fungal Stripe Damage\IMG20250429190202.jpg,Fungal Stripe Damage,2982
C:\Users\Fame IT\Videos\rwn\438\Dataset\Dataset\Fungal Stripe Damage\IMG20250429190310.jpg,Fungal Stripe Damage,2983
C:\Users\Fame IT\Videos\rwn\438\Dataset\Dataset\Fungal Stripe Damage\IMG20250429190315.jpg,Fungal Stripe Damage,2985
C:\Users\Fame IT\Videos\rwn\438\Dataset\Dataset\Fungal Stripe Damage\IMG20250429190317.jpg,Fungal Stripe Damage,2986
C:\Users\Fame IT\Videos\rwn\438\Dataset\Dataset\Fungal Stripe Damage\IMG20250429190318.jpg,Fungal Stripe Damage,2986
C:\Users\Fame IT\Videos\rwn\438\Dataset\Dataset\Fungal Stripe Damage\IMG20250429190319.jpg,Fungal Stripe Damage,2986
C:\Users\Fame IT\Videos\rwn\438\Dataset\Dataset\Fungal Stripe Damage\IMG20250429190320.jpg,Fungal Stripe Damage,2986
C:\Users\Fame IT\Videos\rwn\438\Dataset\Dataset\Fungal Stripe Damage\IMG20250429190322.jpg,Fungal Stripe Damage,2986
C:\Users\Fame IT\Videos\rwn\438\Dataset\Dataset\Fungal Stripe Damage\IMG20250429190323.jpg,Fungal Stripe Damage,2986
C:\Users\Fame IT\Videos\rwn\438\Dataset\Dataset\Fungal Stripe Damage\IMG20250429190453.jpg,Fungal Stripe Damage,2989
C:\Users\Fame IT\Videos\rwn\438\Dataset\Dataset\Fungal Stripe Damage\IMG20250429190455.jpg,Fungal Stripe Damage,2990
C:\Users\Fame IT\Videos\rwn\438\Dataset\Dataset\Fungal Stripe Damage\IMG20250429190517.jpg,Fungal Stripe Damage,2991
C:\Users\Fame IT\Videos\rwn\438\Dataset\Dataset\Fungal Stripe Damage\IMG20250429190521.jpg,Fungal Stripe Damage,2992
C:\Users\Fame IT\Videos\rwn\438\Dataset\Dataset\Fungal Stripe Damage\IMG20250429190634.jpg,Fungal Stripe Damage,2994
C:\Users\Fame IT\Videos\rwn\438\Dataset\Dataset\Fungal Stripe Damage\IMG20250429190636.jpg,Fungal Stripe Damage,2995
C:\Users\Fame IT\Videos\rwn\438\Dataset\Dataset\Fungal Stripe Damage\IMG20250429190652.jpg,Fungal Stripe Damage,2997
C:\Users\Fame IT\Videos\rwn\438\Dataset\Dataset\Fungal Stripe Damage\IMG20250429190714.jpg,Fungal Stripe Damage,2999
C:\Users\Fame IT\Videos\rwn\438\Dataset\Dataset\Fungal Stripe Damage\IMG20250429190716.jpg,Fungal Stripe Damage,3000
C:\Users\Fame IT\Videos\rwn\438\Dataset\Dataset\Fungal Stripe Damage\IMG20250429190719.jpg,Fungal Stripe Damage,3001
C:\Users\Fame IT\Videos\rwn\438\Dataset\Dataset\Fungal Stripe Damage\IMG20250429190745.jpg,Fungal Stripe Damage,3002
C:\Users\Fame IT\Videos\rwn\438\Dataset\Dataset\Fungal Stripe Damage\IMG20250429190747.jpg,Fungal Stripe Damage,3003
C:\Users\Fame IT\Videos\rwn\438\Dataset\Dataset\Fungal Stripe Damage\IMG20250429190826.jpg,Fungal Stripe Damage,3004
C:\Users\Fame IT\Videos\rwn\438\Dataset\Dataset\Fungal Stripe Damage\IMG20250429190828.jpg,Fungal Stripe Damage,3005
C:\Users\Fame IT\Videos\rwn\438\Dataset\Dataset\Fungal Stripe Damage\IMG20250429190829.jpg,Fungal Stripe Damage,3005
C:\Users\Fame IT\Videos\rwn\438\Dataset\Dataset\Fungal Stripe Damage\IMG20250429190830.jpg,Fungal Stripe Damage,3005
C:\Users\Fame IT\Videos\rwn\438\Dataset\Dataset\Fungal Stripe Damage\IMG20250429190832.jpg,Fungal Stripe Damage,3005
C:\Users\Fame IT\Videos\rwn\438\Dataset\Dataset\Fungal Stripe Damage\IMG20250429190833.jpg,Fungal Stripe Damage,3005
C:\Users\Fame IT\Videos\rwn\438\Dataset\Dataset\Fungal Stripe Damage\IMG20250429190834.jpg,Fungal Stripe Damage,3005
C:\Users\Fame IT\Videos\rwn\438\Dataset\Dataset\Fungal Stripe Damage\IMG20250429190836.jpg,Fungal Stripe Damage,3005
C:\Users\Fame IT\Videos\rwn\438\Dataset\Dataset\Fungal Stripe Damage\IMG20250429190838.jpg,Fungal Stripe Damage,3006
C:\Users\Fame IT\Videos\rwn\438\Dataset\Dataset\Fungal Stripe Damage\IMG20250429190840.jpg,Fungal Stripe Damage,3007
C:\Users\Fame IT\Videos\rwn\438\Dataset\Dataset\Fungal Stripe Damage\IMG20250429190855.jpg,Fungal Stripe Damage,3009
C:\Users\Fame IT\Videos\rwn\438\Dataset\Dataset\Fungal Stripe Damage\IMG20250429190906.jpg,Fungal Stripe Damage,3010
C:\Users\Fame IT\Videos\rwn\438\Dataset\Dataset\Fungal Stripe Damage\IMG20250429190909.jpg,Fungal Stripe Damage,3012
C:\Users\Fame IT\Videos\rwn\438\Dataset\Dataset\Fungal Stripe Damage\IMG20250429190910.jpg,Fungal Stripe Damage,3012
C:\Users\Fame IT\Videos\rwn\438\Dataset\Dataset\Fungal Stripe Damage\IMG20250429190912.jpg,Fungal Stripe Damage,3013
C:\Users\Fame IT\Videos\rwn\438\Dataset\Dataset\Fungal Stripe Damage\IMG20250429190924.jpg,Fungal Stripe Damage,3016
C:\Users\Fame IT\Videos\rwn\438\Dataset\Dataset\Fungal Stripe Damage\IMG20250429190926.jpg,Fungal Stripe Damage,3017
C:\Users\Fame IT\Videos\rwn\438\Dataset\Dataset\Fungal Stripe Damage\IMG20250429191108.jpg,Fungal Stripe Damage,3019
C:\Users\Fame IT\Videos\rwn\438\Dataset\Dataset\Fungal Stripe Damage\IMG20250429191110.jpg,Fungal Stripe Damage,3020
C:\Users\Fame IT\Videos\rwn\438\Dataset\Dataset\Fungal Stripe Damage\IMG20250429191112.jpg,Fungal Stripe Damage,3021
C:\Users\Fame IT\Videos\rwn\438\Dataset\Dataset\Fungal Stripe Damage\IMG20250429191113.jpg,Fungal Stripe Damage,3021
C:\Users\Fame IT\Videos\rwn\438\Dataset\Dataset\Fungal Stripe Damage\IMG20250429191114.jpg,Fungal Stripe Damage,3021
C:\Users\Fame IT\Videos\rwn\438\Dataset\Dataset\Fungal Stripe Damage\IMG20250429191115.jpg,Fungal Stripe Damage,3021
C:\Users\Fame IT\Videos\rwn\438\Dataset\Dataset\Fungal Stripe Damage\IMG20250429191116.jpg,Fungal Stripe Damage,3021
C:\Users\Fame IT\Videos\rwn\438\Dataset\Dataset\Fungal Stripe Damage\IMG20250429191118.jpg,Fungal Stripe Damage,3021
C:\Users\Fame IT\Videos\rwn\438\Dataset\Dataset\Fungal Stripe Damage\IMG20250429191120.jpg,Fungal Stripe Damage,3021
C:\Users\Fame IT\Videos\rwn\438\Dataset\Dataset\Fungal Stripe Damage\IMG20250429191123.jpg,Fungal Stripe Damage,3023
C:\Users\Fame IT\Videos\rwn\438\Dataset\Dataset\Fungal Stripe Damage\IMG20250429191154.jpg,Fungal Stripe Damage,3025
C:\Users\Fame IT\Videos\rwn\438\Dataset\Dataset\Fungal Stripe Damage\IMG20250429191155.jpg,Fungal Stripe Damage,3026
C:\Users\Fame IT\Videos\rwn\438\Dataset\Dataset\Fungal Stripe Damage\IMG20250429191157.jpg,Fungal Stripe Damage,3026
C:\Users\Fame IT\Videos\rwn\438\Dataset\Dataset\Fungal Stripe Damage\IMG20250429191159.jpg,Fungal Stripe Damage,3026
C:\Users\Fame IT\Videos\rwn\438\Dataset\Dataset\Fungal Stripe Damage\IMG20250429191200.jpg,Fungal Stripe Damage,3026
C:\Users\Fame IT\Videos\rwn\438\Dataset\Dataset\Fungal Stripe Damage\IMG20250429191201.jpg,Fungal Stripe Damage,3026
C:\Users\Fame IT\Videos\rwn\438\Dataset\Dataset\Fungal Stripe Damage\IMG20250429191203.jpg,Fungal Stripe Damage,3026
C:\Users\Fame IT\Videos\rwn\438\Dataset\Dataset\Fungal Stripe Damage\IMG20250429191219.jpg,Fungal Stripe Damage,3029
C:\Users\Fame IT\Videos\rwn\438\Dataset\Dataset\Fungal Stripe Damage\IMG20250429191222.jpg,Fungal Stripe Damage,3030
C:\Users\Fame IT\Videos\rwn\438\Dataset\Dataset\Fungal Stripe Damage\IMG20250429191240.jpg,Fungal Stripe Damage,3033
C:\Users\Fame IT\Videos\rwn\438\Dataset\Dataset\Fungal Stripe Damage\IMG20250429191243.jpg,Fungal Stripe Damage,3033
C:\Users\Fame IT\Videos\rwn\438\Dataset\Dataset\Fungal Stripe Damage\IMG20250429191244.jpg,Fungal Stripe Damage,3035
C:\Users\Fame IT\Videos\rwn\438\Dataset\Dataset\Fungal Stripe Damage\IMG20250429191246.jpg,Fungal Stripe Damage,3036
C:\Users\Fame IT\Videos\rwn\438\Dataset\Dataset\Fungal Stripe Damage\IMG20250429191247.jpg,Fungal Stripe Damage,3036
C:\Users\Fame IT\Videos\rwn\438\Dataset\Dataset\Fungal Stripe Damage\IMG20250429191248.jpg,Fungal Stripe Damage,3036
C:\Users\Fame IT\Videos\rwn\438\Dataset\Dataset\Fungal Stripe Damage\IMG20250429191250.jpg,Fungal Stripe Damage,3036
C:\Users\Fame IT\Videos\rwn\438\Dataset\Dataset\Fungal Stripe Damage\IMG20250429191307.jpg,Fungal Stripe Damage,3038
C:\Users\Fame IT\Videos\rwn\438\Dataset\Dataset\Fungal Stripe Damage\IMG20250429191317.jpg,Fungal Stripe Damage,3040
C:\Users\Fame IT\Videos\rwn\438\Dataset\Dataset\Fungal Stripe Damage\IMG20250429191319.jpg,Fungal Stripe Damage,3041
C:\Users\Fame IT\Videos\rwn\438\Dataset\Dataset\Fungal Stripe Damage\IMG20250429191324.jpg,Fungal Stripe Damage,3044
C:\Users\Fame IT\Videos\rwn\438\Dataset\Dataset\Fungal Stripe Damage\IMG20250429191328.jpg,Fungal Stripe Damage,3046
C:\Users\Fame IT\Videos\rwn\438\Dataset\Dataset\Fungal Stripe Damage\IMG20250429191330.jpg,Fungal Stripe Damage,3046
C:\Users\Fame IT\Videos\rwn\438\Dataset\Dataset\Fungal Stripe Damage\IMG20250429191331.jpg,Fungal Stripe Damage,3046
C:\Users\Fame IT\Videos\rwn\438\Dataset\Dataset\Fungal Stripe Damage\IMG20250429191333.jpg,Fungal Stripe Damage,3046
C:\Users\Fame IT\Videos\rwn\438\Dataset\Dataset\Fungal Stripe Damage\IMG20250429191347.jpg,Fungal Stripe Damage,3047
C:\Users\Fame IT\Videos\rwn\438\Dataset\Dataset\Fungal Stripe Damage\IMG20250429191348.jpg,Fungal Stripe Damage,3048
C:\Users\Fame IT\Videos\rwn\438\Dataset\Dataset\Fungal Stripe Damage\IMG20250429191349.jpg,Fungal Stripe Damage,3049
C:\Users\Fame IT\Videos\rwn\438\Dataset\Dataset\Fungal Stripe Damage\IMG20250429191350.jpg,Fungal Stripe Damage,3050
C:\Users\Fame IT\Videos\rwn\438\Dataset\Dataset\Fungal Stripe Damage\IMG20250429191352.jpg,Fungal Stripe Damage,3051
C:\Users\Fame IT\Videos\rwn\438\Dataset\Dataset\Fungal Stripe Damage\IMG20250429191422.jpg,Fungal Stripe Damage,3053
C:\Users\Fame IT\Videos\rwn\438\Dataset\Dataset\Fungal Stripe Damage\IMG20250429191424.jpg,Fungal Stripe Damage,3054
C:\Users\Fame IT\Videos\rwn\438\Dataset\Dataset\Fungal Stripe Damage\IMG20250429191425.jpg,Fungal Stripe Damage,3055
C:\Users\Fame IT\Videos\rwn\438\Dataset\Dataset\Fungal Stripe Damage\IMG20250429191427.jpg,Fungal Stripe Damage,3055
C:\Users\Fame IT\Videos\rwn\438\Dataset\Dataset\Fungal Stripe Damage\IMG20250429191428.jpg,Fungal Stripe Damage,3055
C:\Users\Fame IT\Videos\rwn\438\Dataset\Dataset\Fungal Stripe Damage\IMG20250429191430.jpg,Fungal Stripe Damage,3056
C:\Users\Fame IT\Videos\rwn\438\Dataset\Dataset\Fungal Stripe Damage\IMG20250429191431.jpg,Fungal Stripe Damage,3056
C:\Users\Fame IT\Videos\rwn\438\Dataset\Dataset\Fungal Stripe Damage\IMG20250429191445.jpg,Fungal Stripe Damage,3059
C:\Users\Fame IT\Videos\rwn\438\Dataset\Dataset\Fungal Stripe Damage\IMG20250429191446.jpg,Fungal Stripe Damage,3059
C:\Users\Fame IT\Videos\rwn\438\Dataset\Dataset\Fungal Stripe Damage\IMG20250429191447.jpg,Fungal Stripe Damage,3059
C:\Users\Fame IT\Videos\rwn\438\Dataset\Dataset\Fungal Stripe Damage\IMG20250429191449.jpg,Fungal Stripe Damage,3059
C:\Users\Fame IT\Videos\rwn\438\Dataset\Dataset\Fungal Stripe Damage\IMG20250429191501.jpg,Fungal Stripe Damage,3060
C:\Users\Fame IT\Videos\rwn\438\Dataset\Dataset\Fungal Stripe Damage\IMG20250429191503.jpg,Fungal Stripe Damage,3061
C:\Users\Fame IT\Videos\rwn\438\Dataset\Dataset\Fungal Stripe Damage\IMG20250429191504.jpg,Fungal Stripe Damage,3062
C:\Users\Fame IT\Videos\rwn\438\Dataset\Dataset\Fungal Stripe Damage\IMG20250429191515.jpg,Fungal Stripe Damage,3064
C:\Users\Fame IT\Videos\rwn\438\Dataset\Dataset\Fungal Stripe Damage\IMG20250429191517.jpg,Fungal Stripe Damage,3065
C:\Users\Fame IT\Videos\rwn\438\Dataset\Dataset\Fungal Stripe Damage\IMG20250429191518.jpg,Fungal Stripe Damage,3064
C:\Users\Fame IT\Videos\rwn\438\Dataset\Dataset\Fungal Stripe Damage\IMG20250429191519.jpg,Fungal Stripe Damage,3065
C:\Users\Fame IT\Videos\rwn\438\Dataset\Dataset\Fungal Stripe Damage\IMG20250429191521.jpg,Fungal Stripe Damage,3065
C:\Users\Fame IT\Videos\rwn\438\Dataset\Dataset\Fungal Stripe Damage\IMG20250429191522.jpg,Fungal Stripe Damage,3066
C:\Users\Fame IT\Videos\rwn\438\Dataset\Dataset\Fungal Stripe Damage\IMG20250429191523.jpg,Fungal Stripe Damage,3067
C:\Users\Fame IT\Videos\rwn\438\Dataset\Dataset\Fungal Stripe Damage\IMG20250429191524.jpg,Fungal Stripe Damage,3067
C:\Users\Fame IT\Videos\rwn\438\Dataset\Dataset\Fungal Stripe Damage\IMG20250429191538.jpg,Fungal Stripe Damage,3068
C:\Users\Fame IT\Videos\rwn\438\Dataset\Dataset\Fungal Stripe Damage\IMG20250429191540.jpg,Fungal Stripe Damage,3069
C:\Users\Fame IT\Videos\rwn\438\Dataset\Dataset\Healthy Leaf\.trashed-1748773208-IMG20250502162001.jpg,Healthy Leaf,3070
C:\Users\Fame IT\Videos\rwn\438\Dataset\Dataset\Healthy Leaf\IMG20250502141315.jpg,Healthy Leaf,3072
C:\Users\Fame IT\Videos\rwn\438\Dataset\Dataset\Healthy Leaf\IMG20250502141320.jpg,Healthy Leaf,3075
C:\Users\Fame IT\Videos\rwn\438\Dataset\Dataset\Healthy Leaf\IMG20250502141323.jpg,Healthy Leaf,3076
C:\Users\Fame IT\Videos\rwn\438\Dataset\Dataset\Healthy Leaf\IMG20250502141325.jpg,Healthy Leaf,3077
C:\Users\Fame IT\Videos\rwn\438\Dataset\Dataset\Healthy Leaf\IMG20250502141327.jpg,Healthy Leaf,3078
C:\Users\Fame IT\Videos\rwn\438\Dataset\Dataset\Healthy Leaf\IMG20250502141329.jpg,Healthy Leaf,3078
C:\Users\Fame IT\Videos\rwn\438\Dataset\Dataset\Healthy Leaf\IMG20250502141337.jpg,Healthy Leaf,3079
C:\Users\Fame IT\Videos\rwn\438\Dataset\Dataset\Healthy Leaf\IMG20250502141338.jpg,Healthy Leaf,3080
C:\Users\Fame IT\Videos\rwn\438\Dataset\Dataset\Healthy Leaf\IMG20250502141340.jpg,Healthy Leaf,3081
C:\Users\Fame IT\Videos\rwn\438\Dataset\Dataset\Healthy Leaf\IMG20250502141341.jpg,Healthy Leaf,3081
C:\Users\Fame IT\Videos\rwn\438\Dataset\Dataset\Healthy Leaf\IMG20250502141434.jpg,Healthy Leaf,3085
C:\Users\Fame IT\Videos\rwn\438\Dataset\Dataset\Healthy Leaf\IMG20250502141435.jpg,Healthy Leaf,3085
C:\Users\Fame IT\Videos\rwn\438\Dataset\Dataset\Healthy Leaf\IMG20250502141436.jpg,Healthy Leaf,3085
C:\Users\Fame IT\Videos\rwn\438\Dataset\Dataset\Healthy Leaf\IMG20250502141438.jpg,Healthy Leaf,3086
C:\Users\Fame IT\Videos\rwn\438\Dataset\Dataset\Healthy Leaf\IMG20250502141439.jpg,Healthy Leaf,3086
C:\Users\Fame IT\Videos\rwn\438\Dataset\Dataset\Healthy Leaf\IMG20250502141453.jpg,Healthy Leaf,3087
C:\Users\Fame IT\Videos\rwn\438\Dataset\Dataset\Healthy Leaf\IMG20250502141454.jpg,Healthy Leaf,3087
C:\Users\Fame IT\Videos\rwn\438\Dataset\Dataset\Healthy Leaf\IMG20250502141456.jpg,Healthy Leaf,3088
C:\Users\Fame IT\Videos\rwn\438\Dataset\Dataset\Healthy Leaf\IMG20250502141457.jpg,Healthy Leaf,3089
C:\Users\Fame IT\Videos\rwn\438\Dataset\Dataset\Healthy Leaf\IMG20250502141502.jpg,Healthy Leaf,3091
C:\Users\Fame IT\Videos\rwn\438\Dataset\Dataset\Healthy Leaf\IMG20250502141504.jpg,Healthy Leaf,3092
C:\Users\Fame IT\Videos\rwn\438\Dataset\Dataset\Healthy Leaf\IMG20250502141506.jpg,Healthy Leaf,3092
C:\Users\Fame IT\Videos\rwn\438\Dataset\Dataset\Healthy Leaf\IMG20250502141507.jpg,Healthy Leaf,3092
C:\Users\Fame IT\Videos\rwn\438\Dataset\Dataset\Healthy Leaf\IMG20250502141508.jpg,Healthy Leaf,3092
C:\Users\Fame IT\Videos\rwn\438\Dataset\Dataset\Healthy Leaf\IMG20250502141510.jpg,Healthy Leaf,3092
C:\Users\Fame IT\Videos\rwn\438\Dataset\Dataset\Healthy Leaf\IMG20250502141511.jpg,Healthy Leaf,3092
C:\Users\Fame IT\Videos\rwn\438\Dataset\Dataset\Healthy Leaf\IMG20250502145129.jpg,Healthy Leaf,3093
C:\Users\Fame IT\Videos\rwn\438\Dataset\Dataset\Healthy Leaf\IMG20250502145137.jpg,Healthy Leaf,3095
C:\Users\Fame IT\Videos\rwn\438\Dataset\Dataset\Healthy Leaf\IMG20250502145139.jpg,Healthy Leaf,3096
C:\Users\Fame IT\Videos\rwn\438\Dataset\Dataset\Healthy Leaf\IMG20250502145141.jpg,Healthy Leaf,3096
C:\Users\Fame IT\Videos\rwn\438\Dataset\Dataset\Healthy Leaf\IMG20250502145143.jpg,Healthy Leaf,3096
C:\Users\Fame IT\Videos\rwn\438\Dataset\Dataset\Healthy Leaf\IMG20250502145145.jpg,Healthy Leaf,3096
C:\Users\Fame IT\Videos\rwn\438\Dataset\Dataset\Healthy Leaf\IMG20250502145214.jpg,Healthy Leaf,3097
C:\Users\Fame IT\Videos\rwn\438\Dataset\Dataset\Healthy Leaf\IMG20250502145216.jpg,Healthy Leaf,3098
C:\Users\Fame IT\Videos\rwn\438\Dataset\Dataset\Healthy Leaf\IMG20250502145218.jpg,Healthy Leaf,3098
C:\Users\Fame IT\Videos\rwn\438\Dataset\Dataset\Healthy Leaf\IMG20250502145219.jpg,Healthy Leaf,3098
C:\Users\Fame IT\Videos\rwn\438\Dataset\Dataset\Healthy Leaf\IMG20250502145220.jpg,Healthy Leaf,3098
C:\Users\Fame IT\Videos\rwn\438\Dataset\Dataset\Healthy Leaf\IMG20250502145221.jpg,Healthy Leaf,3098
C:\Users\Fame IT\Videos\rwn\438\Dataset\Dataset\Healthy Leaf\IMG20250502145223.jpg,Healthy Leaf,3098
C:\Users\Fame IT\Videos\rwn\438\Dataset\Dataset\Healthy Leaf\IMG20250502145236.jpg,Healthy Leaf,3100
C:\Users\Fame IT\Videos\rwn\438\Dataset\Dataset\Healthy Leaf\IMG20250502145239.jpg,Healthy Leaf,3102
C:\Users\Fame IT\Videos\rwn\438\Dataset\Dataset\Healthy Leaf\IMG20250502145240.jpg,Healthy Leaf,3103
C:\Users\Fame IT\Videos\rwn\438\Dataset\Dataset\Healthy Leaf\IMG20250502145242.jpg,Healthy Leaf,3103
C:\Users\Fame IT\Videos\rwn\438\Dataset\Dataset\Healthy Leaf\IMG20250502145247.jpg,Healthy Leaf,3105
C:\Users\Fame IT\Videos\rwn\438\Dataset\Dataset\Healthy Leaf\IMG20250502145300.jpg,Healthy Leaf,3106
C:\Users\Fame IT\Videos\rwn\438\Dataset\Dataset\Healthy Leaf\IMG20250502145302.jpg,Healthy Leaf,3106
C:\Users\Fame IT\Videos\rwn\438\Dataset\Dataset\Healthy Leaf\IMG20250502145303.jpg,Healthy Leaf,3106
C:\Users\Fame IT\Videos\rwn\438\Dataset\Dataset\Healthy Leaf\IMG20250502145304.jpg,Healthy Leaf,3106
C:\Users\Fame IT\Videos\rwn\438\Dataset\Dataset\Healthy Leaf\IMG20250502145305.jpg,Healthy Leaf,3106
C:\Users\Fame IT\Videos\rwn\438\Dataset\Dataset\Healthy Leaf\IMG20250502145307.jpg,Healthy Leaf,3106
C:\Users\Fame IT\Videos\rwn\438\Dataset\Dataset\Healthy Leaf\IMG20250502145308.jpg,Healthy Leaf,3106
C:\Users\Fame IT\Videos\rwn\438\Dataset\Dataset\Healthy Leaf\IMG20250502145309.jpg,Healthy Leaf,3106
C:\Users\Fame IT\Videos\rwn\438\Dataset\Dataset\Healthy Leaf\IMG20250502145311.jpg,Healthy Leaf,3106
C:\Users\Fame IT\Videos\rwn\438\Dataset\Dataset\Healthy Leaf\IMG20250502145312.jpg,Healthy Leaf,3106
C:\Users\Fame IT\Videos\rwn\438\Dataset\Dataset\Healthy Leaf\IMG20250502145322.jpg,Healthy Leaf,3108
C:\Users\Fame IT\Videos\rwn\438\Dataset\Dataset\Healthy Leaf\IMG20250502145323.jpg,Healthy Leaf,3108
C:\Users\Fame IT\Videos\rwn\438\Dataset\Dataset\Healthy Leaf\IMG20250502145325.jpg,Healthy Leaf,3109
C:\Users\Fame IT\Videos\rwn\438\Dataset\Dataset\Healthy Leaf\IMG20250502145339.jpg,Healthy Leaf,3111
C:\Users\Fame IT\Videos\rwn\438\Dataset\Dataset\Healthy Leaf\IMG20250502145345.jpg,Healthy Leaf,3113
C:\Users\Fame IT\Videos\rwn\438\Dataset\Dataset\Healthy Leaf\IMG20250502145346.jpg,Healthy Leaf,3114
C:\Users\Fame IT\Videos\rwn\438\Dataset\Dataset\Healthy Leaf\IMG20250502145347.jpg,Healthy Leaf,3114
C:\Users\Fame IT\Videos\rwn\438\Dataset\Dataset\Healthy Leaf\IMG20250502145357.jpg,Healthy Leaf,3116
C:\Users\Fame IT\Videos\rwn\438\Dataset\Dataset\Healthy Leaf\IMG20250502145359.jpg,Healthy Leaf,3116
C:\Users\Fame IT\Videos\rwn\438\Dataset\Dataset\Healthy Leaf\IMG20250502145400.jpg,Healthy Leaf,3117
C:\Users\Fame IT\Videos\rwn\438\Dataset\Dataset\Healthy Leaf\IMG20250502145401.jpg,Healthy Leaf,3117
C:\Users\Fame IT\Videos\rwn\438\Dataset\Dataset\Healthy Leaf\IMG20250502145403.jpg,Healthy Leaf,3117
C:\Users\Fame IT\Videos\rwn\438\Dataset\Dataset\Healthy Leaf\IMG20250502145418.jpg,Healthy Leaf,3118
C:\Users\Fame IT\Videos\rwn\438\Dataset\Dataset\Healthy Leaf\IMG20250502145419.jpg,Healthy Leaf,3119
C:\Users\Fame IT\Videos\rwn\438\Dataset\Dataset\Healthy Leaf\IMG20250502145420.jpg,Healthy Leaf,3120
C:\Users\Fame IT\Videos\rwn\438\Dataset\Dataset\Healthy Leaf\IMG20250502145422.jpg,Healthy Leaf,3120
C:\Users\Fame IT\Videos\rwn\438\Dataset\Dataset\Healthy Leaf\IMG20250502145423.jpg,Healthy Leaf,3120
C:\Users\Fame IT\Videos\rwn\438\Dataset\Dataset\Healthy Leaf\IMG20250502145424.jpg,Healthy Leaf,3120
C:\Users\Fame IT\Videos\rwn\438\Dataset\Dataset\Healthy Leaf\IMG20250502145425.jpg,Healthy Leaf,3120
C:\Users\Fame IT\Videos\rwn\438\Dataset\Dataset\Healthy Leaf\IMG20250502145427.jpg,Healthy Leaf,3120
C:\Users\Fame IT\Videos\rwn\438\Dataset\Dataset\Healthy Leaf\IMG20250502145428.jpg,Healthy Leaf,3120
C:\Users\Fame IT\Videos\rwn\438\Dataset\Dataset\Healthy Leaf\IMG20250502145429.jpg,Healthy Leaf,3120
C:\Users\Fame IT\Videos\rwn\438\Dataset\Dataset\Healthy Leaf\IMG20250502145437.jpg,Healthy Leaf,3121
C:\Users\Fame IT\Videos\rwn\438\Dataset\Dataset\Healthy Leaf\IMG20250502145439.jpg,Healthy Leaf,3122
C:\Users\Fame IT\Videos\rwn\438\Dataset\Dataset\Healthy Leaf\IMG20250502145440.jpg,Healthy Leaf,3123
C:\Users\Fame IT\Videos\rwn\438\Dataset\Dataset\Healthy Leaf\IMG20250502145441.jpg,Healthy Leaf,3123
C:\Users\Fame IT\Videos\rwn\438\Dataset\Dataset\Healthy Leaf\IMG20250502145443.jpg,Healthy Leaf,3123
C:\Users\Fame IT\Videos\rwn\438\Dataset\Dataset\Healthy Leaf\IMG20250502145445.jpg,Healthy Leaf,3124
C:\Users\Fame IT\Videos\rwn\438\Dataset\Dataset\Healthy Leaf\IMG20250502145446.jpg,Healthy Leaf,3125
C:\Users\Fame IT\Videos\rwn\438\Dataset\Dataset\Healthy Leaf\IMG20250502145447.jpg,Healthy Leaf,3126
C:\Users\Fame IT\Videos\rwn\438\Dataset\Dataset\Healthy Leaf\IMG20250502145448.jpg,Healthy Leaf,3126
C:\Users\Fame IT\Videos\rwn\438\Dataset\Dataset\Healthy Leaf\IMG20250502145449.jpg,Healthy Leaf,3126
C:\Users\Fame IT\Videos\rwn\438\Dataset\Dataset\Healthy Leaf\IMG20250502145451.jpg,Healthy Leaf,3126
C:\Users\Fame IT\Videos\rwn\438\Dataset\Dataset\Healthy Leaf\IMG20250502145452.jpg,Healthy Leaf,3126
C:\Users\Fame IT\Videos\rwn\438\Dataset\Dataset\Healthy Leaf\IMG20250502145457.jpg,Healthy Leaf,3127
C:\Users\Fame IT\Videos\rwn\438\Dataset\Dataset\Healthy Leaf\IMG20250502145459.jpg,Healthy Leaf,3128
C:\Users\Fame IT\Videos\rwn\438\Dataset\Dataset\Healthy Leaf\IMG20250502145519.jpg,Healthy Leaf,3131
C:\Users\Fame IT\Videos\rwn\438\Dataset\Dataset\Healthy Leaf\IMG20250502145521.jpg,Healthy Leaf,3131
C:\Users\Fame IT\Videos\rwn\438\Dataset\Dataset\Healthy Leaf\IMG20250502145522.jpg,Healthy Leaf,3131
C:\Users\Fame IT\Videos\rwn\438\Dataset\Dataset\Healthy Leaf\IMG20250502145523.jpg,Healthy Leaf,3131
C:\Users\Fame IT\Videos\rwn\438\Dataset\Dataset\Healthy Leaf\IMG20250502145524.jpg,Healthy Leaf,3131
C:\Users\Fame IT\Videos\rwn\438\Dataset\Dataset\Healthy Leaf\IMG20250502145525.jpg,Healthy Leaf,3131
C:\Users\Fame IT\Videos\rwn\438\Dataset\Dataset\Healthy Leaf\IMG20250502145526.jpg,Healthy Leaf,3131
C:\Users\Fame IT\Videos\rwn\438\Dataset\Dataset\Healthy Leaf\IMG20250502145533.jpg,Healthy Leaf,3134
C:\Users\Fame IT\Videos\rwn\438\Dataset\Dataset\Healthy Leaf\IMG20250502145539.jpg,Healthy Leaf,3135
C:\Users\Fame IT\Videos\rwn\438\Dataset\Dataset\Healthy Leaf\IMG20250502145540.jpg,Healthy Leaf,3135
C:\Users\Fame IT\Videos\rwn\438\Dataset\Dataset\Healthy Leaf\IMG20250502145705.jpg,Healthy Leaf,3138
C:\Users\Fame IT\Videos\rwn\438\Dataset\Dataset\Healthy Leaf\IMG20250502145706.jpg,Healthy Leaf,3139
C:\Users\Fame IT\Videos\rwn\438\Dataset\Dataset\Healthy Leaf\IMG20250502145707.jpg,Healthy Leaf,3140
C:\Users\Fame IT\Videos\rwn\438\Dataset\Dataset\Healthy Leaf\IMG20250502145708.jpg,Healthy Leaf,3140
C:\Users\Fame IT\Videos\rwn\438\Dataset\Dataset\Healthy Leaf\IMG20250502145725.jpg,Healthy Leaf,3141
C:\Users\Fame IT\Videos\rwn\438\Dataset\Dataset\Healthy Leaf\IMG20250502145729.jpg,Healthy Leaf,3143
C:\Users\Fame IT\Videos\rwn\438\Dataset\Dataset\Healthy Leaf\IMG20250502145730.jpg,Healthy Leaf,3143
C:\Users\Fame IT\Videos\rwn\438\Dataset\Dataset\Healthy Leaf\IMG20250502145731.jpg,Healthy Leaf,3143
C:\Users\Fame IT\Videos\rwn\438\Dataset\Dataset\Healthy Leaf\IMG20250502145732.jpg,Healthy Leaf,3143
C:\Users\Fame IT\Videos\rwn\438\Dataset\Dataset\Healthy Leaf\IMG20250502145733.jpg,Healthy Leaf,3143
C:\Users\Fame IT\Videos\rwn\438\Dataset\Dataset\Healthy Leaf\IMG20250502145741.jpg,Healthy Leaf,3145
C:\Users\Fame IT\Videos\rwn\438\Dataset\Dataset\Healthy Leaf\IMG20250502145742.jpg,Healthy Leaf,3146
C:\Users\Fame IT\Videos\rwn\438\Dataset\Dataset\Healthy Leaf\IMG20250502145743.jpg,Healthy Leaf,3146
C:\Users\Fame IT\Videos\rwn\438\Dataset\Dataset\Healthy Leaf\IMG20250502145744.jpg,Healthy Leaf,3146
C:\Users\Fame IT\Videos\rwn\438\Dataset\Dataset\Healthy Leaf\IMG20250502145745.jpg,Healthy Leaf,3146
C:\Users\Fame IT\Videos\rwn\438\Dataset\Dataset\Healthy Leaf\IMG20250502145746.jpg,Healthy Leaf,3146
C:\Users\Fame IT\Videos\rwn\438\Dataset\Dataset\Healthy Leaf\IMG20250502145754.jpg,Healthy Leaf,3147
C:\Users\Fame IT\Videos\rwn\438\Dataset\Dataset\Healthy Leaf\IMG20250502145758.jpg,Healthy Leaf,3150
C:\Users\Fame IT\Videos\rwn\438\Dataset\Dataset\Healthy Leaf\IMG20250502145759.jpg,Healthy Leaf,3151
C:\Users\Fame IT\Videos\rwn\438\Dataset\Dataset\Healthy Leaf\IMG20250502145800.jpg,Healthy Leaf,3151
C:\Users\Fame IT\Videos\rwn\438\Dataset\Dataset\Healthy Leaf\IMG20250502145856.jpg,Healthy Leaf,3154
C:\Users\Fame IT\Videos\rwn\438\Dataset\Dataset\Healthy Leaf\IMG20250502145920.jpg,Healthy Leaf,3159
C:\Users\Fame IT\Videos\rwn\438\Dataset\Dataset\Healthy Leaf\IMG20250502145922.jpg,Healthy Leaf,3160
C:\Users\Fame IT\Videos\rwn\438\Dataset\Dataset\Healthy Leaf\IMG20250502145924.jpg,Healthy Leaf,3161
C:\Users\Fame IT\Videos\rwn\438\Dataset\Dataset\Healthy Leaf\IMG20250502145925.jpg,Healthy Leaf,3161
C:\Users\Fame IT\Videos\rwn\438\Dataset\Dataset\Healthy Leaf\IMG20250502145927.jpg,Healthy Leaf,3162
C:\Users\Fame IT\Videos\rwn\438\Dataset\Dataset\Healthy Leaf\IMG20250502145933.jpg,Healthy Leaf,3163
C:\Users\Fame IT\Videos\rwn\438\Dataset\Dataset\Healthy Leaf\IMG20250502145935.jpg,Healthy Leaf,3165
C:\Users\Fame IT\Videos\rwn\438\Dataset\Dataset\Healthy Leaf\IMG20250502150043.jpg,Healthy Leaf,3166
C:\Users\Fame IT\Videos\rwn\438\Dataset\Dataset\Healthy Leaf\IMG20250502150044.jpg,Healthy Leaf,3166
C:\Users\Fame IT\Videos\rwn\438\Dataset\Dataset\Healthy Leaf\IMG20250502150047.jpg,Healthy Leaf,3167
C:\Users\Fame IT\Videos\rwn\438\Dataset\Dataset\Healthy Leaf\IMG20250502150054.jpg,Healthy Leaf,3170
C:\Users\Fame IT\Videos\rwn\438\Dataset\Dataset\Healthy Leaf\IMG20250502150116.jpg,Healthy Leaf,3172
C:\Users\Fame IT\Videos\rwn\438\Dataset\Dataset\Healthy Leaf\IMG20250502150118.jpg,Healthy Leaf,3172
C:\Users\Fame IT\Videos\rwn\438\Dataset\Dataset\Healthy Leaf\IMG20250502150119.jpg,Healthy Leaf,3172
C:\Users\Fame IT\Videos\rwn\438\Dataset\Dataset\Healthy Leaf\IMG20250502150123.jpg,Healthy Leaf,3173
C:\Users\Fame IT\Videos\rwn\438\Dataset\Dataset\Healthy Leaf\IMG20250502150129.jpg,Healthy Leaf,3175
C:\Users\Fame IT\Videos\rwn\438\Dataset\Dataset\Healthy Leaf\IMG20250502150134.jpg,Healthy Leaf,3176
C:\Users\Fame IT\Videos\rwn\438\Dataset\Dataset\Healthy Leaf\IMG20250502150136.jpg,Healthy Leaf,3177
C:\Users\Fame IT\Videos\rwn\438\Dataset\Dataset\Healthy Leaf\IMG20250502150138.jpg,Healthy Leaf,3178
C:\Users\Fame IT\Videos\rwn\438\Dataset\Dataset\Healthy Leaf\IMG20250502150144.jpg,Healthy Leaf,3180
C:\Users\Fame IT\Videos\rwn\438\Dataset\Dataset\Healthy Leaf\IMG20250502150145.jpg,Healthy Leaf,3180
C:\Users\Fame IT\Videos\rwn\438\Dataset\Dataset\Healthy Leaf\IMG20250502150218.jpg,Healthy Leaf,3181
C:\Users\Fame IT\Videos\rwn\438\Dataset\Dataset\Healthy Leaf\IMG20250502150220.jpg,Healthy Leaf,3182
C:\Users\Fame IT\Videos\rwn\438\Dataset\Dataset\Healthy Leaf\IMG20250502150221.jpg,Healthy Leaf,3182
C:\Users\Fame IT\Videos\rwn\438\Dataset\Dataset\Healthy Leaf\IMG20250502150222.jpg,Healthy Leaf,3182
C:\Users\Fame IT\Videos\rwn\438\Dataset\Dataset\Healthy Leaf\IMG20250502150326.jpg,Healthy Leaf,3183
C:\Users\Fame IT\Videos\rwn\438\Dataset\Dataset\Healthy Leaf\IMG20250502150331.jpg,Healthy Leaf,3183
C:\Users\Fame IT\Videos\rwn\438\Dataset\Dataset\Healthy Leaf\IMG20250502150332.jpg,Healthy Leaf,3183
C:\Users\Fame IT\Videos\rwn\438\Dataset\Dataset\Healthy Leaf\IMG20250502150334.jpg,Healthy Leaf,3183
C:\Users\Fame IT\Videos\rwn\438\Dataset\Dataset\Healthy Leaf\IMG20250502150354.jpg,Healthy Leaf,3184
C:\Users\Fame IT\Videos\rwn\438\Dataset\Dataset\Healthy Leaf\IMG20250502150356.jpg,Healthy Leaf,3185
C:\Users\Fame IT\Videos\rwn\438\Dataset\Dataset\Healthy Leaf\IMG20250502150411.jpg,Healthy Leaf,3187
C:\Users\Fame IT\Videos\rwn\438\Dataset\Dataset\Healthy Leaf\IMG20250502150415.jpg,Healthy Leaf,3188
C:\Users\Fame IT\Videos\rwn\438\Dataset\Dataset\Healthy Leaf\IMG20250502150416.jpg,Healthy Leaf,3188
C:\Users\Fame IT\Videos\rwn\438\Dataset\Dataset\Healthy Leaf\IMG20250502150420.jpg,Healthy Leaf,3191
C:\Users\Fame IT\Videos\rwn\438\Dataset\Dataset\Healthy Leaf\IMG20250502150421.jpg,Healthy Leaf,3192
C:\Users\Fame IT\Videos\rwn\438\Dataset\Dataset\Healthy Leaf\IMG20250502150455.jpg,Healthy Leaf,3195
C:\Users\Fame IT\Videos\rwn\438\Dataset\Dataset\Healthy Leaf\IMG20250502150456.jpg,Healthy Leaf,3195
C:\Users\Fame IT\Videos\rwn\438\Dataset\Dataset\Healthy Leaf\IMG20250502150501.jpg,Healthy Leaf,3197
C:\Users\Fame IT\Videos\rwn\438\Dataset\Dataset\Healthy Leaf\IMG20250502150502.jpg,Healthy Leaf,3198
C:\Users\Fame IT\Videos\rwn\438\Dataset\Dataset\Healthy Leaf\IMG20250502150508.jpg,Healthy Leaf,3200
C:\Users\Fame IT\Videos\rwn\438\Dataset\Dataset\Healthy Leaf\IMG20250502150509.jpg,Healthy Leaf,3200
C:\Users\Fame IT\Videos\rwn\438\Dataset\Dataset\Healthy Leaf\IMG20250502150510.jpg,Healthy Leaf,3200
C:\Users\Fame IT\Videos\rwn\438\Dataset\Dataset\Healthy Leaf\IMG20250502150518.jpg,Healthy Leaf,3203
C:\Users\Fame IT\Videos\rwn\438\Dataset\Dataset\Healthy Leaf\IMG20250502150519.jpg,Healthy Leaf,3203
C:\Users\Fame IT\Videos\rwn\438\Dataset\Dataset\Healthy Leaf\IMG20250502150520.jpg,Healthy Leaf,3203
C:\Users\Fame IT\Videos\rwn\438\Dataset\Dataset\Healthy Leaf\IMG20250502150521.jpg,Healthy Leaf,3204
C:\Users\Fame IT\Videos\rwn\438\Dataset\Dataset\Healthy Leaf\IMG20250502150523.jpg,Healthy Leaf,3204
C:\Users\Fame IT\Videos\rwn\438\Dataset\Dataset\Healthy Leaf\IMG20250502150524.jpg,Healthy Leaf,3204
C:\Users\Fame IT\Videos\rwn\438\Dataset\Dataset\Healthy Leaf\IMG20250502150527.jpg,Healthy Leaf,3205
C:\Users\Fame IT\Videos\rwn\438\Dataset\Dataset\Healthy Leaf\IMG20250502150528.jpg,Healthy Leaf,3205
C:\Users\Fame IT\Videos\rwn\438\Dataset\Dataset\Healthy Leaf\IMG20250502150530.jpg,Healthy Leaf,3206
C:\Users\Fame IT\Videos\rwn\438\Dataset\Dataset\Healthy Leaf\IMG20250502150531.jpg,Healthy Leaf,3207
C:\Users\Fame IT\Videos\rwn\438\Dataset\Dataset\Healthy Leaf\IMG20250502150534.jpg,Healthy Leaf,3208
C:\Users\Fame IT\Videos\rwn\438\Dataset\Dataset\Healthy Leaf\IMG20250502150537.jpg,Healthy Leaf,3210
C:\Users\Fame IT\Videos\rwn\438\Dataset\Dataset\Healthy Leaf\IMG20250502150548.jpg,Healthy Leaf,3213
C:\Users\Fame IT\Videos\rwn\438\Dataset\Dataset\Healthy Leaf\IMG20250502150549.jpg,Healthy Leaf,3214
C:\Users\Fame IT\Videos\rwn\438\Dataset\Dataset\Healthy Leaf\IMG20250502150746.jpg,Healthy Leaf,3215
C:\Users\Fame IT\Videos\rwn\438\Dataset\Dataset\Healthy Leaf\IMG20250502150817.jpg,Healthy Leaf,3217
C:\Users\Fame IT\Videos\rwn\438\Dataset\Dataset\Healthy Leaf\IMG20250502150821.jpg,Healthy Leaf,3218
C:\Users\Fame IT\Videos\rwn\438\Dataset\Dataset\Healthy Leaf\IMG20250502150825.jpg,Healthy Leaf,3220
C:\Users\Fame IT\Videos\rwn\438\Dataset\Dataset\Healthy Leaf\IMG20250502150826.jpg,Healthy Leaf,3220
C:\Users\Fame IT\Videos\rwn\438\Dataset\Dataset\Healthy Leaf\IMG20250502150827.jpg,Healthy Leaf,3220
C:\Users\Fame IT\Videos\rwn\438\Dataset\Dataset\Healthy Leaf\IMG20250502150828.jpg,Healthy Leaf,3220
C:\Users\Fame IT\Videos\rwn\438\Dataset\Dataset\Healthy Leaf\IMG20250502150851.jpg,Healthy Leaf,3221
C:\Users\Fame IT\Videos\rwn\438\Dataset\Dataset\Healthy Leaf\IMG20250502150852.jpg,Healthy Leaf,3222
C:\Users\Fame IT\Videos\rwn\438\Dataset\Dataset\Healthy Leaf\IMG20250502150911.jpg,Healthy Leaf,3224
C:\Users\Fame IT\Videos\rwn\438\Dataset\Dataset\Healthy Leaf\IMG20250502150913.jpg,Healthy Leaf,3224
C:\Users\Fame IT\Videos\rwn\438\Dataset\Dataset\Healthy Leaf\IMG20250502150914.jpg,Healthy Leaf,3224
C:\Users\Fame IT\Videos\rwn\438\Dataset\Dataset\Healthy Leaf\IMG20250502150915.jpg,Healthy Leaf,3224
C:\Users\Fame IT\Videos\rwn\438\Dataset\Dataset\Healthy Leaf\IMG20250502150916.jpg,Healthy Leaf,3224
C:\Users\Fame IT\Videos\rwn\438\Dataset\Dataset\Healthy Leaf\IMG20250502150917.jpg,Healthy Leaf,3224
C:\Users\Fame IT\Videos\rwn\438\Dataset\Dataset\Healthy Leaf\IMG20250502150918.jpg,Healthy Leaf,3224
C:\Users\Fame IT\Videos\rwn\438\Dataset\Dataset\Healthy Leaf\IMG20250502150919.jpg,Healthy Leaf,3224
C:\Users\Fame IT\Videos\rwn\438\Dataset\Dataset\Healthy Leaf\IMG20250502150920.jpg,Healthy Leaf,3224
C:\Users\Fame IT\Videos\rwn\438\Dataset\Dataset\Healthy Leaf\IMG20250502150921.jpg,Healthy Leaf,3224
C:\Users\Fame IT\Videos\rwn\438\Dataset\Dataset\Healthy Leaf\IMG20250502155552.jpg,Healthy Leaf,3225
C:\Users\Fame IT\Videos\rwn\438\Dataset\Dataset\Healthy Leaf\IMG20250502155554.jpg,Healthy Leaf,3225
C:\Users\Fame IT\Videos\rwn\438\Dataset\Dataset\Healthy Leaf\IMG20250502155555.jpg,Healthy Leaf,3225
C:\Users\Fame IT\Videos\rwn\438\Dataset\Dataset\Healthy Leaf\IMG20250502155558.jpg,Healthy Leaf,3227
C:\Users\Fame IT\Videos\rwn\438\Dataset\Dataset\Healthy Leaf\IMG20250502155601.jpg,Healthy Leaf,3228
C:\Users\Fame IT\Videos\rwn\438\Dataset\Dataset\Healthy Leaf\IMG20250502155611.jpg,Healthy Leaf,3229
C:\Users\Fame IT\Videos\rwn\438\Dataset\Dataset\Healthy Leaf\IMG20250502155616.jpg,Healthy Leaf,3231
C:\Users\Fame IT\Videos\rwn\438\Dataset\Dataset\Healthy Leaf\IMG20250502155621.jpg,Healthy Leaf,3232
C:\Users\Fame IT\Videos\rwn\438\Dataset\Dataset\Healthy Leaf\IMG20250502155625.jpg,Healthy Leaf,3234
C:\Users\Fame IT\Videos\rwn\438\Dataset\Dataset\Healthy Leaf\IMG20250502155627.jpg,Healthy Leaf,3234
C:\Users\Fame IT\Videos\rwn\438\Dataset\Dataset\Healthy Leaf\IMG20250502155628.jpg,Healthy Leaf,3234
C:\Users\Fame IT\Videos\rwn\438\Dataset\Dataset\Healthy Leaf\IMG20250502155633.jpg,Healthy Leaf,3235
C:\Users\Fame IT\Videos\rwn\438\Dataset\Dataset\Healthy Leaf\IMG20250502155636.jpg,Healthy Leaf,3236
C:\Users\Fame IT\Videos\rwn\438\Dataset\Dataset\Healthy Leaf\IMG20250502155638.jpg,Healthy Leaf,3237
C:\Users\Fame IT\Videos\rwn\438\Dataset\Dataset\Healthy Leaf\IMG20250502155706.jpg,Healthy Leaf,3238
C:\Users\Fame IT\Videos\rwn\438\Dataset\Dataset\Healthy Leaf\IMG20250502155708.jpg,Healthy Leaf,3239
C:\Users\Fame IT\Videos\rwn\438\Dataset\Dataset\Healthy Leaf\IMG20250502155709.jpg,Healthy Leaf,3239
C:\Users\Fame IT\Videos\rwn\438\Dataset\Dataset\Healthy Leaf\IMG20250502155712.jpg,Healthy Leaf,3240
C:\Users\Fame IT\Videos\rwn\438\Dataset\Dataset\Healthy Leaf\IMG20250502155751.jpg,Healthy Leaf,3241
C:\Users\Fame IT\Videos\rwn\438\Dataset\Dataset\Healthy Leaf\IMG20250502155752.jpg,Healthy Leaf,3241
C:\Users\Fame IT\Videos\rwn\438\Dataset\Dataset\Healthy Leaf\IMG20250502155755.jpg,Healthy Leaf,3243
C:\Users\Fame IT\Videos\rwn\438\Dataset\Dataset\Healthy Leaf\IMG20250502155802.jpg,Healthy Leaf,3244
C:\Users\Fame IT\Videos\rwn\438\Dataset\Dataset\Healthy Leaf\IMG20250502155804.jpg,Healthy Leaf,3244
C:\Users\Fame IT\Videos\rwn\438\Dataset\Dataset\Healthy Leaf\IMG20250502155818.jpg,Healthy Leaf,3245
C:\Users\Fame IT\Videos\rwn\438\Dataset\Dataset\Healthy Leaf\IMG20250502155826.jpg,Healthy Leaf,3246
C:\Users\Fame IT\Videos\rwn\438\Dataset\Dataset\Healthy Leaf\IMG20250502155828.jpg,Healthy Leaf,3247
C:\Users\Fame IT\Videos\rwn\438\Dataset\Dataset\Healthy Leaf\IMG20250502155829.jpg,Healthy Leaf,3248
C:\Users\Fame IT\Videos\rwn\438\Dataset\Dataset\Healthy Leaf\IMG20250502155833.jpg,Healthy Leaf,3250
C:\Users\Fame IT\Videos\rwn\438\Dataset\Dataset\Healthy Leaf\IMG20250502155840.jpg,Healthy Leaf,3252
C:\Users\Fame IT\Videos\rwn\438\Dataset\Dataset\Healthy Leaf\IMG20250502155841.jpg,Healthy Leaf,3252
C:\Users\Fame IT\Videos\rwn\438\Dataset\Dataset\Healthy Leaf\IMG20250502155842.jpg,Healthy Leaf,3252
C:\Users\Fame IT\Videos\rwn\438\Dataset\Dataset\Healthy Leaf\IMG20250502155910.jpg,Healthy Leaf,3253
C:\Users\Fame IT\Videos\rwn\438\Dataset\Dataset\Healthy Leaf\IMG20250502155912.jpg,Healthy Leaf,3253
C:\Users\Fame IT\Videos\rwn\438\Dataset\Dataset\Healthy Leaf\IMG20250502155917.jpg,Healthy Leaf,3254
C:\Users\Fame IT\Videos\rwn\438\Dataset\Dataset\Healthy Leaf\IMG20250502155938.jpg,Healthy Leaf,3257
C:\Users\Fame IT\Videos\rwn\438\Dataset\Dataset\Healthy Leaf\IMG20250502155940.jpg,Healthy Leaf,3257
C:\Users\Fame IT\Videos\rwn\438\Dataset\Dataset\Healthy Leaf\IMG20250502155941.jpg,Healthy Leaf,3257
C:\Users\Fame IT\Videos\rwn\438\Dataset\Dataset\Healthy Leaf\IMG20250502160013.jpg,Healthy Leaf,3258
C:\Users\Fame IT\Videos\rwn\438\Dataset\Dataset\Healthy Leaf\IMG20250502160018.jpg,Healthy Leaf,3261
C:\Users\Fame IT\Videos\rwn\438\Dataset\Dataset\Healthy Leaf\IMG20250502160023.jpg,Healthy Leaf,3262
C:\Users\Fame IT\Videos\rwn\438\Dataset\Dataset\Healthy Leaf\IMG20250502160025.jpg,Healthy Leaf,3262
C:\Users\Fame IT\Videos\rwn\438\Dataset\Dataset\Healthy Leaf\IMG20250502160026.jpg,Healthy Leaf,3263
C:\Users\Fame IT\Videos\rwn\438\Dataset\Dataset\Healthy Leaf\IMG20250502160038.jpg,Healthy Leaf,3264
C:\Users\Fame IT\Videos\rwn\438\Dataset\Dataset\Healthy Leaf\IMG20250502160042.jpg,Healthy Leaf,3266
C:\Users\Fame IT\Videos\rwn\438\Dataset\Dataset\Healthy Leaf\IMG20250502160043.jpg,Healthy Leaf,3267
C:\Users\Fame IT\Videos\rwn\438\Dataset\Dataset\Healthy Leaf\IMG20250502160045.jpg,Healthy Leaf,3267
C:\Users\Fame IT\Videos\rwn\438\Dataset\Dataset\Healthy Leaf\IMG20250502160051.jpg,Healthy Leaf,3268
C:\Users\Fame IT\Videos\rwn\438\Dataset\Dataset\Healthy Leaf\IMG20250502160052.jpg,Healthy Leaf,3269
C:\Users\Fame IT\Videos\rwn\438\Dataset\Dataset\Healthy Leaf\IMG20250502160057.jpg,Healthy Leaf,3271
C:\Users\Fame IT\Videos\rwn\438\Dataset\Dataset\Healthy Leaf\IMG20250502160059.jpg,Healthy Leaf,3271
C:\Users\Fame IT\Videos\rwn\438\Dataset\Dataset\Healthy Leaf\IMG20250502160103.jpg,Healthy Leaf,3273
C:\Users\Fame IT\Videos\rwn\438\Dataset\Dataset\Healthy Leaf\IMG20250502160104.jpg,Healthy Leaf,3274
C:\Users\Fame IT\Videos\rwn\438\Dataset\Dataset\Healthy Leaf\IMG20250502160107.jpg,Healthy Leaf,3276
C:\Users\Fame IT\Videos\rwn\438\Dataset\Dataset\Healthy Leaf\IMG20250502160108.jpg,Healthy Leaf,3276
C:\Users\Fame IT\Videos\rwn\438\Dataset\Dataset\Healthy Leaf\IMG20250502160109.jpg,Healthy Leaf,3276
C:\Users\Fame IT\Videos\rwn\438\Dataset\Dataset\Healthy Leaf\IMG20250502160111.jpg,Healthy Leaf,3276
C:\Users\Fame IT\Videos\rwn\438\Dataset\Dataset\Healthy Leaf\IMG20250502160126.jpg,Healthy Leaf,3277
C:\Users\Fame IT\Videos\rwn\438\Dataset\Dataset\Healthy Leaf\IMG20250502160127.jpg,Healthy Leaf,3278
C:\Users\Fame IT\Videos\rwn\438\Dataset\Dataset\Healthy Leaf\IMG20250502160129.jpg,Healthy Leaf,3279
C:\Users\Fame IT\Videos\rwn\438\Dataset\Dataset\Healthy Leaf\IMG20250502160130.jpg,Healthy Leaf,3279
C:\Users\Fame IT\Videos\rwn\438\Dataset\Dataset\Healthy Leaf\IMG20250502160132.jpg,Healthy Leaf,3279
C:\Users\Fame IT\Videos\rwn\438\Dataset\Dataset\Healthy Leaf\IMG20250502160133.jpg,Healthy Leaf,3279
C:\Users\Fame IT\Videos\rwn\438\Dataset\Dataset\Healthy Leaf\IMG20250502160135.jpg,Healthy Leaf,3279
C:\Users\Fame IT\Videos\rwn\438\Dataset\Dataset\Healthy Leaf\IMG20250502160136.jpg,Healthy Leaf,3279
C:\Users\Fame IT\Videos\rwn\438\Dataset\Dataset\Healthy Leaf\IMG20250502160137.jpg,Healthy Leaf,3279
C:\Users\Fame IT\Videos\rwn\438\Dataset\Dataset\Healthy Leaf\IMG20250502160149.jpg,Healthy Leaf,3280
C:\Users\Fame IT\Videos\rwn\438\Dataset\Dataset\Healthy Leaf\IMG20250502160152.jpg,Healthy Leaf,3281
C:\Users\Fame IT\Videos\rwn\438\Dataset\Dataset\Healthy Leaf\IMG20250502160153.jpg,Healthy Leaf,3281
C:\Users\Fame IT\Videos\rwn\438\Dataset\Dataset\Healthy Leaf\IMG20250502160203.jpg,Healthy Leaf,3282
C:\Users\Fame IT\Videos\rwn\438\Dataset\Dataset\Healthy Leaf\IMG20250502160205.jpg,Healthy Leaf,3283
C:\Users\Fame IT\Videos\rwn\438\Dataset\Dataset\Healthy Leaf\IMG20250502160207.jpg,Healthy Leaf,3282
C:\Users\Fame IT\Videos\rwn\438\Dataset\Dataset\Healthy Leaf\IMG20250502160208.jpg,Healthy Leaf,3282
C:\Users\Fame IT\Videos\rwn\438\Dataset\Dataset\Healthy Leaf\IMG20250502160210.jpg,Healthy Leaf,3282
C:\Users\Fame IT\Videos\rwn\438\Dataset\Dataset\Healthy Leaf\IMG20250502160216.jpg,Healthy Leaf,3285
C:\Users\Fame IT\Videos\rwn\438\Dataset\Dataset\Healthy Leaf\IMG20250502160218.jpg,Healthy Leaf,3285
C:\Users\Fame IT\Videos\rwn\438\Dataset\Dataset\Healthy Leaf\IMG20250502160219.jpg,Healthy Leaf,3286
C:\Users\Fame IT\Videos\rwn\438\Dataset\Dataset\Healthy Leaf\IMG20250502160221.jpg,Healthy Leaf,3286
C:\Users\Fame IT\Videos\rwn\438\Dataset\Dataset\Healthy Leaf\IMG20250502160222.jpg,Healthy Leaf,3286
C:\Users\Fame IT\Videos\rwn\438\Dataset\Dataset\Healthy Leaf\IMG20250502160231.jpg,Healthy Leaf,3287
C:\Users\Fame IT\Videos\rwn\438\Dataset\Dataset\Healthy Leaf\IMG20250502160233.jpg,Healthy Leaf,3288
C:\Users\Fame IT\Videos\rwn\438\Dataset\Dataset\Healthy Leaf\IMG20250502160236.jpg,Healthy Leaf,3290
C:\Users\Fame IT\Videos\rwn\438\Dataset\Dataset\Healthy Leaf\IMG20250502160237.jpg,Healthy Leaf,3290
C:\Users\Fame IT\Videos\rwn\438\Dataset\Dataset\Healthy Leaf\IMG20250502160238.jpg,Healthy Leaf,3290
C:\Users\Fame IT\Videos\rwn\438\Dataset\Dataset\Healthy Leaf\IMG20250502160240.jpg,Healthy Leaf,3290
C:\Users\Fame IT\Videos\rwn\438\Dataset\Dataset\Healthy Leaf\IMG20250502160247.jpg,Healthy Leaf,3293
C:\Users\Fame IT\Videos\rwn\438\Dataset\Dataset\Healthy Leaf\IMG20250502160248.jpg,Healthy Leaf,3294
C:\Users\Fame IT\Videos\rwn\438\Dataset\Dataset\Healthy Leaf\IMG20250502160249.jpg,Healthy Leaf,3295
C:\Users\Fame IT\Videos\rwn\438\Dataset\Dataset\Healthy Leaf\IMG20250502160639.jpg,Healthy Leaf,3297
C:\Users\Fame IT\Videos\rwn\438\Dataset\Dataset\Healthy Leaf\IMG20250502160640.jpg,Healthy Leaf,3298
C:\Users\Fame IT\Videos\rwn\438\Dataset\Dataset\Healthy Leaf\IMG20250502160641.jpg,Healthy Leaf,3298
C:\Users\Fame IT\Videos\rwn\438\Dataset\Dataset\Healthy Leaf\IMG20250502160643.jpg,Healthy Leaf,3299
C:\Users\Fame IT\Videos\rwn\438\Dataset\Dataset\Healthy Leaf\IMG20250502160644.jpg,Healthy Leaf,3299
C:\Users\Fame IT\Videos\rwn\438\Dataset\Dataset\Healthy Leaf\IMG20250502160728.jpg,Healthy Leaf,3300
C:\Users\Fame IT\Videos\rwn\438\Dataset\Dataset\Healthy Leaf\IMG20250502160730.jpg,Healthy Leaf,3301
C:\Users\Fame IT\Videos\rwn\438\Dataset\Dataset\Healthy Leaf\IMG20250502160731.jpg,Healthy Leaf,3301
C:\Users\Fame IT\Videos\rwn\438\Dataset\Dataset\Healthy Leaf\IMG20250502160733.jpg,Healthy Leaf,3301
C:\Users\Fame IT\Videos\rwn\438\Dataset\Dataset\Healthy Leaf\IMG20250502160734.jpg,Healthy Leaf,3302
C:\Users\Fame IT\Videos\rwn\438\Dataset\Dataset\Healthy Leaf\IMG20250502160735.jpg,Healthy Leaf,3302
C:\Users\Fame IT\Videos\rwn\438\Dataset\Dataset\Healthy Leaf\IMG20250502160746.jpg,Healthy Leaf,3303
C:\Users\Fame IT\Videos\rwn\438\Dataset\Dataset\Healthy Leaf\IMG20250502160748.jpg,Healthy Leaf,3304
C:\Users\Fame IT\Videos\rwn\438\Dataset\Dataset\Healthy Leaf\IMG20250502160749.jpg,Healthy Leaf,3304
C:\Users\Fame IT\Videos\rwn\438\Dataset\Dataset\Healthy Leaf\IMG20250502160750.jpg,Healthy Leaf,3304
C:\Users\Fame IT\Videos\rwn\438\Dataset\Dataset\Healthy Leaf\IMG20250502160753.jpg,Healthy Leaf,3305
C:\Users\Fame IT\Videos\rwn\438\Dataset\Dataset\Healthy Leaf\IMG20250502160810.jpg,Healthy Leaf,3306
C:\Users\Fame IT\Videos\rwn\438\Dataset\Dataset\Healthy Leaf\IMG20250502160811.jpg,Healthy Leaf,3306
C:\Users\Fame IT\Videos\rwn\438\Dataset\Dataset\Healthy Leaf\IMG20250502160814.jpg,Healthy Leaf,3306
C:\Users\Fame IT\Videos\rwn\438\Dataset\Dataset\Healthy Leaf\IMG20250502160815.jpg,Healthy Leaf,3306
C:\Users\Fame IT\Videos\rwn\438\Dataset\Dataset\Healthy Leaf\IMG20250502160816.jpg,Healthy Leaf,3306
C:\Users\Fame IT\Videos\rwn\438\Dataset\Dataset\Healthy Leaf\IMG20250502160817.jpg,Healthy Leaf,3306
C:\Users\Fame IT\Videos\rwn\438\Dataset\Dataset\Healthy Leaf\IMG20250502160818.jpg,Healthy Leaf,3306
C:\Users\Fame IT\Videos\rwn\438\Dataset\Dataset\Healthy Leaf\IMG20250502160819.jpg,Healthy Leaf,3306
C:\Users\Fame IT\Videos\rwn\438\Dataset\Dataset\Healthy Leaf\IMG20250502160821.jpg,Healthy Leaf,3306
C:\Users\Fame IT\Videos\rwn\438\Dataset\Dataset\Healthy Leaf\IMG20250502160832.jpg,Healthy Leaf,3308
C:\Users\Fame IT\Videos\rwn\438\Dataset\Dataset\Healthy Leaf\IMG20250502160834.jpg,Healthy Leaf,3309
C:\Users\Fame IT\Videos\rwn\438\Dataset\Dataset\Healthy Leaf\IMG20250502160835.jpg,Healthy Leaf,3310
C:\Users\Fame IT\Videos\rwn\438\Dataset\Dataset\Healthy Leaf\IMG20250502160836.jpg,Healthy Leaf,3310
C:\Users\Fame IT\Videos\rwn\438\Dataset\Dataset\Healthy Leaf\IMG20250502160837.jpg,Healthy Leaf,3311
C:\Users\Fame IT\Videos\rwn\438\Dataset\Dataset\Healthy Leaf\IMG20250502160838.jpg,Healthy Leaf,3309
C:\Users\Fame IT\Videos\rwn\438\Dataset\Dataset\Healthy Leaf\IMG20250502160840.jpg,Healthy Leaf,3309
C:\Users\Fame IT\Videos\rwn\438\Dataset\Dataset\Healthy Leaf\IMG20250502160841.jpg,Healthy Leaf,3312
C:\Users\Fame IT\Videos\rwn\438\Dataset\Dataset\Healthy Leaf\IMG20250502160851.jpg,Healthy Leaf,3313
C:\Users\Fame IT\Videos\rwn\438\Dataset\Dataset\Healthy Leaf\IMG20250502160853.jpg,Healthy Leaf,3313
C:\Users\Fame IT\Videos\rwn\438\Dataset\Dataset\Healthy Leaf\IMG20250502160909.jpg,Healthy Leaf,3315
C:\Users\Fame IT\Videos\rwn\438\Dataset\Dataset\Healthy Leaf\IMG20250502160910.jpg,Healthy Leaf,3315
C:\Users\Fame IT\Videos\rwn\438\Dataset\Dataset\Healthy Leaf\IMG20250502160912.jpg,Healthy Leaf,3315
C:\Users\Fame IT\Videos\rwn\438\Dataset\Dataset\Healthy Leaf\IMG20250502160913.jpg,Healthy Leaf,3315
C:\Users\Fame IT\Videos\rwn\438\Dataset\Dataset\Healthy Leaf\IMG20250502160914.jpg,Healthy Leaf,3315
C:\Users\Fame IT\Videos\rwn\438\Dataset\Dataset\Healthy Leaf\IMG20250502160954.jpg,Healthy Leaf,3317
C:\Users\Fame IT\Videos\rwn\438\Dataset\Dataset\Healthy Leaf\IMG20250502160955.jpg,Healthy Leaf,3317
C:\Users\Fame IT\Videos\rwn\438\Dataset\Dataset\Healthy Leaf\IMG20250502161003.jpg,Healthy Leaf,3318
C:\Users\Fame IT\Videos\rwn\438\Dataset\Dataset\Healthy Leaf\IMG20250502161005.jpg,Healthy Leaf,3319
C:\Users\Fame IT\Videos\rwn\438\Dataset\Dataset\Healthy Leaf\IMG20250502161121.jpg,Healthy Leaf,3321
C:\Users\Fame IT\Videos\rwn\438\Dataset\Dataset\Healthy Leaf\IMG20250502161124.jpg,Healthy Leaf,3323
C:\Users\Fame IT\Videos\rwn\438\Dataset\Dataset\Healthy Leaf\IMG20250502161126.jpg,Healthy Leaf,3323
C:\Users\Fame IT\Videos\rwn\438\Dataset\Dataset\Healthy Leaf\IMG20250502161155.jpg,Healthy Leaf,3325
C:\Users\Fame IT\Videos\rwn\438\Dataset\Dataset\Healthy Leaf\IMG20250502161202.jpg,Healthy Leaf,3327
C:\Users\Fame IT\Videos\rwn\438\Dataset\Dataset\Healthy Leaf\IMG20250502161214.jpg,Healthy Leaf,3329
C:\Users\Fame IT\Videos\rwn\438\Dataset\Dataset\Healthy Leaf\IMG20250502161231.jpg,Healthy Leaf,3331
C:\Users\Fame IT\Videos\rwn\438\Dataset\Dataset\Healthy Leaf\IMG20250502161232.jpg,Healthy Leaf,3332
C:\Users\Fame IT\Videos\rwn\438\Dataset\Dataset\Healthy Leaf\IMG20250502161234.jpg,Healthy Leaf,3332
C:\Users\Fame IT\Videos\rwn\438\Dataset\Dataset\Healthy Leaf\IMG20250502161235.jpg,Healthy Leaf,3332
C:\Users\Fame IT\Videos\rwn\438\Dataset\Dataset\Healthy Leaf\IMG20250502161236.jpg,Healthy Leaf,3332
C:\Users\Fame IT\Videos\rwn\438\Dataset\Dataset\Healthy Leaf\IMG20250502161237.jpg,Healthy Leaf,3332
C:\Users\Fame IT\Videos\rwn\438\Dataset\Dataset\Healthy Leaf\IMG20250502161238.jpg,Healthy Leaf,3332
C:\Users\Fame IT\Videos\rwn\438\Dataset\Dataset\Healthy Leaf\IMG20250502161240.jpg,Healthy Leaf,3332
C:\Users\Fame IT\Videos\rwn\438\Dataset\Dataset\Healthy Leaf\IMG20250502161241.jpg,Healthy Leaf,3332
C:\Users\Fame IT\Videos\rwn\438\Dataset\Dataset\Healthy Leaf\IMG20250502161242.jpg,Healthy Leaf,3332
C:\Users\Fame IT\Videos\rwn\438\Dataset\Dataset\Healthy Leaf\IMG20250502161243.jpg,Healthy Leaf,3332
C:\Users\Fame IT\Videos\rwn\438\Dataset\Dataset\Healthy Leaf\IMG20250502161245.jpg,Healthy Leaf,3332
C:\Users\Fame IT\Videos\rwn\438\Dataset\Dataset\Healthy Leaf\IMG20250502161246.jpg,Healthy Leaf,3332
C:\Users\Fame IT\Videos\rwn\438\Dataset\Dataset\Healthy Leaf\IMG20250502161355.jpg,Healthy Leaf,3335
C:\Users\Fame IT\Videos\rwn\438\Dataset\Dataset\Healthy Leaf\IMG20250502161400.jpg,Healthy Leaf,3337
C:\Users\Fame IT\Videos\rwn\438\Dataset\Dataset\Healthy Leaf\IMG20250502161428.jpg,Healthy Leaf,3342
C:\Users\Fame IT\Videos\rwn\438\Dataset\Dataset\Healthy Leaf\IMG20250502161429.jpg,Healthy Leaf,3343
C:\Users\Fame IT\Videos\rwn\438\Dataset\Dataset\Healthy Leaf\IMG20250502161433.jpg,Healthy Leaf,3346
C:\Users\Fame IT\Videos\rwn\438\Dataset\Dataset\Healthy Leaf\IMG20250502161434.jpg,Healthy Leaf,3347
C:\Users\Fame IT\Videos\rwn\438\Dataset\Dataset\Healthy Leaf\IMG20250502161435.jpg,Healthy Leaf,3347
C:\Users\Fame IT\Videos\rwn\438\Dataset\Dataset\Healthy Leaf\IMG20250502161447.jpg,Healthy Leaf,3348
C:\Users\Fame IT\Videos\rwn\438\Dataset\Dataset\Healthy Leaf\IMG20250502161450.jpg,Healthy Leaf,3348
C:\Users\Fame IT\Videos\rwn\438\Dataset\Dataset\Healthy Leaf\IMG20250502161451.jpg,Healthy Leaf,3349
C:\Users\Fame IT\Videos\rwn\438\Dataset\Dataset\Healthy Leaf\IMG20250502161454.jpg,Healthy Leaf,3351
C:\Users\Fame IT\Videos\rwn\438\Dataset\Dataset\Healthy Leaf\IMG20250502161455.jpg,Healthy Leaf,3351
C:\Users\Fame IT\Videos\rwn\438\Dataset\Dataset\Healthy Leaf\IMG20250502161456.jpg,Healthy Leaf,3351
C:\Users\Fame IT\Videos\rwn\438\Dataset\Dataset\Healthy Leaf\IMG20250502161532.jpg,Healthy Leaf,3352
C:\Users\Fame IT\Videos\rwn\438\Dataset\Dataset\Healthy Leaf\IMG20250502161533.jpg,Healthy Leaf,3352
C:\Users\Fame IT\Videos\rwn\438\Dataset\Dataset\Healthy Leaf\IMG20250502161535.jpg,Healthy Leaf,3352
C:\Users\Fame IT\Videos\rwn\438\Dataset\Dataset\Healthy Leaf\IMG20250502161536.jpg,Healthy Leaf,3352
C:\Users\Fame IT\Videos\rwn\438\Dataset\Dataset\Healthy Leaf\IMG20250502161537.jpg,Healthy Leaf,3352
C:\Users\Fame IT\Videos\rwn\438\Dataset\Dataset\Healthy Leaf\IMG20250502161538.jpg,Healthy Leaf,3352
C:\Users\Fame IT\Videos\rwn\438\Dataset\Dataset\Healthy Leaf\IMG20250502161539.jpg,Healthy Leaf,3352
C:\Users\Fame IT\Videos\rwn\438\Dataset\Dataset\Healthy Leaf\IMG20250502161544.jpg,Healthy Leaf,3354
C:\Users\Fame IT\Videos\rwn\438\Dataset\Dataset\Healthy Leaf\IMG20250502161545.jpg,Healthy Leaf,3354
C:\Users\Fame IT\Videos\rwn\438\Dataset\Dataset\Healthy Leaf\IMG20250502161546.jpg,Healthy Leaf,3354
C:\Users\Fame IT\Videos\rwn\438\Dataset\Dataset\Healthy Leaf\IMG20250502161547.jpg,Healthy Leaf,3354
C:\Users\Fame IT\Videos\rwn\438\Dataset\Dataset\Healthy Leaf\IMG20250502161558.jpg,Healthy Leaf,3356
C:\Users\Fame IT\Videos\rwn\438\Dataset\Dataset\Healthy Leaf\IMG20250502161603.jpg,Healthy Leaf,3358
C:\Users\Fame IT\Videos\rwn\438\Dataset\Dataset\Healthy Leaf\IMG20250502161604.jpg,Healthy Leaf,3359
C:\Users\Fame IT\Videos\rwn\438\Dataset\Dataset\Healthy Leaf\IMG20250502161616.jpg,Healthy Leaf,3360
C:\Users\Fame IT\Videos\rwn\438\Dataset\Dataset\Healthy Leaf\IMG20250502161617.jpg,Healthy Leaf,3361
C:\Users\Fame IT\Videos\rwn\438\Dataset\Dataset\Healthy Leaf\IMG20250502161619.jpg,Healthy Leaf,3361
C:\Users\Fame IT\Videos\rwn\438\Dataset\Dataset\Healthy Leaf\IMG20250502161620.jpg,Healthy Leaf,3361
C:\Users\Fame IT\Videos\rwn\438\Dataset\Dataset\Healthy Leaf\IMG20250502161621.jpg,Healthy Leaf,3361
C:\Users\Fame IT\Videos\rwn\438\Dataset\Dataset\Healthy Leaf\IMG20250502161622.jpg,Healthy Leaf,3361
C:\Users\Fame IT\Videos\rwn\438\Dataset\Dataset\Healthy Leaf\IMG20250502161624.jpg,Healthy Leaf,3361
C:\Users\Fame IT\Videos\rwn\438\Dataset\Dataset\Healthy Leaf\IMG20250502161631.jpg,Healthy Leaf,3362
C:\Users\Fame IT\Videos\rwn\438\Dataset\Dataset\Healthy Leaf\IMG20250502161632.jpg,Healthy Leaf,3363
C:\Users\Fame IT\Videos\rwn\438\Dataset\Dataset\Healthy Leaf\IMG20250502161633.jpg,Healthy Leaf,3364
C:\Users\Fame IT\Videos\rwn\438\Dataset\Dataset\Healthy Leaf\IMG20250502161634.jpg,Healthy Leaf,3364
C:\Users\Fame IT\Videos\rwn\438\Dataset\Dataset\Healthy Leaf\IMG20250502161636.jpg,Healthy Leaf,3365
C:\Users\Fame IT\Videos\rwn\438\Dataset\Dataset\Healthy Leaf\IMG20250502161637.jpg,Healthy Leaf,3366
C:\Users\Fame IT\Videos\rwn\438\Dataset\Dataset\Healthy Leaf\IMG20250502161653.jpg,Healthy Leaf,3367
C:\Users\Fame IT\Videos\rwn\438\Dataset\Dataset\Healthy Leaf\IMG20250502161654.jpg,Healthy Leaf,3367
C:\Users\Fame IT\Videos\rwn\438\Dataset\Dataset\Healthy Leaf\IMG20250502161658.jpg,Healthy Leaf,3369
C:\Users\Fame IT\Videos\rwn\438\Dataset\Dataset\Healthy Leaf\IMG20250502161659.jpg,Healthy Leaf,3370
C:\Users\Fame IT\Videos\rwn\438\Dataset\Dataset\Healthy Leaf\IMG20250502161705.jpg,Healthy Leaf,3371
C:\Users\Fame IT\Videos\rwn\438\Dataset\Dataset\Healthy Leaf\IMG20250502161707.jpg,Healthy Leaf,3372
C:\Users\Fame IT\Videos\rwn\438\Dataset\Dataset\Healthy Leaf\IMG20250502161708.jpg,Healthy Leaf,3373
C:\Users\Fame IT\Videos\rwn\438\Dataset\Dataset\Healthy Leaf\IMG20250502161711.jpg,Healthy Leaf,3375
C:\Users\Fame IT\Videos\rwn\438\Dataset\Dataset\Healthy Leaf\IMG20250502161712.jpg,Healthy Leaf,3375
C:\Users\Fame IT\Videos\rwn\438\Dataset\Dataset\Healthy Leaf\IMG20250502161722.jpg,Healthy Leaf,3376
C:\Users\Fame IT\Videos\rwn\438\Dataset\Dataset\Healthy Leaf\IMG20250502161810.jpg,Healthy Leaf,3379
C:\Users\Fame IT\Videos\rwn\438\Dataset\Dataset\Healthy Leaf\IMG20250502161812.jpg,Healthy Leaf,3379
C:\Users\Fame IT\Videos\rwn\438\Dataset\Dataset\Healthy Leaf\IMG20250502161813.jpg,Healthy Leaf,3379
C:\Users\Fame IT\Videos\rwn\438\Dataset\Dataset\Healthy Leaf\IMG20250502161814.jpg,Healthy Leaf,3379
C:\Users\Fame IT\Videos\rwn\438\Dataset\Dataset\Healthy Leaf\IMG20250502161815.jpg,Healthy Leaf,3379
C:\Users\Fame IT\Videos\rwn\438\Dataset\Dataset\Healthy Leaf\IMG20250502161816.jpg,Healthy Leaf,3379
C:\Users\Fame IT\Videos\rwn\438\Dataset\Dataset\Healthy Leaf\IMG20250502161817.jpg,Healthy Leaf,3379
C:\Users\Fame IT\Videos\rwn\438\Dataset\Dataset\Healthy Leaf\IMG20250502161818.jpg,Healthy Leaf,3379
C:\Users\Fame IT\Videos\rwn\438\Dataset\Dataset\Healthy Leaf\IMG20250502161819.jpg,Healthy Leaf,3379
C:\Users\Fame IT\Videos\rwn\438\Dataset\Dataset\Healthy Leaf\IMG20250502161825.jpg,Healthy Leaf,3380
C:\Users\Fame IT\Videos\rwn\438\Dataset\Dataset\Healthy Leaf\IMG20250502161826.jpg,Healthy Leaf,3381
C:\Users\Fame IT\Videos\rwn\438\Dataset\Dataset\Healthy Leaf\IMG20250502161827.jpg,Healthy Leaf,3382
C:\Users\Fame IT\Videos\rwn\438\Dataset\Dataset\Healthy Leaf\IMG20250502161829.jpg,Healthy Leaf,3383
C:\Users\Fame IT\Videos\rwn\438\Dataset\Dataset\Healthy Leaf\IMG20250502161835.jpg,Healthy Leaf,3384
C:\Users\Fame IT\Videos\rwn\438\Dataset\Dataset\Healthy Leaf\IMG20250502161836.jpg,Healthy Leaf,3385
C:\Users\Fame IT\Videos\rwn\438\Dataset\Dataset\Healthy Leaf\IMG20250502161838.jpg,Healthy Leaf,3387
C:\Users\Fame IT\Videos\rwn\438\Dataset\Dataset\Healthy Leaf\IMG20250502161956.jpg,Healthy Leaf,3388
C:\Users\Fame IT\Videos\rwn\438\Dataset\Dataset\Healthy Leaf\IMG20250502161959.jpg,Healthy Leaf,3070
C:\Users\Fame IT\Videos\rwn\438\Dataset\Dataset\Healthy Leaf\IMG20250502162039.jpg,Healthy Leaf,3390
C:\Users\Fame IT\Videos\rwn\438\Dataset\Dataset\Healthy Leaf\IMG20250502162041.jpg,Healthy Leaf,3392
C:\Users\Fame IT\Videos\rwn\438\Dataset\Dataset\Healthy Leaf\IMG20250502162042.jpg,Healthy Leaf,3393
C:\Users\Fame IT\Videos\rwn\438\Dataset\Dataset\Healthy Leaf\IMG20250502162043.jpg,Healthy Leaf,3392
C:\Users\Fame IT\Videos\rwn\438\Dataset\Dataset\Healthy Leaf\IMG20250502162057.jpg,Healthy Leaf,3394
C:\Users\Fame IT\Videos\rwn\438\Dataset\Dataset\Healthy Leaf\IMG20250502162058.jpg,Healthy Leaf,3395
C:\Users\Fame IT\Videos\rwn\438\Dataset\Dataset\Healthy Leaf\IMG20250502162111.jpg,Healthy Leaf,3398
C:\Users\Fame IT\Videos\rwn\438\Dataset\Dataset\Healthy Leaf\IMG20250502162112.jpg,Healthy Leaf,3398
C:\Users\Fame IT\Videos\rwn\438\Dataset\Dataset\Healthy Leaf\IMG20250502162122.jpg,Healthy Leaf,3399
C:\Users\Fame IT\Videos\rwn\438\Dataset\Dataset\Healthy Leaf\IMG20250502162123.jpg,Healthy Leaf,3399
C:\Users\Fame IT\Videos\rwn\438\Dataset\Dataset\Healthy Leaf\IMG20250502162125.jpg,Healthy Leaf,3399
C:\Users\Fame IT\Videos\rwn\438\Dataset\Dataset\Healthy Leaf\IMG20250502162126.jpg,Healthy Leaf,3399
C:\Users\Fame IT\Videos\rwn\438\Dataset\Dataset\Healthy Leaf\IMG20250502162128.jpg,Healthy Leaf,3399
C:\Users\Fame IT\Videos\rwn\438\Dataset\Dataset\Healthy Leaf\IMG20250502162134.jpg,Healthy Leaf,3400
C:\Users\Fame IT\Videos\rwn\438\Dataset\Dataset\Healthy Leaf\IMG20250502162136.jpg,Healthy Leaf,3401
C:\Users\Fame IT\Videos\rwn\438\Dataset\Dataset\Healthy Leaf\IMG20250502162138.jpg,Healthy Leaf,3402
C:\Users\Fame IT\Videos\rwn\438\Dataset\Dataset\Healthy Leaf\IMG20250502162139.jpg,Healthy Leaf,3402
C:\Users\Fame IT\Videos\rwn\438\Dataset\Dataset\Healthy Leaf\IMG20250502162140.jpg,Healthy Leaf,3402
C:\Users\Fame IT\Videos\rwn\438\Dataset\Dataset\Healthy Leaf\IMG20250502162142.jpg,Healthy Leaf,3402
C:\Users\Fame IT\Videos\rwn\438\Dataset\Dataset\Healthy Leaf\IMG20250502162148.jpg,Healthy Leaf,3404
C:\Users\Fame IT\Videos\rwn\438\Dataset\Dataset\Healthy Leaf\IMG20250502162149.jpg,Healthy Leaf,3405
C:\Users\Fame IT\Videos\rwn\438\Dataset\Dataset\Healthy Leaf\IMG20250502162150.jpg,Healthy Leaf,3405
C:\Users\Fame IT\Videos\rwn\438\Dataset\Dataset\Healthy Leaf\IMG20250502162152.jpg,Healthy Leaf,3405
C:\Users\Fame IT\Videos\rwn\438\Dataset\Dataset\Healthy Leaf\IMG20250502162312.jpg,Healthy Leaf,3406
C:\Users\Fame IT\Videos\rwn\438\Dataset\Dataset\Healthy Leaf\IMG20250502162314.jpg,Healthy Leaf,3407
C:\Users\Fame IT\Videos\rwn\438\Dataset\Dataset\Healthy Leaf\IMG20250502162315.jpg,Healthy Leaf,3407
C:\Users\Fame IT\Videos\rwn\438\Dataset\Dataset\Healthy Leaf\IMG20250502162317.jpg,Healthy Leaf,3407
C:\Users\Fame IT\Videos\rwn\438\Dataset\Dataset\Healthy Leaf\IMG20250502162318.jpg,Healthy Leaf,3407
C:\Users\Fame IT\Videos\rwn\438\Dataset\Dataset\Healthy Leaf\IMG20250502162319.jpg,Healthy Leaf,3407
C:\Users\Fame IT\Videos\rwn\438\Dataset\Dataset\Healthy Leaf\IMG20250502162320.jpg,Healthy Leaf,3407
C:\Users\Fame IT\Videos\rwn\438\Dataset\Dataset\Healthy Leaf\IMG20250502162321.jpg,Healthy Leaf,3407
C:\Users\Fame IT\Videos\rwn\438\Dataset\Dataset\Healthy Leaf\IMG20250502162322.jpg,Healthy Leaf,3407
C:\Users\Fame IT\Videos\rwn\438\Dataset\Dataset\Healthy Leaf\IMG20250502162323.jpg,Healthy Leaf,3407
C:\Users\Fame IT\Videos\rwn\438\Dataset\Dataset\Healthy Leaf\IMG20250502162329.jpg,Healthy Leaf,3408
C:\Users\Fame IT\Videos\rwn\438\Dataset\Dataset\Healthy Leaf\IMG20250502162331.jpg,Healthy Leaf,3409
C:\Users\Fame IT\Videos\rwn\438\Dataset\Dataset\Healthy Leaf\IMG20250502162332.jpg,Healthy Leaf,3410
C:\Users\Fame IT\Videos\rwn\438\Dataset\Dataset\Healthy Leaf\IMG20250502162333.jpg,Healthy Leaf,3410
C:\Users\Fame IT\Videos\rwn\438\Dataset\Dataset\Healthy Leaf\IMG20250502162334.jpg,Healthy Leaf,3410
C:\Users\Fame IT\Videos\rwn\438\Dataset\Dataset\Healthy Leaf\IMG20250502162336.jpg,Healthy Leaf,3410
C:\Users\Fame IT\Videos\rwn\438\Dataset\Dataset\Healthy Leaf\IMG20250502162337.jpg,Healthy Leaf,3410
C:\Users\Fame IT\Videos\rwn\438\Dataset\Dataset\Healthy Leaf\IMG20250502162338.jpg,Healthy Leaf,3410
C:\Users\Fame IT\Videos\rwn\438\Dataset\Dataset\Healthy Leaf\IMG20250502162339.jpg,Healthy Leaf,3410
C:\Users\Fame IT\Videos\rwn\438\Dataset\Dataset\Healthy Leaf\IMG20250502162341.jpg,Healthy Leaf,3410
C:\Users\Fame IT\Videos\rwn\438\Dataset\Dataset\Healthy Leaf\IMG20250502162349.jpg,Healthy Leaf,3411
C:\Users\Fame IT\Videos\rwn\438\Dataset\Dataset\Healthy Leaf\IMG20250502162351.jpg,Healthy Leaf,3412
C:\Users\Fame IT\Videos\rwn\438\Dataset\Dataset\Healthy Leaf\IMG20250502162354.jpg,Healthy Leaf,3414
C:\Users\Fame IT\Videos\rwn\438\Dataset\Dataset\Healthy Leaf\IMG20250502162355.jpg,Healthy Leaf,3414
C:\Users\Fame IT\Videos\rwn\438\Dataset\Dataset\Healthy Leaf\IMG20250502162411.jpg,Healthy Leaf,3416
C:\Users\Fame IT\Videos\rwn\438\Dataset\Dataset\Healthy Leaf\IMG20250502162412.jpg,Healthy Leaf,3417
C:\Users\Fame IT\Videos\rwn\438\Dataset\Dataset\Healthy Leaf\IMG20250502162413.jpg,Healthy Leaf,3417
C:\Users\Fame IT\Videos\rwn\438\Dataset\Dataset\Healthy Leaf\IMG20250502162414.jpg,Healthy Leaf,3418
C:\Users\Fame IT\Videos\rwn\438\Dataset\Dataset\Healthy Leaf\IMG20250502162416.jpg,Healthy Leaf,3418
C:\Users\Fame IT\Videos\rwn\438\Dataset\Dataset\Healthy Leaf\IMG20250502162417.jpg,Healthy Leaf,3418
C:\Users\Fame IT\Videos\rwn\438\Dataset\Dataset\Healthy Leaf\IMG20250502162418.jpg,Healthy Leaf,3418
C:\Users\Fame IT\Videos\rwn\438\Dataset\Dataset\Healthy Leaf\IMG20250502162419.jpg,Healthy Leaf,3418
C:\Users\Fame IT\Videos\rwn\438\Dataset\Dataset\Healthy Leaf\IMG20250502162420.jpg,Healthy Leaf,3418
C:\Users\Fame IT\Videos\rwn\438\Dataset\Dataset\Healthy Leaf\IMG20250502162422.jpg,Healthy Leaf,3418
C:\Users\Fame IT\Videos\rwn\438\Dataset\Dataset\Healthy Leaf\IMG20250502162423.jpg,Healthy Leaf,3418
C:\Users\Fame IT\Videos\rwn\438\Dataset\Dataset\Healthy Leaf\IMG20250502162447.jpg,Healthy Leaf,3419
C:\Users\Fame IT\Videos\rwn\438\Dataset\Dataset\Healthy Leaf\IMG20250502162449.jpg,Healthy Leaf,3420
C:\Users\Fame IT\Videos\rwn\438\Dataset\Dataset\Healthy Leaf\IMG20250502162451.jpg,Healthy Leaf,3420
C:\Users\Fame IT\Videos\rwn\438\Dataset\Dataset\Healthy Leaf\IMG20250502162452.jpg,Healthy Leaf,3420
C:\Users\Fame IT\Videos\rwn\438\Dataset\Dataset\Healthy Leaf\IMG20250502162453.jpg,Healthy Leaf,3420
C:\Users\Fame IT\Videos\rwn\438\Dataset\Dataset\Healthy Leaf\IMG20250502162454.jpg,Healthy Leaf,3420
C:\Users\Fame IT\Videos\rwn\438\Dataset\Dataset\Healthy Leaf\IMG20250502162455.jpg,Healthy Leaf,3420
C:\Users\Fame IT\Videos\rwn\438\Dataset\Dataset\Healthy Leaf\IMG20250502162457.jpg,Healthy Leaf,3420
C:\Users\Fame IT\Videos\rwn\438\Dataset\Dataset\Healthy Leaf\IMG20250502162517.jpg,Healthy Leaf,3421
C:\Users\Fame IT\Videos\rwn\438\Dataset\Dataset\Healthy Leaf\IMG20250502162519.jpg,Healthy Leaf,3422
C:\Users\Fame IT\Videos\rwn\438\Dataset\Dataset\Healthy Leaf\IMG20250502162520.jpg,Healthy Leaf,3423
C:\Users\Fame IT\Videos\rwn\438\Dataset\Dataset\Healthy Leaf\IMG20250502162557.jpg,Healthy Leaf,3425
C:\Users\Fame IT\Videos\rwn\438\Dataset\Dataset\Healthy Leaf\IMG20250502162559.jpg,Healthy Leaf,3425
C:\Users\Fame IT\Videos\rwn\438\Dataset\Dataset\Healthy Leaf\IMG20250502162600.jpg,Healthy Leaf,3425
C:\Users\Fame IT\Videos\rwn\438\Dataset\Dataset\Healthy Leaf\IMG20250502162601.jpg,Healthy Leaf,3425
C:\Users\Fame IT\Videos\rwn\438\Dataset\Dataset\Healthy Leaf\IMG20250502162602.jpg,Healthy Leaf,3425
C:\Users\Fame IT\Videos\rwn\438\Dataset\Dataset\Healthy Leaf\IMG20250502162610.jpg,Healthy Leaf,3426
C:\Users\Fame IT\Videos\rwn\438\Dataset\Dataset\Healthy Leaf\IMG20250502162611.jpg,Healthy Leaf,3426
C:\Users\Fame IT\Videos\rwn\438\Dataset\Dataset\Healthy Leaf\IMG20250502162612.jpg,Healthy Leaf,3426
C:\Users\Fame IT\Videos\rwn\438\Dataset\Dataset\Healthy Leaf\IMG20250502162627.jpg,Healthy Leaf,3428
C:\Users\Fame IT\Videos\rwn\438\Dataset\Dataset\Healthy Leaf\IMG20250502162628.jpg,Healthy Leaf,3429
C:\Users\Fame IT\Videos\rwn\438\Dataset\Dataset\Healthy Leaf\IMG20250502162631.jpg,Healthy Leaf,3431
C:\Users\Fame IT\Videos\rwn\438\Dataset\Dataset\Healthy Leaf\IMG20250502162632.jpg,Healthy Leaf,3432
C:\Users\Fame IT\Videos\rwn\438\Dataset\Dataset\Healthy Leaf\IMG20250502162637.jpg,Healthy Leaf,3434
C:\Users\Fame IT\Videos\rwn\438\Dataset\Dataset\Healthy Leaf\IMG20250502162723.jpg,Healthy Leaf,3436
C:\Users\Fame IT\Videos\rwn\438\Dataset\Dataset\Healthy Leaf\IMG20250502162724.jpg,Healthy Leaf,3436
C:\Users\Fame IT\Videos\rwn\438\Dataset\Dataset\Healthy Leaf\IMG20250502162932.jpg,Healthy Leaf,3439
C:\Users\Fame IT\Videos\rwn\438\Dataset\Dataset\Healthy Leaf\IMG20250502162933.jpg,Healthy Leaf,3439
C:\Users\Fame IT\Videos\rwn\438\Dataset\Dataset\Healthy Leaf\IMG20250502162942.jpg,Healthy Leaf,3440
C:\Users\Fame IT\Videos\rwn\438\Dataset\Dataset\Healthy Leaf\IMG20250502162944.jpg,Healthy Leaf,3441
C:\Users\Fame IT\Videos\rwn\438\Dataset\Dataset\Healthy Leaf\IMG20250502162959.jpg,Healthy Leaf,3442
C:\Users\Fame IT\Videos\rwn\438\Dataset\Dataset\Healthy Leaf\IMG20250502163036.jpg,Healthy Leaf,3446
C:\Users\Fame IT\Videos\rwn\438\Dataset\Dataset\Healthy Leaf\IMG20250502163037.jpg,Healthy Leaf,3446
C:\Users\Fame IT\Videos\rwn\438\Dataset\Dataset\Healthy Leaf\IMG20250502163038.jpg,Healthy Leaf,3447
C:\Users\Fame IT\Videos\rwn\438\Dataset\Dataset\Healthy Leaf\IMG20250502163040.jpg,Healthy Leaf,3448
C:\Users\Fame IT\Videos\rwn\438\Dataset\Dataset\Healthy Leaf\IMG20250502163041.jpg,Healthy Leaf,3448
C:\Users\Fame IT\Videos\rwn\438\Dataset\Dataset\Healthy Leaf\IMG20250502163042.jpg,Healthy Leaf,3448
C:\Users\Fame IT\Videos\rwn\438\Dataset\Dataset\Healthy Leaf\IMG20250502163057.jpg,Healthy Leaf,3449
C:\Users\Fame IT\Videos\rwn\438\Dataset\Dataset\Healthy Leaf\IMG20250502163059.jpg,Healthy Leaf,3449
C:\Users\Fame IT\Videos\rwn\438\Dataset\Dataset\Healthy Leaf\IMG20250502163100.jpg,Healthy Leaf,3449
C:\Users\Fame IT\Videos\rwn\438\Dataset\Dataset\Healthy Leaf\IMG20250502163102.jpg,Healthy Leaf,3449
C:\Users\Fame IT\Videos\rwn\438\Dataset\Dataset\Healthy Leaf\IMG20250502163103.jpg,Healthy Leaf,3449
C:\Users\Fame IT\Videos\rwn\438\Dataset\Dataset\Healthy Leaf\IMG20250502163104.jpg,Healthy Leaf,3449
C:\Users\Fame IT\Videos\rwn\438\Dataset\Dataset\Healthy Leaf\IMG20250502163106.jpg,Healthy Leaf,3449
C:\Users\Fame IT\Videos\rwn\438\Dataset\Dataset\Healthy Leaf\IMG20250502163107.jpg,Healthy Leaf,3449
C:\Users\Fame IT\Videos\rwn\438\Dataset\Dataset\Healthy Leaf\IMG20250502163159.jpg,Healthy Leaf,3450
C:\Users\Fame IT\Videos\rwn\438\Dataset\Dataset\Healthy Leaf\IMG20250502163201.jpg,Healthy Leaf,3451
C:\Users\Fame IT\Videos\rwn\438\Dataset\Dataset\Healthy Leaf\IMG20250502163202.jpg,Healthy Leaf,3452
C:\Users\Fame IT\Videos\rwn\438\Dataset\Dataset\Healthy Leaf\IMG20250502163204.jpg,Healthy Leaf,3452
C:\Users\Fame IT\Videos\rwn\438\Dataset\Dataset\Healthy Leaf\IMG20250502163205.jpg,Healthy Leaf,3452
C:\Users\Fame IT\Videos\rwn\438\Dataset\Dataset\Healthy Leaf\IMG20250502163206.jpg,Healthy Leaf,3452
C:\Users\Fame IT\Videos\rwn\438\Dataset\Dataset\Healthy Leaf\IMG20250502163207.jpg,Healthy Leaf,3453
C:\Users\Fame IT\Videos\rwn\438\Dataset\Dataset\Healthy Leaf\IMG20250502163208.jpg,Healthy Leaf,3451
C:\Users\Fame IT\Videos\rwn\438\Dataset\Dataset\Healthy Leaf\IMG20250502163209.jpg,Healthy Leaf,3451
C:\Users\Fame IT\Videos\rwn\438\Dataset\Dataset\Healthy Leaf\IMG20250502163210.jpg,Healthy Leaf,3451
C:\Users\Fame IT\Videos\rwn\438\Dataset\Dataset\Healthy Leaf\IMG20250502163212.jpg,Healthy Leaf,3451
C:\Users\Fame IT\Videos\rwn\438\Dataset\Dataset\Healthy Leaf\IMG20250502163213.jpg,Healthy Leaf,3451
C:\Users\Fame IT\Videos\rwn\438\Dataset\Dataset\Healthy Leaf\IMG20250502163214.jpg,Healthy Leaf,3451
C:\Users\Fame IT\Videos\rwn\438\Dataset\Dataset\Healthy Leaf\IMG20250502163220.jpg,Healthy Leaf,3454
C:\Users\Fame IT\Videos\rwn\438\Dataset\Dataset\Healthy Leaf\IMG20250502163221.jpg,Healthy Leaf,3454
C:\Users\Fame IT\Videos\rwn\438\Dataset\Dataset\Healthy Leaf\IMG20250502163222.jpg,Healthy Leaf,3454
C:\Users\Fame IT\Videos\rwn\438\Dataset\Dataset\Healthy Leaf\IMG20250502163224.jpg,Healthy Leaf,3454
C:\Users\Fame IT\Videos\rwn\438\Dataset\Dataset\Healthy Leaf\IMG20250502163225.jpg,Healthy Leaf,3454
C:\Users\Fame IT\Videos\rwn\438\Dataset\Dataset\Healthy Leaf\IMG20250502163226.jpg,Healthy Leaf,3454
C:\Users\Fame IT\Videos\rwn\438\Dataset\Dataset\Healthy Leaf\IMG20250502163227.jpg,Healthy Leaf,3454
C:\Users\Fame IT\Videos\rwn\438\Dataset\Dataset\Healthy Leaf\IMG20250502163230.jpg,Healthy Leaf,3455
C:\Users\Fame IT\Videos\rwn\438\Dataset\Dataset\Healthy Leaf\IMG20250502163257.jpg,Healthy Leaf,3457
C:\Users\Fame IT\Videos\rwn\438\Dataset\Dataset\Healthy Leaf\IMG20250502163308.jpg,Healthy Leaf,3458
C:\Users\Fame IT\Videos\rwn\438\Dataset\Dataset\Healthy Leaf\IMG20250502163309.jpg,Healthy Leaf,3459
C:\Users\Fame IT\Videos\rwn\438\Dataset\Dataset\Healthy Leaf\IMG20250502163310.jpg,Healthy Leaf,3459
C:\Users\Fame IT\Videos\rwn\438\Dataset\Dataset\Healthy Leaf\IMG20250502163312.jpg,Healthy Leaf,3459
C:\Users\Fame IT\Videos\rwn\438\Dataset\Dataset\Healthy Leaf\IMG20250502163313.jpg,Healthy Leaf,3459
C:\Users\Fame IT\Videos\rwn\438\Dataset\Dataset\Healthy Leaf\IMG20250502163314.jpg,Healthy Leaf,3460
C:\Users\Fame IT\Videos\rwn\438\Dataset\Dataset\Healthy Leaf\IMG20250502163315.jpg,Healthy Leaf,3459
C:\Users\Fame IT\Videos\rwn\438\Dataset\Dataset\Healthy Leaf\IMG20250502163316.jpg,Healthy Leaf,3459
C:\Users\Fame IT\Videos\rwn\438\Dataset\Dataset\Healthy Leaf\IMG20250502163318.jpg,Healthy Leaf,3459
C:\Users\Fame IT\Videos\rwn\438\Dataset\Dataset\Healthy Leaf\IMG20250502163319.jpg,Healthy Leaf,3459
C:\Users\Fame IT\Videos\rwn\438\Dataset\Dataset\Healthy Leaf\IMG20250502163320.jpg,Healthy Leaf,3460
C:\Users\Fame IT\Videos\rwn\438\Dataset\Dataset\Healthy Leaf\IMG20250502163330.jpg,Healthy Leaf,3461
C:\Users\Fame IT\Videos\rwn\438\Dataset\Dataset\Healthy Leaf\IMG20250502163334.jpg,Healthy Leaf,3462
C:\Users\Fame IT\Videos\rwn\438\Dataset\Dataset\Healthy Leaf\IMG20250502163335.jpg,Healthy Leaf,3462
C:\Users\Fame IT\Videos\rwn\438\Dataset\Dataset\Healthy Leaf\IMG20250502163350.jpg,Healthy Leaf,3464
C:\Users\Fame IT\Videos\rwn\438\Dataset\Dataset\Healthy Leaf\IMG20250502163351.jpg,Healthy Leaf,3464
C:\Users\Fame IT\Videos\rwn\438\Dataset\Dataset\Healthy Leaf\IMG20250502163354.jpg,Healthy Leaf,3464
C:\Users\Fame IT\Videos\rwn\438\Dataset\Dataset\Healthy Leaf\IMG20250502163355.jpg,Healthy Leaf,3464
C:\Users\Fame IT\Videos\rwn\438\Dataset\Dataset\Healthy Leaf\IMG20250502163356.jpg,Healthy Leaf,3464
C:\Users\Fame IT\Videos\rwn\438\Dataset\Dataset\Healthy Leaf\IMG20250502163358.jpg,Healthy Leaf,3464
C:\Users\Fame IT\Videos\rwn\438\Dataset\Dataset\Healthy Leaf\IMG20250502163359.jpg,Healthy Leaf,3464
C:\Users\Fame IT\Videos\rwn\438\Dataset\Dataset\Healthy Leaf\IMG20250502163406.jpg,Healthy Leaf,3465
C:\Users\Fame IT\Videos\rwn\438\Dataset\Dataset\Healthy Leaf\IMG20250502163407.jpg,Healthy Leaf,3465
C:\Users\Fame IT\Videos\rwn\438\Dataset\Dataset\Healthy Leaf\IMG20250502163408.jpg,Healthy Leaf,3465
C:\Users\Fame IT\Videos\rwn\438\Dataset\Dataset\Healthy Leaf\IMG20250502163410.jpg,Healthy Leaf,3466
C:\Users\Fame IT\Videos\rwn\438\Dataset\Dataset\Healthy Leaf\IMG20250502163418.jpg,Healthy Leaf,3468
C:\Users\Fame IT\Videos\rwn\438\Dataset\Dataset\Healthy Leaf\IMG20250502163419.jpg,Healthy Leaf,3468
C:\Users\Fame IT\Videos\rwn\438\Dataset\Dataset\Healthy Leaf\IMG20250502163420.jpg,Healthy Leaf,3468
C:\Users\Fame IT\Videos\rwn\438\Dataset\Dataset\Healthy Leaf\IMG20250502163511.jpg,Healthy Leaf,3469
C:\Users\Fame IT\Videos\rwn\438\Dataset\Dataset\Healthy Leaf\IMG20250502163513.jpg,Healthy Leaf,3470
C:\Users\Fame IT\Videos\rwn\438\Dataset\Dataset\Healthy Leaf\IMG20250502163515.jpg,Healthy Leaf,3470
C:\Users\Fame IT\Videos\rwn\438\Dataset\Dataset\Healthy Leaf\IMG20250502163516.jpg,Healthy Leaf,3470
C:\Users\Fame IT\Videos\rwn\438\Dataset\Dataset\Healthy Leaf\IMG20250502163517.jpg,Healthy Leaf,3470
C:\Users\Fame IT\Videos\rwn\438\Dataset\Dataset\Healthy Leaf\IMG20250502163519.jpg,Healthy Leaf,3470
C:\Users\Fame IT\Videos\rwn\438\Dataset\Dataset\Healthy Leaf\IMG20250502163520.jpg,Healthy Leaf,3470
C:\Users\Fame IT\Videos\rwn\438\Dataset\Dataset\Healthy Leaf\IMG20250502163521.jpg,Healthy Leaf,3470
C:\Users\Fame IT\Videos\rwn\438\Dataset\Dataset\Healthy Leaf\IMG20250502163522.jpg,Healthy Leaf,3470
C:\Users\Fame IT\Videos\rwn\438\Dataset\Dataset\Healthy Leaf\IMG20250502163523.jpg,Healthy Leaf,3471
C:\Users\Fame IT\Videos\rwn\438\Dataset\Dataset\Healthy Leaf\IMG20250502163529.jpg,Healthy Leaf,3472
C:\Users\Fame IT\Videos\rwn\438\Dataset\Dataset\Healthy Leaf\IMG20250502163530.jpg,Healthy Leaf,3472
C:\Users\Fame IT\Videos\rwn\438\Dataset\Dataset\Healthy Leaf\IMG20250502163531.jpg,Healthy Leaf,3472
C:\Users\Fame IT\Videos\rwn\438\Dataset\Dataset\Healthy Leaf\IMG20250502163532.jpg,Healthy Leaf,3472
C:\Users\Fame IT\Videos\rwn\438\Dataset\Dataset\Healthy Leaf\IMG20250502163533.jpg,Healthy Leaf,3472
C:\Users\Fame IT\Videos\rwn\438\Dataset\Dataset\Healthy Leaf\IMG20250502163534.jpg,Healthy Leaf,3472
C:\Users\Fame IT\Videos\rwn\438\Dataset\Dataset\Healthy Leaf\IMG20250502163535.jpg,Healthy Leaf,3473
C:\Users\Fame IT\Videos\rwn\438\Dataset\Dataset\Healthy Leaf\IMG20250502163536.jpg,Healthy Leaf,3473
C:\Users\Fame IT\Videos\rwn\438\Dataset\Dataset\Healthy Leaf\IMG20250502163546.jpg,Healthy Leaf,3474
C:\Users\Fame IT\Videos\rwn\438\Dataset\Dataset\Healthy Leaf\IMG20250502163547.jpg,Healthy Leaf,3474
C:\Users\Fame IT\Videos\rwn\438\Dataset\Dataset\Healthy Leaf\IMG20250502163548.jpg,Healthy Leaf,3474
C:\Users\Fame IT\Videos\rwn\438\Dataset\Dataset\Healthy Leaf\IMG20250502163550.jpg,Healthy Leaf,3475
C:\Users\Fame IT\Videos\rwn\438\Dataset\Dataset\Healthy Leaf\IMG20250502163551.jpg,Healthy Leaf,3475
C:\Users\Fame IT\Videos\rwn\438\Dataset\Dataset\Healthy Leaf\IMG20250502163552.jpg,Healthy Leaf,3475
C:\Users\Fame IT\Videos\rwn\438\Dataset\Dataset\Healthy Leaf\IMG20250502163553.jpg,Healthy Leaf,3475
C:\Users\Fame IT\Videos\rwn\438\Dataset\Dataset\Healthy Leaf\IMG20250502163602.jpg,Healthy Leaf,3476
C:\Users\Fame IT\Videos\rwn\438\Dataset\Dataset\Healthy Leaf\IMG20250502163603.jpg,Healthy Leaf,3477
C:\Users\Fame IT\Videos\rwn\438\Dataset\Dataset\Healthy Leaf\IMG20250502163607.jpg,Healthy Leaf,3478
C:\Users\Fame IT\Videos\rwn\438\Dataset\Dataset\Healthy Leaf\IMG20250502163608.jpg,Healthy Leaf,3479
C:\Users\Fame IT\Videos\rwn\438\Dataset\Dataset\Healthy Leaf\IMG20250502163610.jpg,Healthy Leaf,3479
C:\Users\Fame IT\Videos\rwn\438\Dataset\Dataset\Healthy Leaf\IMG20250502163611.jpg,Healthy Leaf,3480
C:\Users\Fame IT\Videos\rwn\438\Dataset\Dataset\Healthy Leaf\IMG20250502163612.jpg,Healthy Leaf,3480
C:\Users\Fame IT\Videos\rwn\438\Dataset\Dataset\Healthy Leaf\IMG20250502163613.jpg,Healthy Leaf,3480
C:\Users\Fame IT\Videos\rwn\438\Dataset\Dataset\Healthy Leaf\IMG20250502163614.jpg,Healthy Leaf,3480
C:\Users\Fame IT\Videos\rwn\438\Dataset\Dataset\Healthy Leaf\IMG20250502163654.jpg,Healthy Leaf,3481
C:\Users\Fame IT\Videos\rwn\438\Dataset\Dataset\Healthy Leaf\IMG20250502163656.jpg,Healthy Leaf,3482
C:\Users\Fame IT\Videos\rwn\438\Dataset\Dataset\Healthy Leaf\IMG20250502163657.jpg,Healthy Leaf,3483
C:\Users\Fame IT\Videos\rwn\438\Dataset\Dataset\Healthy Leaf\IMG20250502163658.jpg,Healthy Leaf,3483
C:\Users\Fame IT\Videos\rwn\438\Dataset\Dataset\Healthy Leaf\IMG20250502163700.jpg,Healthy Leaf,3483
C:\Users\Fame IT\Videos\rwn\438\Dataset\Dataset\Healthy Leaf\IMG20250502163701.jpg,Healthy Leaf,3484
C:\Users\Fame IT\Videos\rwn\438\Dataset\Dataset\Healthy Leaf\IMG20250502163702.jpg,Healthy Leaf,3484
C:\Users\Fame IT\Videos\rwn\438\Dataset\Dataset\Healthy Leaf\IMG20250502163703.jpg,Healthy Leaf,3484
C:\Users\Fame IT\Videos\rwn\438\Dataset\Dataset\Healthy Leaf\IMG20250502163708.jpg,Healthy Leaf,3485
C:\Users\Fame IT\Videos\rwn\438\Dataset\Dataset\Healthy Leaf\IMG20250502163709.jpg,Healthy Leaf,3486
C:\Users\Fame IT\Videos\rwn\438\Dataset\Dataset\Healthy Leaf\IMG20250502163721.jpg,Healthy Leaf,3488
C:\Users\Fame IT\Videos\rwn\438\Dataset\Dataset\Healthy Leaf\IMG20250502163722.jpg,Healthy Leaf,3489
C:\Users\Fame IT\Videos\rwn\438\Dataset\Dataset\Healthy Leaf\IMG20250502163723.jpg,Healthy Leaf,3490
C:\Users\Fame IT\Videos\rwn\438\Dataset\Dataset\Healthy Leaf\IMG20250502163738.jpg,Healthy Leaf,3494
C:\Users\Fame IT\Videos\rwn\438\Dataset\Dataset\Healthy Leaf\IMG20250502163742.jpg,Healthy Leaf,3496
C:\Users\Fame IT\Videos\rwn\438\Dataset\Dataset\Healthy Leaf\IMG20250502163743.jpg,Healthy Leaf,3497
C:\Users\Fame IT\Videos\rwn\438\Dataset\Dataset\Healthy Leaf\IMG20250502163756.jpg,Healthy Leaf,3498
C:\Users\Fame IT\Videos\rwn\438\Dataset\Dataset\Healthy Leaf\IMG20250502163757.jpg,Healthy Leaf,3499
C:\Users\Fame IT\Videos\rwn\438\Dataset\Dataset\Healthy Leaf\IMG20250502163759.jpg,Healthy Leaf,3498
C:\Users\Fame IT\Videos\rwn\438\Dataset\Dataset\Healthy Leaf\IMG20250502163800.jpg,Healthy Leaf,3498
C:\Users\Fame IT\Videos\rwn\438\Dataset\Dataset\Healthy Leaf\IMG20250502163802.jpg,Healthy Leaf,3498
C:\Users\Fame IT\Videos\rwn\438\Dataset\Dataset\Healthy Leaf\IMG20250502163803.jpg,Healthy Leaf,3498
C:\Users\Fame IT\Videos\rwn\438\Dataset\Dataset\Healthy Leaf\IMG20250502163804.jpg,Healthy Leaf,3498
C:\Users\Fame IT\Videos\rwn\438\Dataset\Dataset\Healthy Leaf\IMG20250502163805.jpg,Healthy Leaf,3498
C:\Users\Fame IT\Videos\rwn\438\Dataset\Dataset\Healthy Leaf\IMG20250502163815.jpg,Healthy Leaf,3502
C:\Users\Fame IT\Videos\rwn\438\Dataset\Dataset\Healthy Leaf\IMG20250502163816.jpg,Healthy Leaf,3502
C:\Users\Fame IT\Videos\rwn\438\Dataset\Dataset\Healthy Leaf\IMG20250502163818.jpg,Healthy Leaf,3502
C:\Users\Fame IT\Videos\rwn\438\Dataset\Dataset\Healthy Leaf\IMG20250502163819.jpg,Healthy Leaf,3502
C:\Users\Fame IT\Videos\rwn\438\Dataset\Dataset\Healthy Leaf\IMG20250502163825.jpg,Healthy Leaf,3503
C:\Users\Fame IT\Videos\rwn\438\Dataset\Dataset\Healthy Leaf\IMG20250502163835.jpg,Healthy Leaf,3505
C:\Users\Fame IT\Videos\rwn\438\Dataset\Dataset\Healthy Leaf\IMG20250502163837.jpg,Healthy Leaf,3506
C:\Users\Fame IT\Videos\rwn\438\Dataset\Dataset\Healthy Leaf\IMG20250502163847.jpg,Healthy Leaf,3509
C:\Users\Fame IT\Videos\rwn\438\Dataset\Dataset\Healthy Leaf\IMG20250502163848.jpg,Healthy Leaf,3510
C:\Users\Fame IT\Videos\rwn\438\Dataset\Dataset\Healthy Leaf\IMG20250502163849.jpg,Healthy Leaf,3510
C:\Users\Fame IT\Videos\rwn\438\Dataset\Dataset\Healthy Leaf\IMG20250502163851.jpg,Healthy Leaf,3510
C:\Users\Fame IT\Videos\rwn\438\Dataset\Dataset\Healthy Leaf\IMG20250502163852.jpg,Healthy Leaf,3510
C:\Users\Fame IT\Videos\rwn\438\Dataset\Dataset\Healthy Leaf\IMG20250502163854.jpg,Healthy Leaf,3510
C:\Users\Fame IT\Videos\rwn\438\Dataset\Dataset\Healthy Leaf\IMG20250502163855.jpg,Healthy Leaf,3510
C:\Users\Fame IT\Videos\rwn\438\Dataset\Dataset\Healthy Leaf\IMG20250502163911.jpg,Healthy Leaf,3513
C:\Users\Fame IT\Videos\rwn\438\Dataset\Dataset\Healthy Leaf\IMG20250502163916.jpg,Healthy Leaf,3515
C:\Users\Fame IT\Videos\rwn\438\Dataset\Dataset\Healthy Leaf\IMG20250502163917.jpg,Healthy Leaf,3515
C:\Users\Fame IT\Videos\rwn\438\Dataset\Dataset\Healthy Leaf\IMG20250502163918.jpg,Healthy Leaf,3515
C:\Users\Fame IT\Videos\rwn\438\Dataset\Dataset\Healthy Leaf\IMG20250502163920.jpg,Healthy Leaf,3515
C:\Users\Fame IT\Videos\rwn\438\Dataset\Dataset\Healthy Leaf\IMG20250502163928.jpg,Healthy Leaf,3516
C:\Users\Fame IT\Videos\rwn\438\Dataset\Dataset\Healthy Leaf\IMG20250502163930.jpg,Healthy Leaf,3517
C:\Users\Fame IT\Videos\rwn\438\Dataset\Dataset\Healthy Leaf\IMG20250502163931.jpg,Healthy Leaf,3517
C:\Users\Fame IT\Videos\rwn\438\Dataset\Dataset\Healthy Leaf\IMG20250502163932.jpg,Healthy Leaf,3517
C:\Users\Fame IT\Videos\rwn\438\Dataset\Dataset\Healthy Leaf\IMG20250502163933.jpg,Healthy Leaf,3517
C:\Users\Fame IT\Videos\rwn\438\Dataset\Dataset\Healthy Leaf\IMG20250502163935.jpg,Healthy Leaf,3517
C:\Users\Fame IT\Videos\rwn\438\Dataset\Dataset\Healthy Leaf\IMG20250502163957.jpg,Healthy Leaf,3520
C:\Users\Fame IT\Videos\rwn\438\Dataset\Dataset\Healthy Leaf\IMG20250502164033.jpg,Healthy Leaf,3525
C:\Users\Fame IT\Videos\rwn\438\Dataset\Dataset\Healthy Leaf\IMG20250502164035.jpg,Healthy Leaf,3525
C:\Users\Fame IT\Videos\rwn\438\Dataset\Dataset\Healthy Leaf\IMG20250502164038.jpg,Healthy Leaf,3527
C:\Users\Fame IT\Videos\rwn\438\Dataset\Dataset\Healthy Leaf\IMG20250502164040.jpg,Healthy Leaf,3527
C:\Users\Fame IT\Videos\rwn\438\Dataset\Dataset\Healthy Leaf\IMG20250502164041.jpg,Healthy Leaf,3527
C:\Users\Fame IT\Videos\rwn\438\Dataset\Dataset\Healthy Leaf\IMG20250502164042.jpg,Healthy Leaf,3527
C:\Users\Fame IT\Videos\rwn\438\Dataset\Dataset\Healthy Leaf\IMG20250502164044.jpg,Healthy Leaf,3527
C:\Users\Fame IT\Videos\rwn\438\Dataset\Dataset\Healthy Leaf\IMG20250502164045.jpg,Healthy Leaf,3527
C:\Users\Fame IT\Videos\rwn\438\Dataset\Dataset\Healthy Leaf\IMG20250502164048.jpg,Healthy Leaf,3528
C:\Users\Fame IT\Videos\rwn\438\Dataset\Dataset\Healthy Leaf\IMG20250502164050.jpg,Healthy Leaf,3529
C:\Users\Fame IT\Videos\rwn\438\Dataset\Dataset\Healthy Leaf\IMG20250502164057.jpg,Healthy Leaf,3531
C:\Users\Fame IT\Videos\rwn\438\Dataset\Dataset\Healthy Leaf\IMG20250502164101.jpg,Healthy Leaf,3533
C:\Users\Fame IT\Videos\rwn\438\Dataset\Dataset\Healthy Leaf\IMG20250502164102.jpg,Healthy Leaf,3534
C:\Users\Fame IT\Videos\rwn\438\Dataset\Dataset\Healthy Leaf\IMG20250502164103.jpg,Healthy Leaf,3534
C:\Users\Fame IT\Videos\rwn\438\Dataset\Dataset\Healthy Leaf\IMG20250502164106.jpg,Healthy Leaf,3535
C:\Users\Fame IT\Videos\rwn\438\Dataset\Dataset\Healthy Leaf\IMG20250502164109.jpg,Healthy Leaf,3537
C:\Users\Fame IT\Videos\rwn\438\Dataset\Dataset\Healthy Leaf\IMG20250502164111.jpg,Healthy Leaf,3538
C:\Users\Fame IT\Videos\rwn\438\Dataset\Dataset\Healthy Leaf\IMG20250502164112.jpg,Healthy Leaf,3538
C:\Users\Fame IT\Videos\rwn\438\Dataset\Dataset\Healthy Leaf\IMG20250502164117.jpg,Healthy Leaf,3539
C:\Users\Fame IT\Videos\rwn\438\Dataset\Dataset\Healthy Leaf\IMG20250502164118.jpg,Healthy Leaf,3540
C:\Users\Fame IT\Videos\rwn\438\Dataset\Dataset\Healthy Leaf\IMG20250502164120.jpg,Healthy Leaf,3541
C:\Users\Fame IT\Videos\rwn\438\Dataset\Dataset\Healthy Leaf\IMG20250502164121.jpg,Healthy Leaf,3540
C:\Users\Fame IT\Videos\rwn\438\Dataset\Dataset\Healthy Leaf\IMG20250502164122.jpg,Healthy Leaf,3540
C:\Users\Fame IT\Videos\rwn\438\Dataset\Dataset\Healthy Leaf\IMG20250502164125.jpg,Healthy Leaf,3542
C:\Users\Fame IT\Videos\rwn\438\Dataset\Dataset\Healthy Leaf\IMG20250502164126.jpg,Healthy Leaf,3542
C:\Users\Fame IT\Videos\rwn\438\Dataset\Dataset\Healthy Leaf\IMG20250502164128.jpg,Healthy Leaf,3542
C:\Users\Fame IT\Videos\rwn\438\Dataset\Dataset\Healthy Leaf\IMG20250502164131.jpg,Healthy Leaf,3544
C:\Users\Fame IT\Videos\rwn\438\Dataset\Dataset\Insect Chewing Damage\.trashed-1748413824-IMG20250428123009.jpg,Insect Chewing Damage,3547
C:\Users\Fame IT\Videos\rwn\438\Dataset\Dataset\Insect Chewing Damage\.trashed-1748414043-IMG20250428123356.jpg,Insect Chewing Damage,3548
C:\Users\Fame IT\Videos\rwn\438\Dataset\Dataset\Insect Chewing Damage\IMG20250428121632.jpg,Insect Chewing Damage,3549
C:\Users\Fame IT\Videos\rwn\438\Dataset\Dataset\Insect Chewing Damage\IMG20250428121634.jpg,Insect Chewing Damage,3549
C:\Users\Fame IT\Videos\rwn\438\Dataset\Dataset\Insect Chewing Damage\IMG20250428121717.jpg,Insect Chewing Damage,3551
C:\Users\Fame IT\Videos\rwn\438\Dataset\Dataset\Insect Chewing Damage\IMG20250428121720.jpg,Insect Chewing Damage,3551
C:\Users\Fame IT\Videos\rwn\438\Dataset\Dataset\Insect Chewing Damage\IMG20250428121722.jpg,Insect Chewing Damage,3551
C:\Users\Fame IT\Videos\rwn\438\Dataset\Dataset\Insect Chewing Damage\IMG20250428121723.jpg,Insect Chewing Damage,3551
C:\Users\Fame IT\Videos\rwn\438\Dataset\Dataset\Insect Chewing Damage\IMG20250428121747.jpg,Insect Chewing Damage,3552
C:\Users\Fame IT\Videos\rwn\438\Dataset\Dataset\Insect Chewing Damage\IMG20250428121749.jpg,Insect Chewing Damage,3553
C:\Users\Fame IT\Videos\rwn\438\Dataset\Dataset\Insect Chewing Damage\IMG20250428121859.jpg,Insect Chewing Damage,3554
C:\Users\Fame IT\Videos\rwn\438\Dataset\Dataset\Insect Chewing Damage\IMG20250428121901.jpg,Insect Chewing Damage,3556
C:\Users\Fame IT\Videos\rwn\438\Dataset\Dataset\Insect Chewing Damage\IMG20250428121908.jpg,Insect Chewing Damage,3557
C:\Users\Fame IT\Videos\rwn\438\Dataset\Dataset\Insect Chewing Damage\IMG20250428121908_01.jpg,Insect Chewing Damage,3557
C:\Users\Fame IT\Videos\rwn\438\Dataset\Dataset\Insect Chewing Damage\IMG20250428121909.jpg,Insect Chewing Damage,3557
C:\Users\Fame IT\Videos\rwn\438\Dataset\Dataset\Insect Chewing Damage\IMG20250428121909_01.jpg,Insect Chewing Damage,3557
C:\Users\Fame IT\Videos\rwn\438\Dataset\Dataset\Insect Chewing Damage\IMG20250428122018.jpg,Insect Chewing Damage,3560
C:\Users\Fame IT\Videos\rwn\438\Dataset\Dataset\Insect Chewing Damage\IMG20250428122020.jpg,Insect Chewing Damage,3561
C:\Users\Fame IT\Videos\rwn\438\Dataset\Dataset\Insect Chewing Damage\IMG20250428122021.jpg,Insect Chewing Damage,3561
C:\Users\Fame IT\Videos\rwn\438\Dataset\Dataset\Insect Chewing Damage\IMG20250428122022_01.jpg,Insect Chewing Damage,3562
C:\Users\Fame IT\Videos\rwn\438\Dataset\Dataset\Insect Chewing Damage\IMG20250428122023_01.jpg,Insect Chewing Damage,3562
C:\Users\Fame IT\Videos\rwn\438\Dataset\Dataset\Insect Chewing Damage\IMG20250428122027.jpg,Insect Chewing Damage,3563
C:\Users\Fame IT\Videos\rwn\438\Dataset\Dataset\Insect Chewing Damage\IMG20250428122035.jpg,Insect Chewing Damage,3564
C:\Users\Fame IT\Videos\rwn\438\Dataset\Dataset\Insect Chewing Damage\IMG20250428122036.jpg,Insect Chewing Damage,3565
C:\Users\Fame IT\Videos\rwn\438\Dataset\Dataset\Insect Chewing Damage\IMG20250428122107.jpg,Insect Chewing Damage,3567
C:\Users\Fame IT\Videos\rwn\438\Dataset\Dataset\Insect Chewing Damage\IMG20250428122111_01.jpg,Insect Chewing Damage,3569
C:\Users\Fame IT\Videos\rwn\438\Dataset\Dataset\Insect Chewing Damage\IMG20250428122112.jpg,Insect Chewing Damage,3569
C:\Users\Fame IT\Videos\rwn\438\Dataset\Dataset\Insect Chewing Damage\IMG20250428122112_01.jpg,Insect Chewing Damage,3569
C:\Users\Fame IT\Videos\rwn\438\Dataset\Dataset\Insect Chewing Damage\IMG20250428122134_01.jpg,Insect Chewing Damage,3571
C:\Users\Fame IT\Videos\rwn\438\Dataset\Dataset\Insect Chewing Damage\IMG20250428122139_02.jpg,Insect Chewing Damage,3573
C:\Users\Fame IT\Videos\rwn\438\Dataset\Dataset\Insect Chewing Damage\IMG20250428122140.jpg,Insect Chewing Damage,3573
C:\Users\Fame IT\Videos\rwn\438\Dataset\Dataset\Insect Chewing Damage\IMG20250428122148_01.jpg,Insect Chewing Damage,3575
C:\Users\Fame IT\Videos\rwn\438\Dataset\Dataset\Insect Chewing Damage\IMG20250428122223.jpg,Insect Chewing Damage,3578
C:\Users\Fame IT\Videos\rwn\438\Dataset\Dataset\Insect Chewing Damage\IMG20250428122223_01.jpg,Insect Chewing Damage,3579
C:\Users\Fame IT\Videos\rwn\438\Dataset\Dataset\Insect Chewing Damage\IMG20250428122226_01.jpg,Insect Chewing Damage,3580
C:\Users\Fame IT\Videos\rwn\438\Dataset\Dataset\Insect Chewing Damage\IMG20250428122227.jpg,Insect Chewing Damage,3581
C:\Users\Fame IT\Videos\rwn\438\Dataset\Dataset\Insect Chewing Damage\IMG20250428122232.jpg,Insect Chewing Damage,3582
C:\Users\Fame IT\Videos\rwn\438\Dataset\Dataset\Insect Chewing Damage\IMG20250428122234_01.jpg,Insect Chewing Damage,3583
C:\Users\Fame IT\Videos\rwn\438\Dataset\Dataset\Insect Chewing Damage\IMG20250428122236.jpg,Insect Chewing Damage,3583
C:\Users\Fame IT\Videos\rwn\438\Dataset\Dataset\Insect Chewing Damage\IMG20250428122236_01.jpg,Insect Chewing Damage,3584
C:\Users\Fame IT\Videos\rwn\438\Dataset\Dataset\Insect Chewing Damage\IMG20250428122238_01.jpg,Insect Chewing Damage,3584
C:\Users\Fame IT\Videos\rwn\438\Dataset\Dataset\Insect Chewing Damage\IMG20250428122239.jpg,Insect Chewing Damage,3584
C:\Users\Fame IT\Videos\rwn\438\Dataset\Dataset\Insect Chewing Damage\IMG20250428122240.jpg,Insect Chewing Damage,3584
C:\Users\Fame IT\Videos\rwn\438\Dataset\Dataset\Insect Chewing Damage\IMG20250428122240_01.jpg,Insect Chewing Damage,3584
C:\Users\Fame IT\Videos\rwn\438\Dataset\Dataset\Insect Chewing Damage\IMG20250428122241.jpg,Insect Chewing Damage,3584
C:\Users\Fame IT\Videos\rwn\438\Dataset\Dataset\Insect Chewing Damage\IMG20250428122259.jpg,Insect Chewing Damage,3586
C:\Users\Fame IT\Videos\rwn\438\Dataset\Dataset\Insect Chewing Damage\IMG20250428122301.jpg,Insect Chewing Damage,3586
C:\Users\Fame IT\Videos\rwn\438\Dataset\Dataset\Insect Chewing Damage\IMG20250428122302_01.jpg,Insect Chewing Damage,3586
C:\Users\Fame IT\Videos\rwn\438\Dataset\Dataset\Insect Chewing Damage\IMG20250428122303.jpg,Insect Chewing Damage,3586
C:\Users\Fame IT\Videos\rwn\438\Dataset\Dataset\Insect Chewing Damage\IMG20250428122303_01.jpg,Insect Chewing Damage,3586
C:\Users\Fame IT\Videos\rwn\438\Dataset\Dataset\Insect Chewing Damage\IMG20250428122309.jpg,Insect Chewing Damage,3587
C:\Users\Fame IT\Videos\rwn\438\Dataset\Dataset\Insect Chewing Damage\IMG20250428122309_01.jpg,Insect Chewing Damage,3588
C:\Users\Fame IT\Videos\rwn\438\Dataset\Dataset\Insect Chewing Damage\IMG20250428122310.jpg,Insect Chewing Damage,3589
C:\Users\Fame IT\Videos\rwn\438\Dataset\Dataset\Insect Chewing Damage\IMG20250428122310_01.jpg,Insect Chewing Damage,3589
C:\Users\Fame IT\Videos\rwn\438\Dataset\Dataset\Insect Chewing Damage\IMG20250428122858.jpg,Insect Chewing Damage,3592
C:\Users\Fame IT\Videos\rwn\438\Dataset\Dataset\Insect Chewing Damage\IMG20250428123027.jpg,Insect Chewing Damage,3593
C:\Users\Fame IT\Videos\rwn\438\Dataset\Dataset\Insect Chewing Damage\IMG20250428123052.jpg,Insect Chewing Damage,3596
C:\Users\Fame IT\Videos\rwn\438\Dataset\Dataset\Insect Chewing Damage\IMG20250428123132.jpg,Insect Chewing Damage,3601
C:\Users\Fame IT\Videos\rwn\438\Dataset\Dataset\Insect Chewing Damage\IMG20250428123133.jpg,Insect Chewing Damage,3602
C:\Users\Fame IT\Videos\rwn\438\Dataset\Dataset\Insect Chewing Damage\IMG20250428123144.jpg,Insect Chewing Damage,3603
C:\Users\Fame IT\Videos\rwn\438\Dataset\Dataset\Insect Chewing Damage\IMG20250428123145_01.jpg,Insect Chewing Damage,3604
C:\Users\Fame IT\Videos\rwn\438\Dataset\Dataset\Insect Chewing Damage\IMG20250428123146.jpg,Insect Chewing Damage,3605
C:\Users\Fame IT\Videos\rwn\438\Dataset\Dataset\Insect Chewing Damage\IMG20250428123149.jpg,Insect Chewing Damage,3604
C:\Users\Fame IT\Videos\rwn\438\Dataset\Dataset\Insect Chewing Damage\IMG20250428123152_01.jpg,Insect Chewing Damage,3607
C:\Users\Fame IT\Videos\rwn\438\Dataset\Dataset\Insect Chewing Damage\IMG20250428123153.jpg,Insect Chewing Damage,3607
C:\Users\Fame IT\Videos\rwn\438\Dataset\Dataset\Insect Chewing Damage\IMG20250428123153_01.jpg,Insect Chewing Damage,3607
C:\Users\Fame IT\Videos\rwn\438\Dataset\Dataset\Insect Chewing Damage\IMG20250428123154.jpg,Insect Chewing Damage,3607
C:\Users\Fame IT\Videos\rwn\438\Dataset\Dataset\Insect Chewing Damage\IMG20250428123205.jpg,Insect Chewing Damage,3608
C:\Users\Fame IT\Videos\rwn\438\Dataset\Dataset\Insect Chewing Damage\IMG20250428123205_01.jpg,Insect Chewing Damage,3609
C:\Users\Fame IT\Videos\rwn\438\Dataset\Dataset\Insect Chewing Damage\IMG20250428123206.jpg,Insect Chewing Damage,3609
C:\Users\Fame IT\Videos\rwn\438\Dataset\Dataset\Insect Chewing Damage\IMG20250428123210_01.jpg,Insect Chewing Damage,3608
C:\Users\Fame IT\Videos\rwn\438\Dataset\Dataset\Insect Chewing Damage\IMG20250428123211.jpg,Insect Chewing Damage,3608
C:\Users\Fame IT\Videos\rwn\438\Dataset\Dataset\Insect Chewing Damage\IMG20250428123211_01.jpg,Insect Chewing Damage,3612
C:\Users\Fame IT\Videos\rwn\438\Dataset\Dataset\Insect Chewing Damage\IMG20250428123212.jpg,Insect Chewing Damage,3613
C:\Users\Fame IT\Videos\rwn\438\Dataset\Dataset\Insect Chewing Damage\IMG20250428123213.jpg,Insect Chewing Damage,3613
C:\Users\Fame IT\Videos\rwn\438\Dataset\Dataset\Insect Chewing Damage\IMG20250428123220.jpg,Insect Chewing Damage,3614
C:\Users\Fame IT\Videos\rwn\438\Dataset\Dataset\Insect Chewing Damage\IMG20250428123220_01.jpg,Insect Chewing Damage,3614
C:\Users\Fame IT\Videos\rwn\438\Dataset\Dataset\Insect Chewing Damage\IMG20250428123220_02.jpg,Insect Chewing Damage,3614
C:\Users\Fame IT\Videos\rwn\438\Dataset\Dataset\Insect Chewing Damage\IMG20250428123221.jpg,Insect Chewing Damage,3614
C:\Users\Fame IT\Videos\rwn\438\Dataset\Dataset\Insect Chewing Damage\IMG20250428123221_01.jpg,Insect Chewing Damage,3614
C:\Users\Fame IT\Videos\rwn\438\Dataset\Dataset\Insect Chewing Damage\IMG20250428123222.jpg,Insect Chewing Damage,3614
C:\Users\Fame IT\Videos\rwn\438\Dataset\Dataset\Insect Chewing Damage\IMG20250428123228_01.jpg,Insect Chewing Damage,3615
C:\Users\Fame IT\Videos\rwn\438\Dataset\Dataset\Insect Chewing Damage\IMG20250428123229.jpg,Insect Chewing Damage,3615
C:\Users\Fame IT\Videos\rwn\438\Dataset\Dataset\Insect Chewing Damage\IMG20250428123231_01.jpg,Insect Chewing Damage,3615
C:\Users\Fame IT\Videos\rwn\438\Dataset\Dataset\Insect Chewing Damage\IMG20250428123232_01.jpg,Insect Chewing Damage,3615
C:\Users\Fame IT\Videos\rwn\438\Dataset\Dataset\Insect Chewing Damage\IMG20250428123233.jpg,Insect Chewing Damage,3615
C:\Users\Fame IT\Videos\rwn\438\Dataset\Dataset\Insect Chewing Damage\IMG20250428123233_01.jpg,Insect Chewing Damage,3615
C:\Users\Fame IT\Videos\rwn\438\Dataset\Dataset\Insect Chewing Damage\IMG20250428123234.jpg,Insect Chewing Damage,3615
C:\Users\Fame IT\Videos\rwn\438\Dataset\Dataset\Insect Chewing Damage\IMG20250428123235_01.jpg,Insect Chewing Damage,3615
C:\Users\Fame IT\Videos\rwn\438\Dataset\Dataset\Insect Chewing Damage\IMG20250428123235_02.jpg,Insect Chewing Damage,3615
C:\Users\Fame IT\Videos\rwn\438\Dataset\Dataset\Insect Chewing Damage\IMG20250428123236.jpg,Insect Chewing Damage,3615
C:\Users\Fame IT\Videos\rwn\438\Dataset\Dataset\Insect Chewing Damage\IMG20250428123236_01.jpg,Insect Chewing Damage,3615
C:\Users\Fame IT\Videos\rwn\438\Dataset\Dataset\Insect Chewing Damage\IMG20250428123237.jpg,Insect Chewing Damage,3615
C:\Users\Fame IT\Videos\rwn\438\Dataset\Dataset\Insect Chewing Damage\IMG20250428123237_01.jpg,Insect Chewing Damage,3615
C:\Users\Fame IT\Videos\rwn\438\Dataset\Dataset\Insect Chewing Damage\IMG20250428123238.jpg,Insect Chewing Damage,3615
C:\Users\Fame IT\Videos\rwn\438\Dataset\Dataset\Insect Chewing Damage\IMG20250428123238_01.jpg,Insect Chewing Damage,3615
C:\Users\Fame IT\Videos\rwn\438\Dataset\Dataset\Insect Chewing Damage\IMG20250428123239.jpg,Insect Chewing Damage,3615
C:\Users\Fame IT\Videos\rwn\438\Dataset\Dataset\Insect Chewing Damage\IMG20250428123240.jpg,Insect Chewing Damage,3615
C:\Users\Fame IT\Videos\rwn\438\Dataset\Dataset\Insect Chewing Damage\IMG20250428123241.jpg,Insect Chewing Damage,3615
C:\Users\Fame IT\Videos\rwn\438\Dataset\Dataset\Insect Chewing Damage\IMG20250428123241_01.jpg,Insect Chewing Damage,3615
C:\Users\Fame IT\Videos\rwn\438\Dataset\Dataset\Insect Chewing Damage\IMG20250428123242.jpg,Insect Chewing Damage,3615
C:\Users\Fame IT\Videos\rwn\438\Dataset\Dataset\Insect Chewing Damage\IMG20250428123243.jpg,Insect Chewing Damage,3615
C:\Users\Fame IT\Videos\rwn\438\Dataset\Dataset\Insect Chewing Damage\IMG20250428123243_01.jpg,Insect Chewing Damage,3615
C:\Users\Fame IT\Videos\rwn\438\Dataset\Dataset\Insect Chewing Damage\IMG20250428123243_02.jpg,Insect Chewing Damage,3615
C:\Users\Fame IT\Videos\rwn\438\Dataset\Dataset\Insect Chewing Damage\IMG20250428123244.jpg,Insect Chewing Damage,3615
C:\Users\Fame IT\Videos\rwn\438\Dataset\Dataset\Insect Chewing Damage\IMG20250428123244_01.jpg,Insect Chewing Damage,3615
C:\Users\Fame IT\Videos\rwn\438\Dataset\Dataset\Insect Chewing Damage\IMG20250428123245.jpg,Insect Chewing Damage,3615
C:\Users\Fame IT\Videos\rwn\438\Dataset\Dataset\Insect Chewing Damage\IMG20250428123245_01.jpg,Insect Chewing Damage,3615
C:\Users\Fame IT\Videos\rwn\438\Dataset\Dataset\Insect Chewing Damage\IMG20250428123247.jpg,Insect Chewing Damage,3615
C:\Users\Fame IT\Videos\rwn\438\Dataset\Dataset\Insect Chewing Damage\IMG20250428123247_01.jpg,Insect Chewing Damage,3615
C:\Users\Fame IT\Videos\rwn\438\Dataset\Dataset\Insect Chewing Damage\IMG20250428123249.jpg,Insect Chewing Damage,3615
C:\Users\Fame IT\Videos\rwn\438\Dataset\Dataset\Insect Chewing Damage\IMG20250428123249_01.jpg,Insect Chewing Damage,3615
C:\Users\Fame IT\Videos\rwn\438\Dataset\Dataset\Insect Chewing Damage\IMG20250428123251.jpg,Insect Chewing Damage,3615
C:\Users\Fame IT\Videos\rwn\438\Dataset\Dataset\Insect Chewing Damage\IMG20250428123251_01.jpg,Insect Chewing Damage,3615
C:\Users\Fame IT\Videos\rwn\438\Dataset\Dataset\Insect Chewing Damage\IMG20250428123253.jpg,Insect Chewing Damage,3615
C:\Users\Fame IT\Videos\rwn\438\Dataset\Dataset\Insect Chewing Damage\IMG20250428123253_01.jpg,Insect Chewing Damage,3615
C:\Users\Fame IT\Videos\rwn\438\Dataset\Dataset\Insect Chewing Damage\IMG20250428123259.jpg,Insect Chewing Damage,3616
C:\Users\Fame IT\Videos\rwn\438\Dataset\Dataset\Insect Chewing Damage\IMG20250428123300.jpg,Insect Chewing Damage,3617
C:\Users\Fame IT\Videos\rwn\438\Dataset\Dataset\Insect Chewing Damage\IMG20250428123300_01.jpg,Insect Chewing Damage,3618
C:\Users\Fame IT\Videos\rwn\438\Dataset\Dataset\Insect Chewing Damage\IMG20250428123309.jpg,Insect Chewing Damage,3621
C:\Users\Fame IT\Videos\rwn\438\Dataset\Dataset\Insect Chewing Damage\IMG20250428123313.jpg,Insect Chewing Damage,3622
C:\Users\Fame IT\Videos\rwn\438\Dataset\Dataset\Insect Chewing Damage\IMG20250428123313_01.jpg,Insect Chewing Damage,3622
C:\Users\Fame IT\Videos\rwn\438\Dataset\Dataset\Insect Chewing Damage\IMG20250428123313_02.jpg,Insect Chewing Damage,3622
C:\Users\Fame IT\Videos\rwn\438\Dataset\Dataset\Insect Chewing Damage\IMG20250428123318.jpg,Insect Chewing Damage,3622
C:\Users\Fame IT\Videos\rwn\438\Dataset\Dataset\Insect Chewing Damage\IMG20250428123318_01.jpg,Insect Chewing Damage,3622
C:\Users\Fame IT\Videos\rwn\438\Dataset\Dataset\Insect Chewing Damage\IMG20250428123319.jpg,Insect Chewing Damage,3622
C:\Users\Fame IT\Videos\rwn\438\Dataset\Dataset\Insect Chewing Damage\IMG20250428123329_01.jpg,Insect Chewing Damage,3623
C:\Users\Fame IT\Videos\rwn\438\Dataset\Dataset\Insect Chewing Damage\IMG20250428123330_01.jpg,Insect Chewing Damage,3623
C:\Users\Fame IT\Videos\rwn\438\Dataset\Dataset\Insect Chewing Damage\IMG20250428123330_02.jpg,Insect Chewing Damage,3624
C:\Users\Fame IT\Videos\rwn\438\Dataset\Dataset\Insect Chewing Damage\IMG20250428123332.jpg,Insect Chewing Damage,3623
C:\Users\Fame IT\Videos\rwn\438\Dataset\Dataset\Insect Chewing Damage\IMG20250428123332_01.jpg,Insect Chewing Damage,3623
C:\Users\Fame IT\Videos\rwn\438\Dataset\Dataset\Insect Chewing Damage\IMG20250428123334.jpg,Insect Chewing Damage,3625
C:\Users\Fame IT\Videos\rwn\438\Dataset\Dataset\Insect Chewing Damage\IMG20250428123334_01.jpg,Insect Chewing Damage,3625
C:\Users\Fame IT\Videos\rwn\438\Dataset\Dataset\Insect Chewing Damage\IMG20250428123413.jpg,Insect Chewing Damage,3626
C:\Users\Fame IT\Videos\rwn\438\Dataset\Dataset\Insect Chewing Damage\IMG20250428123437.jpg,Insect Chewing Damage,3629
C:\Users\Fame IT\Videos\rwn\438\Dataset\Dataset\Insect Chewing Damage\IMG20250428123438.jpg,Insect Chewing Damage,3630
C:\Users\Fame IT\Videos\rwn\438\Dataset\Dataset\Insect Chewing Damage\IMG20250428123445.jpg,Insect Chewing Damage,3631
C:\Users\Fame IT\Videos\rwn\438\Dataset\Dataset\Insect Chewing Damage\IMG20250428123447_01.jpg,Insect Chewing Damage,3633
C:\Users\Fame IT\Videos\rwn\438\Dataset\Dataset\Insect Chewing Damage\IMG20250428123449_01.jpg,Insect Chewing Damage,3634
C:\Users\Fame IT\Videos\rwn\438\Dataset\Dataset\Insect Chewing Damage\IMG20250428123450.jpg,Insect Chewing Damage,3634
C:\Users\Fame IT\Videos\rwn\438\Dataset\Dataset\Insect Chewing Damage\IMG20250428123451.jpg,Insect Chewing Damage,3634
C:\Users\Fame IT\Videos\rwn\438\Dataset\Dataset\Insect Chewing Damage\IMG20250428123452.jpg,Insect Chewing Damage,3634
C:\Users\Fame IT\Videos\rwn\438\Dataset\Dataset\Insect Chewing Damage\IMG20250428123458_01.jpg,Insect Chewing Damage,3635
C:\Users\Fame IT\Videos\rwn\438\Dataset\Dataset\Insect Chewing Damage\IMG20250428123459.jpg,Insect Chewing Damage,3635
C:\Users\Fame IT\Videos\rwn\438\Dataset\Dataset\Insect Chewing Damage\IMG20250428123510 - Copy.jpg,Insect Chewing Damage,3636
C:\Users\Fame IT\Videos\rwn\438\Dataset\Dataset\Insect Chewing Damage\IMG20250428123511_01.jpg,Insect Chewing Damage,3636
C:\Users\Fame IT\Videos\rwn\438\Dataset\Dataset\Insect Chewing Damage\IMG20250428123516.jpg,Insect Chewing Damage,3636
C:\Users\Fame IT\Videos\rwn\438\Dataset\Dataset\Insect Chewing Damage\IMG20250428123517.jpg,Insect Chewing Damage,3636
C:\Users\Fame IT\Videos\rwn\438\Dataset\Dataset\Insect Chewing Damage\IMG20250428123518_01.jpg,Insect Chewing Damage,3637
C:\Users\Fame IT\Videos\rwn\438\Dataset\Dataset\Insect Chewing Damage\IMG20250428123519.jpg,Insect Chewing Damage,3637
C:\Users\Fame IT\Videos\rwn\438\Dataset\Dataset\Insect Chewing Damage\IMG20250428123519_01.jpg,Insect Chewing Damage,3637
C:\Users\Fame IT\Videos\rwn\438\Dataset\Dataset\Insect Chewing Damage\IMG20250428123523.jpg,Insect Chewing Damage,3639
C:\Users\Fame IT\Videos\rwn\438\Dataset\Dataset\Insect Chewing Damage\IMG20250428123525.jpg,Insect Chewing Damage,3639
C:\Users\Fame IT\Videos\rwn\438\Dataset\Dataset\Insect Chewing Damage\IMG20250428123526.jpg,Insect Chewing Damage,3639
C:\Users\Fame IT\Videos\rwn\438\Dataset\Dataset\Insect Chewing Damage\IMG20250428123526_01.jpg,Insect Chewing Damage,3639
C:\Users\Fame IT\Videos\rwn\438\Dataset\Dataset\Insect Chewing Damage\IMG20250428123527.jpg,Insect Chewing Damage,3639
C:\Users\Fame IT\Videos\rwn\438\Dataset\Dataset\Insect Chewing Damage\IMG20250428123528.jpg,Insect Chewing Damage,3639
C:\Users\Fame IT\Videos\rwn\438\Dataset\Dataset\Insect Chewing Damage\IMG20250428123548.jpg,Insect Chewing Damage,3640
C:\Users\Fame IT\Videos\rwn\438\Dataset\Dataset\Insect Chewing Damage\IMG20250428123549.jpg,Insect Chewing Damage,3641
C:\Users\Fame IT\Videos\rwn\438\Dataset\Dataset\Insect Chewing Damage\IMG20250428123550.jpg,Insect Chewing Damage,3642
C:\Users\Fame IT\Videos\rwn\438\Dataset\Dataset\Insect Chewing Damage\IMG20250428123550_01.jpg,Insect Chewing Damage,3642
C:\Users\Fame IT\Videos\rwn\438\Dataset\Dataset\Insect Chewing Damage\IMG20250428123551.jpg,Insect Chewing Damage,3643
C:\Users\Fame IT\Videos\rwn\438\Dataset\Dataset\Insect Chewing Damage\IMG20250428123551_01.jpg,Insect Chewing Damage,3643
C:\Users\Fame IT\Videos\rwn\438\Dataset\Dataset\Insect Chewing Damage\IMG20250428123552.jpg,Insect Chewing Damage,3643
C:\Users\Fame IT\Videos\rwn\438\Dataset\Dataset\Insect Chewing Damage\IMG20250428123552_01.jpg,Insect Chewing Damage,3642
C:\Users\Fame IT\Videos\rwn\438\Dataset\Dataset\Insect Chewing Damage\IMG20250428123553.jpg,Insect Chewing Damage,3643
C:\Users\Fame IT\Videos\rwn\438\Dataset\Dataset\Insect Chewing Damage\IMG20250428123553_01.jpg,Insect Chewing Damage,3642
C:\Users\Fame IT\Videos\rwn\438\Dataset\Dataset\Insect Chewing Damage\IMG20250428123603.jpg,Insect Chewing Damage,3644
C:\Users\Fame IT\Videos\rwn\438\Dataset\Dataset\Insect Chewing Damage\IMG20250428123606.jpg,Insect Chewing Damage,3645
C:\Users\Fame IT\Videos\rwn\438\Dataset\Dataset\Insect Chewing Damage\IMG20250428123606_01.jpg,Insect Chewing Damage,3645
C:\Users\Fame IT\Videos\rwn\438\Dataset\Dataset\Insect Chewing Damage\IMG20250428123609_01.jpg,Insect Chewing Damage,3646
C:\Users\Fame IT\Videos\rwn\438\Dataset\Dataset\Insect Chewing Damage\IMG20250428123610_01.jpg,Insect Chewing Damage,3647
C:\Users\Fame IT\Videos\rwn\438\Dataset\Dataset\Insect Chewing Damage\IMG20250428123611.jpg,Insect Chewing Damage,3647
C:\Users\Fame IT\Videos\rwn\438\Dataset\Dataset\Insect Chewing Damage\IMG20250428123651.jpg,Insect Chewing Damage,3651
C:\Users\Fame IT\Videos\rwn\438\Dataset\Dataset\Insect Chewing Damage\IMG20250428123655_01.jpg,Insect Chewing Damage,3652
C:\Users\Fame IT\Videos\rwn\438\Dataset\Dataset\Insect Chewing Damage\IMG20250428123707.jpg,Insect Chewing Damage,3653
C:\Users\Fame IT\Videos\rwn\438\Dataset\Dataset\Insect Chewing Damage\IMG20250428123710.jpg,Insect Chewing Damage,3654
C:\Users\Fame IT\Videos\rwn\438\Dataset\Dataset\Insect Chewing Damage\IMG20250428123711.jpg,Insect Chewing Damage,3654
C:\Users\Fame IT\Videos\rwn\438\Dataset\Dataset\Insect Chewing Damage\IMG20250428123714.jpg,Insect Chewing Damage,3654
C:\Users\Fame IT\Videos\rwn\438\Dataset\Dataset\Insect Chewing Damage\IMG20250428123715.jpg,Insect Chewing Damage,3654
C:\Users\Fame IT\Videos\rwn\438\Dataset\Dataset\Insect Chewing Damage\IMG20250428123716_01.jpg,Insect Chewing Damage,3654
C:\Users\Fame IT\Videos\rwn\438\Dataset\Dataset\Insect Chewing Damage\IMG20250428123717.jpg,Insect Chewing Damage,3654
C:\Users\Fame IT\Videos\rwn\438\Dataset\Dataset\Insect Chewing Damage\IMG20250428123718.jpg,Insect Chewing Damage,3654
C:\Users\Fame IT\Videos\rwn\438\Dataset\Dataset\Insect Chewing Damage\IMG20250428123726.jpg,Insect Chewing Damage,3657
C:\Users\Fame IT\Videos\rwn\438\Dataset\Dataset\Insect Chewing Damage\IMG20250428123733.jpg,Insect Chewing Damage,3659
C:\Users\Fame IT\Videos\rwn\438\Dataset\Dataset\Insect Chewing Damage\IMG20250428123734.jpg,Insect Chewing Damage,3660
C:\Users\Fame IT\Videos\rwn\438\Dataset\Dataset\Insect Chewing Damage\IMG20250428123734_01.jpg,Insect Chewing Damage,3661
C:\Users\Fame IT\Videos\rwn\438\Dataset\Dataset\Insect Chewing Damage\IMG20250428123749.jpg,Insect Chewing Damage,3662
C:\Users\Fame IT\Videos\rwn\438\Dataset\Dataset\Insect Chewing Damage\IMG20250428123750_02.jpg,Insect Chewing Damage,3662
C:\Users\Fame IT\Videos\rwn\438\Dataset\Dataset\Insect Chewing Damage\IMG20250428123751.jpg,Insect Chewing Damage,3662
C:\Users\Fame IT\Videos\rwn\438\Dataset\Dataset\Insect Chewing Damage\IMG20250428123754.jpg,Insect Chewing Damage,3662
C:\Users\Fame IT\Videos\rwn\438\Dataset\Dataset\Insect Chewing Damage\IMG20250428123754_01.jpg,Insect Chewing Damage,3662
C:\Users\Fame IT\Videos\rwn\438\Dataset\Dataset\Insect Chewing Damage\IMG20250428123755.jpg,Insect Chewing Damage,3662
C:\Users\Fame IT\Videos\rwn\438\Dataset\Dataset\Insect Chewing Damage\IMG20250428123757.jpg,Insect Chewing Damage,3664
C:\Users\Fame IT\Videos\rwn\438\Dataset\Dataset\Insect Chewing Damage\IMG20250428123757_01.jpg,Insect Chewing Damage,3664
C:\Users\Fame IT\Videos\rwn\438\Dataset\Dataset\Insect Chewing Damage\IMG20250428123758.jpg,Insect Chewing Damage,3664
C:\Users\Fame IT\Videos\rwn\438\Dataset\Dataset\Insect Chewing Damage\IMG20250428123759.jpg,Insect Chewing Damage,3664
C:\Users\Fame IT\Videos\rwn\438\Dataset\Dataset\Insect Chewing Damage\IMG20250428123805.jpg,Insect Chewing Damage,3666
C:\Users\Fame IT\Videos\rwn\438\Dataset\Dataset\Insect Chewing Damage\IMG20250428123806.jpg,Insect Chewing Damage,3666
C:\Users\Fame IT\Videos\rwn\438\Dataset\Dataset\Insect Chewing Damage\IMG20250428123806_01.jpg,Insect Chewing Damage,3666
C:\Users\Fame IT\Videos\rwn\438\Dataset\Dataset\Insect Chewing Damage\IMG20250428123807.jpg,Insect Chewing Damage,3666
C:\Users\Fame IT\Videos\rwn\438\Dataset\Dataset\Insect Chewing Damage\IMG20250428123808.jpg,Insect Chewing Damage,3666
C:\Users\Fame IT\Videos\rwn\438\Dataset\Dataset\Insect Chewing Damage\IMG20250428123810.jpg,Insect Chewing Damage,3666
C:\Users\Fame IT\Videos\rwn\438\Dataset\Dataset\Insect Chewing Damage\IMG20250428123811.jpg,Insect Chewing Damage,3667
C:\Users\Fame IT\Videos\rwn\438\Dataset\Dataset\Insect Chewing Damage\IMG20250428123813.jpg,Insect Chewing Damage,3667
C:\Users\Fame IT\Videos\rwn\438\Dataset\Dataset\Insect Chewing Damage\IMG20250428123814.jpg,Insect Chewing Damage,3667
C:\Users\Fame IT\Videos\rwn\438\Dataset\Dataset\Insect Chewing Damage\IMG20250428123815.jpg,Insect Chewing Damage,3667
C:\Users\Fame IT\Videos\rwn\438\Dataset\Dataset\Insect Chewing Damage\IMG20250428123816.jpg,Insect Chewing Damage,3667
C:\Users\Fame IT\Videos\rwn\438\Dataset\Dataset\Insect Chewing Damage\IMG20250428123817.jpg,Insect Chewing Damage,3667
C:\Users\Fame IT\Videos\rwn\438\Dataset\Dataset\Insect Chewing Damage\IMG20250428123818_01.jpg,Insect Chewing Damage,3667
C:\Users\Fame IT\Videos\rwn\438\Dataset\Dataset\Insect Chewing Damage\IMG20250428123835_01.jpg,Insect Chewing Damage,3669
C:\Users\Fame IT\Videos\rwn\438\Dataset\Dataset\Insect Chewing Damage\IMG20250428123852.jpg,Insect Chewing Damage,3671
C:\Users\Fame IT\Videos\rwn\438\Dataset\Dataset\Insect Chewing Damage\IMG20250428123854.jpg,Insect Chewing Damage,3671
C:\Users\Fame IT\Videos\rwn\438\Dataset\Dataset\Insect Chewing Damage\IMG20250428123856_01.jpg,Insect Chewing Damage,3671
C:\Users\Fame IT\Videos\rwn\438\Dataset\Dataset\Insect Chewing Damage\IMG20250428123857.jpg,Insect Chewing Damage,3671
C:\Users\Fame IT\Videos\rwn\438\Dataset\Dataset\Insect Chewing Damage\IMG20250428123910_01.jpg,Insect Chewing Damage,3675
C:\Users\Fame IT\Videos\rwn\438\Dataset\Dataset\Insect Chewing Damage\IMG20250428123911.jpg,Insect Chewing Damage,3676
C:\Users\Fame IT\Videos\rwn\438\Dataset\Dataset\Insect Chewing Damage\IMG20250428123912.jpg,Insect Chewing Damage,3675
C:\Users\Fame IT\Videos\rwn\438\Dataset\Dataset\Insect Chewing Damage\IMG20250428123913.jpg,Insect Chewing Damage,3677
C:\Users\Fame IT\Videos\rwn\438\Dataset\Dataset\Insect Chewing Damage\IMG20250428123914.jpg,Insect Chewing Damage,3677
C:\Users\Fame IT\Videos\rwn\438\Dataset\Dataset\Insect Chewing Damage\IMG20250428123915_01.jpg,Insect Chewing Damage,3677
C:\Users\Fame IT\Videos\rwn\438\Dataset\Dataset\Insect Chewing Damage\IMG20250428123917_01.jpg,Insect Chewing Damage,3677
C:\Users\Fame IT\Videos\rwn\438\Dataset\Dataset\Insect Chewing Damage\IMG20250428123918_01.jpg,Insect Chewing Damage,3678
C:\Users\Fame IT\Videos\rwn\438\Dataset\Dataset\Insect Chewing Damage\IMG20250428123920.jpg,Insect Chewing Damage,3678
C:\Users\Fame IT\Videos\rwn\438\Dataset\Dataset\Insect Chewing Damage\IMG20250428123920_01.jpg,Insect Chewing Damage,3678
C:\Users\Fame IT\Videos\rwn\438\Dataset\Dataset\Insect Chewing Damage\IMG20250428123921.jpg,Insect Chewing Damage,3678
C:\Users\Fame IT\Videos\rwn\438\Dataset\Dataset\Insect Chewing Damage\IMG20250428123921_01.jpg,Insect Chewing Damage,3678
C:\Users\Fame IT\Videos\rwn\438\Dataset\Dataset\Insect Chewing Damage\IMG20250428123922.jpg,Insect Chewing Damage,3678
C:\Users\Fame IT\Videos\rwn\438\Dataset\Dataset\Insect Chewing Damage\IMG20250428123923.jpg,Insect Chewing Damage,3678
C:\Users\Fame IT\Videos\rwn\438\Dataset\Dataset\Insect Chewing Damage\IMG20250428123924.jpg,Insect Chewing Damage,3678
C:\Users\Fame IT\Videos\rwn\438\Dataset\Dataset\Insect Chewing Damage\IMG20250428123924_02.jpg,Insect Chewing Damage,3678
C:\Users\Fame IT\Videos\rwn\438\Dataset\Dataset\Insect Chewing Damage\IMG20250428123930.jpg,Insect Chewing Damage,3679
C:\Users\Fame IT\Videos\rwn\438\Dataset\Dataset\Insect Chewing Damage\IMG20250428123932.jpg,Insect Chewing Damage,3680
C:\Users\Fame IT\Videos\rwn\438\Dataset\Dataset\Insect Chewing Damage\IMG20250428123933.jpg,Insect Chewing Damage,3681
C:\Users\Fame IT\Videos\rwn\438\Dataset\Dataset\Insect Chewing Damage\IMG20250428123938_01.jpg,Insect Chewing Damage,3683
C:\Users\Fame IT\Videos\rwn\438\Dataset\Dataset\Insect Chewing Damage\IMG20250428123939_01.jpg,Insect Chewing Damage,3683
C:\Users\Fame IT\Videos\rwn\438\Dataset\Dataset\Insect Chewing Damage\IMG20250428123941.jpg,Insect Chewing Damage,3683
C:\Users\Fame IT\Videos\rwn\438\Dataset\Dataset\Insect Chewing Damage\IMG20250428123946_01.jpg,Insect Chewing Damage,3684
C:\Users\Fame IT\Videos\rwn\438\Dataset\Dataset\Insect Chewing Damage\IMG20250428123947.jpg,Insect Chewing Damage,3684
C:\Users\Fame IT\Videos\rwn\438\Dataset\Dataset\Insect Chewing Damage\IMG20250428123955.jpg,Insect Chewing Damage,3685
C:\Users\Fame IT\Videos\rwn\438\Dataset\Dataset\Insect Chewing Damage\IMG20250428123957.jpg,Insect Chewing Damage,3685
C:\Users\Fame IT\Videos\rwn\438\Dataset\Dataset\Insect Chewing Damage\IMG20250428123958.jpg,Insect Chewing Damage,3685
C:\Users\Fame IT\Videos\rwn\438\Dataset\Dataset\Insect Chewing Damage\IMG20250428124027.jpg,Insect Chewing Damage,3687
C:\Users\Fame IT\Videos\rwn\438\Dataset\Dataset\Insect Chewing Damage\IMG20250428124028_01.jpg,Insect Chewing Damage,3689
C:\Users\Fame IT\Videos\rwn\438\Dataset\Dataset\Insect Chewing Damage\IMG20250428124033.jpg,Insect Chewing Damage,3691
C:\Users\Fame IT\Videos\rwn\438\Dataset\Dataset\Insect Chewing Damage\IMG20250428124036.jpg,Insect Chewing Damage,3692
C:\Users\Fame IT\Videos\rwn\438\Dataset\Dataset\Insect Chewing Damage\IMG20250428124059.jpg,Insect Chewing Damage,3696
C:\Users\Fame IT\Videos\rwn\438\Dataset\Dataset\Insect Chewing Damage\IMG20250428124100.jpg,Insect Chewing Damage,3697
C:\Users\Fame IT\Videos\rwn\438\Dataset\Dataset\Insect Chewing Damage\IMG20250428124100_01.jpg,Insect Chewing Damage,3697
C:\Users\Fame IT\Videos\rwn\438\Dataset\Dataset\Insect Chewing Damage\IMG20250428124101.jpg,Insect Chewing Damage,3696
C:\Users\Fame IT\Videos\rwn\438\Dataset\Dataset\Insect Chewing Damage\IMG20250428124102.jpg,Insect Chewing Damage,3696
C:\Users\Fame IT\Videos\rwn\438\Dataset\Dataset\Insect Chewing Damage\IMG20250428124106.jpg,Insect Chewing Damage,3696
C:\Users\Fame IT\Videos\rwn\438\Dataset\Dataset\Insect Chewing Damage\IMG20250428124106_01.jpg,Insect Chewing Damage,3696
C:\Users\Fame IT\Videos\rwn\438\Dataset\Dataset\Insect Chewing Damage\IMG20250428124107.jpg,Insect Chewing Damage,3696
C:\Users\Fame IT\Videos\rwn\438\Dataset\Dataset\Insect Chewing Damage\IMG20250428124108.jpg,Insect Chewing Damage,3696
C:\Users\Fame IT\Videos\rwn\438\Dataset\Dataset\Insect Chewing Damage\IMG20250428124619_01.jpg,Insect Chewing Damage,3699
C:\Users\Fame IT\Videos\rwn\438\Dataset\Dataset\Insect Chewing Damage\IMG20250428124622.jpg,Insect Chewing Damage,3700
C:\Users\Fame IT\Videos\rwn\438\Dataset\Dataset\Insect Chewing Damage\IMG20250428124625.jpg,Insect Chewing Damage,3700
C:\Users\Fame IT\Videos\rwn\438\Dataset\Dataset\Insect Chewing Damage\IMG20250428124626.jpg,Insect Chewing Damage,3700
C:\Users\Fame IT\Videos\rwn\438\Dataset\Dataset\Insect Chewing Damage\IMG20250428124627.jpg,Insect Chewing Damage,3700
C:\Users\Fame IT\Videos\rwn\438\Dataset\Dataset\Insect Chewing Damage\IMG20250428124628.jpg,Insect Chewing Damage,3700
C:\Users\Fame IT\Videos\rwn\438\Dataset\Dataset\Insect Chewing Damage\IMG20250428124629.jpg,Insect Chewing Damage,3700
C:\Users\Fame IT\Videos\rwn\438\Dataset\Dataset\Insect Chewing Damage\IMG20250428124629_01.jpg,Insect Chewing Damage,3700
C:\Users\Fame IT\Videos\rwn\438\Dataset\Dataset\Insect Chewing Damage\IMG20250428124633.jpg,Insect Chewing Damage,3700
C:\Users\Fame IT\Videos\rwn\438\Dataset\Dataset\Insect Chewing Damage\IMG20250428124633_01.jpg,Insect Chewing Damage,3700
C:\Users\Fame IT\Videos\rwn\438\Dataset\Dataset\Insect Chewing Damage\IMG20250428124634.jpg,Insect Chewing Damage,3700
C:\Users\Fame IT\Videos\rwn\438\Dataset\Dataset\Insect Chewing Damage\IMG20250428124635.jpg,Insect Chewing Damage,3700
C:\Users\Fame IT\Videos\rwn\438\Dataset\Dataset\Insect Chewing Damage\IMG20250428124636_01.jpg,Insect Chewing Damage,3700
C:\Users\Fame IT\Videos\rwn\438\Dataset\Dataset\Insect Chewing Damage\IMG20250428125110.jpg,Insect Chewing Damage,3701
C:\Users\Fame IT\Videos\rwn\438\Dataset\Dataset\Insect Chewing Damage\IMG20250428125112_01.jpg,Insect Chewing Damage,3704
C:\Users\Fame IT\Videos\rwn\438\Dataset\Dataset\Insect Chewing Damage\IMG20250428125113.jpg,Insect Chewing Damage,3704
C:\Users\Fame IT\Videos\rwn\438\Dataset\Dataset\Insect Chewing Damage\IMG20250428125201.jpg,Insect Chewing Damage,3706
C:\Users\Fame IT\Videos\rwn\438\Dataset\Dataset\Insect Chewing Damage\IMG20250428125201_01.jpg,Insect Chewing Damage,3706
C:\Users\Fame IT\Videos\rwn\438\Dataset\Dataset\Insect Chewing Damage\IMG20250428125204.jpg,Insect Chewing Damage,3708
C:\Users\Fame IT\Videos\rwn\438\Dataset\Dataset\Insect Chewing Damage\IMG20250428125209.jpg,Insect Chewing Damage,3709
C:\Users\Fame IT\Videos\rwn\438\Dataset\Dataset\Insect Chewing Damage\IMG20250428125209_01.jpg,Insect Chewing Damage,3710
C:\Users\Fame IT\Videos\rwn\438\Dataset\Dataset\Insect Chewing Damage\IMG20250428125212.jpg,Insect Chewing Damage,3712
C:\Users\Fame IT\Videos\rwn\438\Dataset\Dataset\Insect Chewing Damage\IMG20250428125213.jpg,Insect Chewing Damage,3713
C:\Users\Fame IT\Videos\rwn\438\Dataset\Dataset\Insect Chewing Damage\IMG20250428125213_01.jpg,Insect Chewing Damage,3714
C:\Users\Fame IT\Videos\rwn\438\Dataset\Dataset\Insect Chewing Damage\IMG20250428125240.jpg,Insect Chewing Damage,3715
C:\Users\Fame IT\Videos\rwn\438\Dataset\Dataset\Insect Chewing Damage\IMG20250428125243.jpg,Insect Chewing Damage,3716
C:\Users\Fame IT\Videos\rwn\438\Dataset\Dataset\Insect Chewing Damage\IMG20250428125246.jpg,Insect Chewing Damage,3717
C:\Users\Fame IT\Videos\rwn\438\Dataset\Dataset\Insect Chewing Damage\IMG20250428125246_01.jpg,Insect Chewing Damage,3718
C:\Users\Fame IT\Videos\rwn\438\Dataset\Dataset\Insect Chewing Damage\IMG20250428125258.jpg,Insect Chewing Damage,3721
C:\Users\Fame IT\Videos\rwn\438\Dataset\Dataset\Insect Chewing Damage\IMG20250428125259_01.jpg,Insect Chewing Damage,3721
C:\Users\Fame IT\Videos\rwn\438\Dataset\Dataset\Insect Chewing Damage\IMG20250428125300.jpg,Insect Chewing Damage,3721
C:\Users\Fame IT\Videos\rwn\438\Dataset\Dataset\Insect Chewing Damage\IMG20250428125301.jpg,Insect Chewing Damage,3722
C:\Users\Fame IT\Videos\rwn\438\Dataset\Dataset\Insect Chewing Damage\IMG20250428125303.jpg,Insect Chewing Damage,3721
C:\Users\Fame IT\Videos\rwn\438\Dataset\Dataset\Insect Chewing Damage\IMG20250428125304.jpg,Insect Chewing Damage,3721
C:\Users\Fame IT\Videos\rwn\438\Dataset\Dataset\Insect Chewing Damage\IMG20250428125305.jpg,Insect Chewing Damage,3721
C:\Users\Fame IT\Videos\rwn\438\Dataset\Dataset\Insect Chewing Damage\IMG20250428125305_01.jpg,Insect Chewing Damage,3721
C:\Users\Fame IT\Videos\rwn\438\Dataset\Dataset\Insect Chewing Damage\IMG20250428125306.jpg,Insect Chewing Damage,3721
C:\Users\Fame IT\Videos\rwn\438\Dataset\Dataset\Insect Chewing Damage\IMG20250428125307.jpg,Insect Chewing Damage,3723
C:\Users\Fame IT\Videos\rwn\438\Dataset\Dataset\Insect Chewing Damage\IMG20250428125308.jpg,Insect Chewing Damage,3723
C:\Users\Fame IT\Videos\rwn\438\Dataset\Dataset\Insect Chewing Damage\IMG20250428125308_01.jpg,Insect Chewing Damage,3723
C:\Users\Fame IT\Videos\rwn\438\Dataset\Dataset\Insect Chewing Damage\IMG20250428125321.jpg,Insect Chewing Damage,3725
C:\Users\Fame IT\Videos\rwn\438\Dataset\Dataset\Insect Chewing Damage\IMG20250428125323.jpg,Insect Chewing Damage,3726
C:\Users\Fame IT\Videos\rwn\438\Dataset\Dataset\Insect Chewing Damage\IMG20250428125325.jpg,Insect Chewing Damage,3726
C:\Users\Fame IT\Videos\rwn\438\Dataset\Dataset\Insect Chewing Damage\IMG20250428125326_01.jpg,Insect Chewing Damage,3726
C:\Users\Fame IT\Videos\rwn\438\Dataset\Dataset\Insect Chewing Damage\IMG20250428125335.jpg,Insect Chewing Damage,3730
C:\Users\Fame IT\Videos\rwn\438\Dataset\Dataset\Insect Chewing Damage\IMG20250428125336.jpg,Insect Chewing Damage,3730
C:\Users\Fame IT\Videos\rwn\438\Dataset\Dataset\Insect Chewing Damage\IMG20250428125340.jpg,Insect Chewing Damage,3730
C:\Users\Fame IT\Videos\rwn\438\Dataset\Dataset\Insect Chewing Damage\IMG20250428125340_01.jpg,Insect Chewing Damage,3731
C:\Users\Fame IT\Videos\rwn\438\Dataset\Dataset\Insect Chewing Damage\IMG20250428125342_01.jpg,Insect Chewing Damage,3732
C:\Users\Fame IT\Videos\rwn\438\Dataset\Dataset\Insect Chewing Damage\IMG20250428125346.jpg,Insect Chewing Damage,3735
C:\Users\Fame IT\Videos\rwn\438\Dataset\Dataset\Insect Chewing Damage\IMG20250428125349.jpg,Insect Chewing Damage,3736
C:\Users\Fame IT\Videos\rwn\438\Dataset\Dataset\Insect Chewing Damage\IMG20250428125349_01.jpg,Insect Chewing Damage,3736
C:\Users\Fame IT\Videos\rwn\438\Dataset\Dataset\Insect Chewing Damage\IMG20250428125350.jpg,Insect Chewing Damage,3736
C:\Users\Fame IT\Videos\rwn\438\Dataset\Dataset\Insect Chewing Damage\IMG20250428125351.jpg,Insect Chewing Damage,3736
C:\Users\Fame IT\Videos\rwn\438\Dataset\Dataset\Insect Chewing Damage\IMG20250428125351_01.jpg,Insect Chewing Damage,3736
C:\Users\Fame IT\Videos\rwn\438\Dataset\Dataset\Insect Chewing Damage\IMG20250428125353.jpg,Insect Chewing Damage,3736
C:\Users\Fame IT\Videos\rwn\438\Dataset\Dataset\Insect Chewing Damage\IMG20250428125353_01.jpg,Insect Chewing Damage,3736
C:\Users\Fame IT\Videos\rwn\438\Dataset\Dataset\Insect Chewing Damage\IMG20250428125354.jpg,Insect Chewing Damage,3736
C:\Users\Fame IT\Videos\rwn\438\Dataset\Dataset\Insect Chewing Damage\IMG20250428125354_01.jpg,Insect Chewing Damage,3736
C:\Users\Fame IT\Videos\rwn\438\Dataset\Dataset\Insect Chewing Damage\IMG20250428125355.jpg,Insect Chewing Damage,3736
C:\Users\Fame IT\Videos\rwn\438\Dataset\Dataset\Insect Chewing Damage\IMG20250428125356.jpg,Insect Chewing Damage,3736
C:\Users\Fame IT\Videos\rwn\438\Dataset\Dataset\Insect Chewing Damage\IMG20250428125357.jpg,Insect Chewing Damage,3736
C:\Users\Fame IT\Videos\rwn\438\Dataset\Dataset\Insect Chewing Damage\IMG20250428125404.jpg,Insect Chewing Damage,3737
C:\Users\Fame IT\Videos\rwn\438\Dataset\Dataset\Insect Chewing Damage\IMG20250428125405.jpg,Insect Chewing Damage,3738
C:\Users\Fame IT\Videos\rwn\438\Dataset\Dataset\Insect Chewing Damage\IMG20250428125409.jpg,Insect Chewing Damage,3740
C:\Users\Fame IT\Videos\rwn\438\Dataset\Dataset\Insect Chewing Damage\IMG20250428125410.jpg,Insect Chewing Damage,3741
C:\Users\Fame IT\Videos\rwn\438\Dataset\Dataset\Insect Chewing Damage\IMG20250428125418.jpg,Insect Chewing Damage,3743
C:\Users\Fame IT\Videos\rwn\438\Dataset\Dataset\Insect Chewing Damage\IMG20250428125419.jpg,Insect Chewing Damage,3744
C:\Users\Fame IT\Videos\rwn\438\Dataset\Dataset\Insect Chewing Damage\IMG20250428125424.jpg,Insect Chewing Damage,3747
C:\Users\Fame IT\Videos\rwn\438\Dataset\Dataset\Insect Chewing Damage\IMG20250428125425.jpg,Insect Chewing Damage,3748
C:\Users\Fame IT\Videos\rwn\438\Dataset\Dataset\Insect Chewing Damage\IMG20250428125425_01.jpg,Insect Chewing Damage,3748
C:\Users\Fame IT\Videos\rwn\438\Dataset\Dataset\Insect Chewing Damage\IMG20250428125426.jpg,Insect Chewing Damage,3749
C:\Users\Fame IT\Videos\rwn\438\Dataset\Dataset\Insect Chewing Damage\IMG20250501144951.jpg,Insect Chewing Damage,3750
C:\Users\Fame IT\Videos\rwn\438\Dataset\Dataset\Insect Chewing Damage\IMG20250501144954.jpg,Insect Chewing Damage,3751
C:\Users\Fame IT\Videos\rwn\438\Dataset\Dataset\Insect Chewing Damage\IMG20250501144955.jpg,Insect Chewing Damage,3751
C:\Users\Fame IT\Videos\rwn\438\Dataset\Dataset\Insect Chewing Damage\IMG20250501144957.jpg,Insect Chewing Damage,3751
C:\Users\Fame IT\Videos\rwn\438\Dataset\Dataset\Insect Chewing Damage\IMG20250501145003.jpg,Insect Chewing Damage,3751
C:\Users\Fame IT\Videos\rwn\438\Dataset\Dataset\Insect Chewing Damage\IMG20250501145004.jpg,Insect Chewing Damage,3751
C:\Users\Fame IT\Videos\rwn\438\Dataset\Dataset\Insect Chewing Damage\IMG20250501145016.jpg,Insect Chewing Damage,3752
C:\Users\Fame IT\Videos\rwn\438\Dataset\Dataset\Insect Chewing Damage\IMG20250501145018.jpg,Insect Chewing Damage,3753
C:\Users\Fame IT\Videos\rwn\438\Dataset\Dataset\Insect Chewing Damage\IMG20250501145019.jpg,Insect Chewing Damage,3754
C:\Users\Fame IT\Videos\rwn\438\Dataset\Dataset\Insect Chewing Damage\IMG20250501145024.jpg,Insect Chewing Damage,3756
C:\Users\Fame IT\Videos\rwn\438\Dataset\Dataset\Insect Chewing Damage\IMG20250501145032.jpg,Insect Chewing Damage,3757
C:\Users\Fame IT\Videos\rwn\438\Dataset\Dataset\Insect Chewing Damage\IMG20250501145034.jpg,Insect Chewing Damage,3757
C:\Users\Fame IT\Videos\rwn\438\Dataset\Dataset\Insect Chewing Damage\IMG20250501145035.jpg,Insect Chewing Damage,3757
C:\Users\Fame IT\Videos\rwn\438\Dataset\Dataset\Insect Chewing Damage\IMG20250501145047.jpg,Insect Chewing Damage,3758
C:\Users\Fame IT\Videos\rwn\438\Dataset\Dataset\Insect Chewing Damage\IMG20250501145053.jpg,Insect Chewing Damage,3761
C:\Users\Fame IT\Videos\rwn\438\Dataset\Dataset\Insect Chewing Damage\IMG20250501145104.jpg,Insect Chewing Damage,3762
C:\Users\Fame IT\Videos\rwn\438\Dataset\Dataset\Insect Chewing Damage\IMG20250501145106.jpg,Insect Chewing Damage,3763
C:\Users\Fame IT\Videos\rwn\438\Dataset\Dataset\Insect Chewing Damage\IMG20250501145107.jpg,Insect Chewing Damage,3763
C:\Users\Fame IT\Videos\rwn\438\Dataset\Dataset\Insect Chewing Damage\IMG20250501145109.jpg,Insect Chewing Damage,3763
C:\Users\Fame IT\Videos\rwn\438\Dataset\Dataset\Insect Chewing Damage\IMG20250501145110.jpg,Insect Chewing Damage,3763
C:\Users\Fame IT\Videos\rwn\438\Dataset\Dataset\Insect Chewing Damage\IMG20250501145112.jpg,Insect Chewing Damage,3763
C:\Users\Fame IT\Videos\rwn\438\Dataset\Dataset\Insect Chewing Damage\IMG20250501145113.jpg,Insect Chewing Damage,3763
C:\Users\Fame IT\Videos\rwn\438\Dataset\Dataset\Insect Chewing Damage\IMG20250501145115.jpg,Insect Chewing Damage,3763
C:\Users\Fame IT\Videos\rwn\438\Dataset\Dataset\Insect Chewing Damage\IMG20250501145121.jpg,Insect Chewing Damage,3764
C:\Users\Fame IT\Videos\rwn\438\Dataset\Dataset\Insect Chewing Damage\IMG20250501145123.jpg,Insect Chewing Damage,3764
C:\Users\Fame IT\Videos\rwn\438\Dataset\Dataset\Insect Chewing Damage\IMG20250501145124.jpg,Insect Chewing Damage,3765
C:\Users\Fame IT\Videos\rwn\438\Dataset\Dataset\Insect Chewing Damage\IMG20250501145126.jpg,Insect Chewing Damage,3764
C:\Users\Fame IT\Videos\rwn\438\Dataset\Dataset\Insect Chewing Damage\IMG20250501145127.jpg,Insect Chewing Damage,3764
C:\Users\Fame IT\Videos\rwn\438\Dataset\Dataset\Insect Chewing Damage\IMG20250501145222.jpg,Insect Chewing Damage,3767
C:\Users\Fame IT\Videos\rwn\438\Dataset\Dataset\Insect Chewing Damage\IMG20250501145223.jpg,Insect Chewing Damage,3767
C:\Users\Fame IT\Videos\rwn\438\Dataset\Dataset\Insect Chewing Damage\IMG20250501145225.jpg,Insect Chewing Damage,3767
C:\Users\Fame IT\Videos\rwn\438\Dataset\Dataset\Insect Chewing Damage\IMG20250501145226.jpg,Insect Chewing Damage,3767
C:\Users\Fame IT\Videos\rwn\438\Dataset\Dataset\Insect Chewing Damage\IMG20250501145228.jpg,Insect Chewing Damage,3767
C:\Users\Fame IT\Videos\rwn\438\Dataset\Dataset\Insect Chewing Damage\IMG20250501145229.jpg,Insect Chewing Damage,3767
C:\Users\Fame IT\Videos\rwn\438\Dataset\Dataset\Insect Chewing Damage\IMG20250501145237.jpg,Insect Chewing Damage,3768
C:\Users\Fame IT\Videos\rwn\438\Dataset\Dataset\Insect Chewing Damage\IMG20250501145238.jpg,Insect Chewing Damage,3768
C:\Users\Fame IT\Videos\rwn\438\Dataset\Dataset\Insect Chewing Damage\IMG20250501145239.jpg,Insect Chewing Damage,3768
C:\Users\Fame IT\Videos\rwn\438\Dataset\Dataset\Insect Chewing Damage\IMG20250501145249.jpg,Insect Chewing Damage,3769
C:\Users\Fame IT\Videos\rwn\438\Dataset\Dataset\Insect Chewing Damage\IMG20250501145250.jpg,Insect Chewing Damage,3770
C:\Users\Fame IT\Videos\rwn\438\Dataset\Dataset\Insect Chewing Damage\IMG20250501145252.jpg,Insect Chewing Damage,3771
C:\Users\Fame IT\Videos\rwn\438\Dataset\Dataset\Insect Chewing Damage\IMG20250501145253.jpg,Insect Chewing Damage,3772
C:\Users\Fame IT\Videos\rwn\438\Dataset\Dataset\Insect Chewing Damage\IMG20250501145255.jpg,Insect Chewing Damage,3772
C:\Users\Fame IT\Videos\rwn\438\Dataset\Dataset\Insect Chewing Damage\IMG20250501145307.jpg,Insect Chewing Damage,3773
C:\Users\Fame IT\Videos\rwn\438\Dataset\Dataset\Insect Chewing Damage\IMG20250501145308.jpg,Insect Chewing Damage,3774
C:\Users\Fame IT\Videos\rwn\438\Dataset\Dataset\Insect Chewing Damage\IMG20250501145311.jpg,Insect Chewing Damage,3774
C:\Users\Fame IT\Videos\rwn\438\Dataset\Dataset\Insect Chewing Damage\IMG20250501145312.jpg,Insect Chewing Damage,3774
C:\Users\Fame IT\Videos\rwn\438\Dataset\Dataset\Insect Chewing Damage\IMG20250501145313.jpg,Insect Chewing Damage,3774
C:\Users\Fame IT\Videos\rwn\438\Dataset\Dataset\Insect Chewing Damage\IMG20250501145315.jpg,Insect Chewing Damage,3774
C:\Users\Fame IT\Videos\rwn\438\Dataset\Dataset\Insect Chewing Damage\IMG20250501145316.jpg,Insect Chewing Damage,3774
C:\Users\Fame IT\Videos\rwn\438\Dataset\Dataset\Insect Chewing Damage\IMG20250501145405.jpg,Insect Chewing Damage,3779
C:\Users\Fame IT\Videos\rwn\438\Dataset\Dataset\Insect Chewing Damage\IMG20250501145406.jpg,Insect Chewing Damage,3780
C:\Users\Fame IT\Videos\rwn\438\Dataset\Dataset\Insect Chewing Damage\IMG20250501145408.jpg,Insect Chewing Damage,3781
C:\Users\Fame IT\Videos\rwn\438\Dataset\Dataset\Insect Chewing Damage\IMG20250501145437.jpg,Insect Chewing Damage,3782
C:\Users\Fame IT\Videos\rwn\438\Dataset\Dataset\Insect Chewing Damage\IMG20250501145438.jpg,Insect Chewing Damage,3783
C:\Users\Fame IT\Videos\rwn\438\Dataset\Dataset\Insect Chewing Damage\IMG20250501145439.jpg,Insect Chewing Damage,3784
C:\Users\Fame IT\Videos\rwn\438\Dataset\Dataset\Insect Chewing Damage\IMG20250501145441.jpg,Insect Chewing Damage,3784
C:\Users\Fame IT\Videos\rwn\438\Dataset\Dataset\Insect Chewing Damage\IMG20250501145442.jpg,Insect Chewing Damage,3784
C:\Users\Fame IT\Videos\rwn\438\Dataset\Dataset\Insect Chewing Damage\IMG20250501145444.jpg,Insect Chewing Damage,3784
C:\Users\Fame IT\Videos\rwn\438\Dataset\Dataset\Insect Chewing Damage\IMG20250501145445.jpg,Insect Chewing Damage,3784
C:\Users\Fame IT\Videos\rwn\438\Dataset\Dataset\Insect Chewing Damage\IMG20250501145447.jpg,Insect Chewing Damage,3785
C:\Users\Fame IT\Videos\rwn\438\Dataset\Dataset\Insect Chewing Damage\IMG20250501145448.jpg,Insect Chewing Damage,3785
C:\Users\Fame IT\Videos\rwn\438\Dataset\Dataset\Insect Chewing Damage\IMG20250501145451.jpg,Insect Chewing Damage,3785
C:\Users\Fame IT\Videos\rwn\438\Dataset\Dataset\Insect Chewing Damage\IMG20250501145503.jpg,Insect Chewing Damage,3786
C:\Users\Fame IT\Videos\rwn\438\Dataset\Dataset\Insect Chewing Damage\IMG20250501145506.jpg,Insect Chewing Damage,3787
C:\Users\Fame IT\Videos\rwn\438\Dataset\Dataset\Insect Chewing Damage\IMG20250501145508.jpg,Insect Chewing Damage,3787
C:\Users\Fame IT\Videos\rwn\438\Dataset\Dataset\Insect Chewing Damage\IMG20250501145509.jpg,Insect Chewing Damage,3787
C:\Users\Fame IT\Videos\rwn\438\Dataset\Dataset\Insect Chewing Damage\IMG20250501145511.jpg,Insect Chewing Damage,3787
C:\Users\Fame IT\Videos\rwn\438\Dataset\Dataset\Insect Chewing Damage\IMG20250501145513.jpg,Insect Chewing Damage,3787
C:\Users\Fame IT\Videos\rwn\438\Dataset\Dataset\Insect Chewing Damage\IMG20250501145515.jpg,Insect Chewing Damage,3787
C:\Users\Fame IT\Videos\rwn\438\Dataset\Dataset\Insect Chewing Damage\IMG20250501145516.jpg,Insect Chewing Damage,3787
C:\Users\Fame IT\Videos\rwn\438\Dataset\Dataset\Insect Chewing Damage\IMG20250501145518.jpg,Insect Chewing Damage,3787
C:\Users\Fame IT\Videos\rwn\438\Dataset\Dataset\Insect Chewing Damage\IMG20250501145526.jpg,Insect Chewing Damage,3789
C:\Users\Fame IT\Videos\rwn\438\Dataset\Dataset\Insect Chewing Damage\IMG20250501145528.jpg,Insect Chewing Damage,3790
C:\Users\Fame IT\Videos\rwn\438\Dataset\Dataset\Insect Chewing Damage\IMG20250501145529.jpg,Insect Chewing Damage,3790
C:\Users\Fame IT\Videos\rwn\438\Dataset\Dataset\Insect Chewing Damage\IMG20250501145530.jpg,Insect Chewing Damage,3790
C:\Users\Fame IT\Videos\rwn\438\Dataset\Dataset\Insect Chewing Damage\IMG20250501145538.jpg,Insect Chewing Damage,3791
C:\Users\Fame IT\Videos\rwn\438\Dataset\Dataset\Insect Chewing Damage\IMG20250501145539.jpg,Insect Chewing Damage,3792
C:\Users\Fame IT\Videos\rwn\438\Dataset\Dataset\Insect Chewing Damage\IMG20250501145541.jpg,Insect Chewing Damage,3792
C:\Users\Fame IT\Videos\rwn\438\Dataset\Dataset\Insect Chewing Damage\IMG20250501145542.jpg,Insect Chewing Damage,3792
C:\Users\Fame IT\Videos\rwn\438\Dataset\Dataset\Insect Chewing Damage\IMG20250501145543.jpg,Insect Chewing Damage,3792
C:\Users\Fame IT\Videos\rwn\438\Dataset\Dataset\Insect Chewing Damage\IMG20250501145544.jpg,Insect Chewing Damage,3792
C:\Users\Fame IT\Videos\rwn\438\Dataset\Dataset\Insect Chewing Damage\IMG20250501145545.jpg,Insect Chewing Damage,3792
C:\Users\Fame IT\Videos\rwn\438\Dataset\Dataset\Insect Chewing Damage\IMG20250501145546.jpg,Insect Chewing Damage,3792
C:\Users\Fame IT\Videos\rwn\438\Dataset\Dataset\Insect Chewing Damage\IMG20250501145547.jpg,Insect Chewing Damage,3792
C:\Users\Fame IT\Videos\rwn\438\Dataset\Dataset\Insect Chewing Damage\IMG20250501145548.jpg,Insect Chewing Damage,3792
C:\Users\Fame IT\Videos\rwn\438\Dataset\Dataset\Insect Chewing Damage\IMG20250501145550.jpg,Insect Chewing Damage,3792
C:\Users\Fame IT\Videos\rwn\438\Dataset\Dataset\Insect Chewing Damage\IMG20250501145551.jpg,Insect Chewing Damage,3792
C:\Users\Fame IT\Videos\rwn\438\Dataset\Dataset\Insect Chewing Damage\IMG20250501145610.jpg,Insect Chewing Damage,3795
C:\Users\Fame IT\Videos\rwn\438\Dataset\Dataset\Insect Chewing Damage\IMG20250501145612.jpg,Insect Chewing Damage,3796
C:\Users\Fame IT\Videos\rwn\438\Dataset\Dataset\Insect Chewing Damage\IMG20250501145614.jpg,Insect Chewing Damage,3796
C:\Users\Fame IT\Videos\rwn\438\Dataset\Dataset\Insect Chewing Damage\IMG20250501145615.jpg,Insect Chewing Damage,3796
C:\Users\Fame IT\Videos\rwn\438\Dataset\Dataset\Insect Chewing Damage\IMG20250501145616.jpg,Insect Chewing Damage,3796
C:\Users\Fame IT\Videos\rwn\438\Dataset\Dataset\Insect Chewing Damage\IMG20250501145618.jpg,Insect Chewing Damage,3796
C:\Users\Fame IT\Videos\rwn\438\Dataset\Dataset\Insect Chewing Damage\IMG20250501145712.jpg,Insect Chewing Damage,3798
C:\Users\Fame IT\Videos\rwn\438\Dataset\Dataset\Insect Chewing Damage\IMG20250501145714.jpg,Insect Chewing Damage,3799
C:\Users\Fame IT\Videos\rwn\438\Dataset\Dataset\Insect Chewing Damage\IMG20250501145733.jpg,Insect Chewing Damage,3800
C:\Users\Fame IT\Videos\rwn\438\Dataset\Dataset\Insect Chewing Damage\IMG20250501145735.jpg,Insect Chewing Damage,3801
C:\Users\Fame IT\Videos\rwn\438\Dataset\Dataset\Insect Chewing Damage\IMG20250501145737.jpg,Insect Chewing Damage,3801
C:\Users\Fame IT\Videos\rwn\438\Dataset\Dataset\Insect Chewing Damage\IMG20250501145740.jpg,Insect Chewing Damage,3801
C:\Users\Fame IT\Videos\rwn\438\Dataset\Dataset\Insect Chewing Damage\IMG20250501145742.jpg,Insect Chewing Damage,3801
C:\Users\Fame IT\Videos\rwn\438\Dataset\Dataset\Insect Chewing Damage\IMG20250501145751.jpg,Insect Chewing Damage,3804
C:\Users\Fame IT\Videos\rwn\438\Dataset\Dataset\Insect Chewing Damage\IMG20250501145810.jpg,Insect Chewing Damage,3806
C:\Users\Fame IT\Videos\rwn\438\Dataset\Dataset\Insect Chewing Damage\IMG20250501145812.jpg,Insect Chewing Damage,3807
C:\Users\Fame IT\Videos\rwn\438\Dataset\Dataset\Insect Chewing Damage\IMG20250501145814.jpg,Insect Chewing Damage,3807
C:\Users\Fame IT\Videos\rwn\438\Dataset\Dataset\Insect Chewing Damage\IMG20250501145815.jpg,Insect Chewing Damage,3807
C:\Users\Fame IT\Videos\rwn\438\Dataset\Dataset\Insect Chewing Damage\IMG20250501145823.jpg,Insect Chewing Damage,3809
C:\Users\Fame IT\Videos\rwn\438\Dataset\Dataset\Insect Chewing Damage\IMG20250501145826.jpg,Insect Chewing Damage,3811
C:\Users\Fame IT\Videos\rwn\438\Dataset\Dataset\Insect Chewing Damage\IMG20250501145831.jpg,Insect Chewing Damage,3812
C:\Users\Fame IT\Videos\rwn\438\Dataset\Dataset\Insect Chewing Damage\IMG20250501145833.jpg,Insect Chewing Damage,3812
C:\Users\Fame IT\Videos\rwn\438\Dataset\Dataset\Insect Chewing Damage\IMG20250501145834.jpg,Insect Chewing Damage,3813
C:\Users\Fame IT\Videos\rwn\438\Dataset\Dataset\Insect Chewing Damage\IMG20250501145845.jpg,Insect Chewing Damage,3815
C:\Users\Fame IT\Videos\rwn\438\Dataset\Dataset\Insect Chewing Damage\IMG20250501145847.jpg,Insect Chewing Damage,3817
C:\Users\Fame IT\Videos\rwn\438\Dataset\Dataset\Insect Chewing Damage\IMG20250501145856.jpg,Insect Chewing Damage,3819
C:\Users\Fame IT\Videos\rwn\438\Dataset\Dataset\Insect Chewing Damage\IMG20250501145857.jpg,Insect Chewing Damage,3819
C:\Users\Fame IT\Videos\rwn\438\Dataset\Dataset\Insect Chewing Damage\IMG20250501145904.jpg,Insect Chewing Damage,3819
C:\Users\Fame IT\Videos\rwn\438\Dataset\Dataset\Insect Chewing Damage\IMG20250501145913.jpg,Insect Chewing Damage,3821
C:\Users\Fame IT\Videos\rwn\438\Dataset\Dataset\Insect Chewing Damage\IMG20250501145914.jpg,Insect Chewing Damage,3822
C:\Users\Fame IT\Videos\rwn\438\Dataset\Dataset\Insect Chewing Damage\IMG20250501145916.jpg,Insect Chewing Damage,3823
C:\Users\Fame IT\Videos\rwn\438\Dataset\Dataset\Insect Chewing Damage\IMG20250501145917.jpg,Insect Chewing Damage,3823
C:\Users\Fame IT\Videos\rwn\438\Dataset\Dataset\Insect Chewing Damage\IMG20250501145925.jpg,Insect Chewing Damage,3824
C:\Users\Fame IT\Videos\rwn\438\Dataset\Dataset\Insect Chewing Damage\IMG20250501145929.jpg,Insect Chewing Damage,3824
C:\Users\Fame IT\Videos\rwn\438\Dataset\Dataset\Insect Chewing Damage\IMG20250501145943.jpg,Insect Chewing Damage,3825
C:\Users\Fame IT\Videos\rwn\438\Dataset\Dataset\Insect Chewing Damage\IMG20250501145945.jpg,Insect Chewing Damage,3827
C:\Users\Fame IT\Videos\rwn\438\Dataset\Dataset\Insect Chewing Damage\IMG20250501145947.jpg,Insect Chewing Damage,3827
C:\Users\Fame IT\Videos\rwn\438\Dataset\Dataset\Insect Chewing Damage\IMG20250501145948.jpg,Insect Chewing Damage,3828
C:\Users\Fame IT\Videos\rwn\438\Dataset\Dataset\Insect Chewing Damage\IMG20250501150031.jpg,Insect Chewing Damage,3829
C:\Users\Fame IT\Videos\rwn\438\Dataset\Dataset\Insect Chewing Damage\IMG20250501150033.jpg,Insect Chewing Damage,3829
C:\Users\Fame IT\Videos\rwn\438\Dataset\Dataset\Insect Chewing Damage\IMG20250501150034.jpg,Insect Chewing Damage,3829
C:\Users\Fame IT\Videos\rwn\438\Dataset\Dataset\Insect Chewing Damage\IMG20250501150035.jpg,Insect Chewing Damage,3830
C:\Users\Fame IT\Videos\rwn\438\Dataset\Dataset\Insect Chewing Damage\IMG20250501150036.jpg,Insect Chewing Damage,3829
C:\Users\Fame IT\Videos\rwn\438\Dataset\Dataset\Insect Chewing Damage\IMG20250501150037.jpg,Insect Chewing Damage,3829
C:\Users\Fame IT\Videos\rwn\438\Dataset\Dataset\Insect Chewing Damage\IMG20250501150038.jpg,Insect Chewing Damage,3829
C:\Users\Fame IT\Videos\rwn\438\Dataset\Dataset\Insect Chewing Damage\IMG20250501150039.jpg,Insect Chewing Damage,3829
C:\Users\Fame IT\Videos\rwn\438\Dataset\Dataset\Insect Chewing Damage\IMG20250501150040.jpg,Insect Chewing Damage,3831
C:\Users\Fame IT\Videos\rwn\438\Dataset\Dataset\Insect Chewing Damage\IMG20250501150042.jpg,Insect Chewing Damage,3831
C:\Users\Fame IT\Videos\rwn\438\Dataset\Dataset\Insect Chewing Damage\IMG20250501150043.jpg,Insect Chewing Damage,3831
C:\Users\Fame IT\Videos\rwn\438\Dataset\Dataset\Insect Chewing Damage\IMG20250501150045.jpg,Insect Chewing Damage,3832
C:\Users\Fame IT\Videos\rwn\438\Dataset\Dataset\Insect Chewing Damage\IMG20250501150048.jpg,Insect Chewing Damage,3832
C:\Users\Fame IT\Videos\rwn\438\Dataset\Dataset\Insect Chewing Damage\IMG20250501150057.jpg,Insect Chewing Damage,3833
C:\Users\Fame IT\Videos\rwn\438\Dataset\Dataset\Insect Chewing Damage\IMG20250501150058.jpg,Insect Chewing Damage,3834
C:\Users\Fame IT\Videos\rwn\438\Dataset\Dataset\Insect Chewing Damage\IMG20250501150116.jpg,Insect Chewing Damage,3836
C:\Users\Fame IT\Videos\rwn\438\Dataset\Dataset\Insect Chewing Damage\IMG20250501150119.jpg,Insect Chewing Damage,3838
C:\Users\Fame IT\Videos\rwn\438\Dataset\Dataset\Insect Chewing Damage\IMG20250501150121.jpg,Insect Chewing Damage,3838
C:\Users\Fame IT\Videos\rwn\438\Dataset\Dataset\Insect Chewing Damage\IMG20250501150131.jpg,Insect Chewing Damage,3839
C:\Users\Fame IT\Videos\rwn\438\Dataset\Dataset\Insect Chewing Damage\IMG20250501150134.jpg,Insect Chewing Damage,3841
C:\Users\Fame IT\Videos\rwn\438\Dataset\Dataset\Insect Chewing Damage\IMG20250501150135.jpg,Insect Chewing Damage,3842
C:\Users\Fame IT\Videos\rwn\438\Dataset\Dataset\Insect Chewing Damage\IMG20250501150139.jpg,Insect Chewing Damage,3842
C:\Users\Fame IT\Videos\rwn\438\Dataset\Dataset\Insect Chewing Damage\IMG20250501150144.jpg,Insect Chewing Damage,3844
C:\Users\Fame IT\Videos\rwn\438\Dataset\Dataset\Insect Chewing Damage\IMG20250501150145.jpg,Insect Chewing Damage,3845
C:\Users\Fame IT\Videos\rwn\438\Dataset\Dataset\Insect Chewing Damage\IMG20250501150147.jpg,Insect Chewing Damage,3846
C:\Users\Fame IT\Videos\rwn\438\Dataset\Dataset\Insect Chewing Damage\IMG20250501150148.jpg,Insect Chewing Damage,3846
C:\Users\Fame IT\Videos\rwn\438\Dataset\Dataset\Insect Chewing Damage\IMG20250501150149.jpg,Insect Chewing Damage,3846
C:\Users\Fame IT\Videos\rwn\438\Dataset\Dataset\Insect Chewing Damage\IMG20250501150151.jpg,Insect Chewing Damage,3846
C:\Users\Fame IT\Videos\rwn\438\Dataset\Dataset\Insect Chewing Damage\IMG20250501150207.jpg,Insect Chewing Damage,3849
C:\Users\Fame IT\Videos\rwn\438\Dataset\Dataset\Insect Chewing Damage\IMG20250501150213.jpg,Insect Chewing Damage,3850
C:\Users\Fame IT\Videos\rwn\438\Dataset\Dataset\Insect Chewing Damage\IMG20250501150215.jpg,Insect Chewing Damage,3851
C:\Users\Fame IT\Videos\rwn\438\Dataset\Dataset\Insect Chewing Damage\IMG20250501150216.jpg,Insect Chewing Damage,3852
C:\Users\Fame IT\Videos\rwn\438\Dataset\Dataset\Insect Chewing Damage\IMG20250501150220.jpg,Insect Chewing Damage,3850
C:\Users\Fame IT\Videos\rwn\438\Dataset\Dataset\Insect Chewing Damage\IMG20250501150227.jpg,Insect Chewing Damage,3853
C:\Users\Fame IT\Videos\rwn\438\Dataset\Dataset\Insect Chewing Damage\IMG20250501150230.jpg,Insect Chewing Damage,3854
C:\Users\Fame IT\Videos\rwn\438\Dataset\Dataset\Insect Chewing Damage\IMG20250501150232.jpg,Insect Chewing Damage,3854
C:\Users\Fame IT\Videos\rwn\438\Dataset\Dataset\Insect Chewing Damage\IMG20250501150234.jpg,Insect Chewing Damage,3855
C:\Users\Fame IT\Videos\rwn\438\Dataset\Dataset\Insect Chewing Damage\IMG20250501150235.jpg,Insect Chewing Damage,3855
C:\Users\Fame IT\Videos\rwn\438\Dataset\Dataset\Insect Chewing Damage\IMG20250501150236.jpg,Insect Chewing Damage,3855
C:\Users\Fame IT\Videos\rwn\438\Dataset\Dataset\Insect Chewing Damage\IMG20250501150238.jpg,Insect Chewing Damage,3855
C:\Users\Fame IT\Videos\rwn\438\Dataset\Dataset\Insect Chewing Damage\IMG20250501150242.jpg,Insect Chewing Damage,3856
C:\Users\Fame IT\Videos\rwn\438\Dataset\Dataset\Insect Chewing Damage\IMG20250501150244.jpg,Insect Chewing Damage,3856
C:\Users\Fame IT\Videos\rwn\438\Dataset\Dataset\Insect Chewing Damage\IMG20250501150246.jpg,Insect Chewing Damage,3857
C:\Users\Fame IT\Videos\rwn\438\Dataset\Dataset\Insect Chewing Damage\IMG20250501150249.jpg,Insect Chewing Damage,3859
C:\Users\Fame IT\Videos\rwn\438\Dataset\Dataset\Insect Chewing Damage\IMG20250501150259.jpg,Insect Chewing Damage,3860
C:\Users\Fame IT\Videos\rwn\438\Dataset\Dataset\Insect Chewing Damage\IMG20250501150300.jpg,Insect Chewing Damage,3861
C:\Users\Fame IT\Videos\rwn\438\Dataset\Dataset\Insect Chewing Damage\IMG20250501150301.jpg,Insect Chewing Damage,3861
C:\Users\Fame IT\Videos\rwn\438\Dataset\Dataset\Insect Chewing Damage\IMG20250501150303.jpg,Insect Chewing Damage,3861
C:\Users\Fame IT\Videos\rwn\438\Dataset\Dataset\Insect Chewing Damage\IMG20250501150312.jpg,Insect Chewing Damage,3863
C:\Users\Fame IT\Videos\rwn\438\Dataset\Dataset\Insect Chewing Damage\IMG20250501150323.jpg,Insect Chewing Damage,3864
C:\Users\Fame IT\Videos\rwn\438\Dataset\Dataset\Insect Chewing Damage\IMG20250501150326.jpg,Insect Chewing Damage,3865
C:\Users\Fame IT\Videos\rwn\438\Dataset\Dataset\Insect Chewing Damage\IMG20250501150346.jpg,Insect Chewing Damage,3868
C:\Users\Fame IT\Videos\rwn\438\Dataset\Dataset\Insect Chewing Damage\IMG20250501150349.jpg,Insect Chewing Damage,3870
C:\Users\Fame IT\Videos\rwn\438\Dataset\Dataset\Insect Chewing Damage\IMG20250501150355.jpg,Insect Chewing Damage,3871
C:\Users\Fame IT\Videos\rwn\438\Dataset\Dataset\Insect Chewing Damage\IMG20250501150356.jpg,Insect Chewing Damage,3872
C:\Users\Fame IT\Videos\rwn\438\Dataset\Dataset\Insect Chewing Damage\IMG20250501150358.jpg,Insect Chewing Damage,3872
C:\Users\Fame IT\Videos\rwn\438\Dataset\Dataset\Insect Chewing Damage\IMG20250501150403.jpg,Insect Chewing Damage,3873
C:\Users\Fame IT\Videos\rwn\438\Dataset\Dataset\Insect Chewing Damage\IMG20250501150404.jpg,Insect Chewing Damage,3873
C:\Users\Fame IT\Videos\rwn\438\Dataset\Dataset\Insect Chewing Damage\IMG20250501150406.jpg,Insect Chewing Damage,3873
C:\Users\Fame IT\Videos\rwn\438\Dataset\Dataset\Insect Chewing Damage\IMG20250501150502.jpg,Insect Chewing Damage,3875
C:\Users\Fame IT\Videos\rwn\438\Dataset\Dataset\Insect Chewing Damage\IMG20250501150505.jpg,Insect Chewing Damage,3876
C:\Users\Fame IT\Videos\rwn\438\Dataset\Dataset\Insect Chewing Damage\IMG20250501150508.jpg,Insect Chewing Damage,3877
C:\Users\Fame IT\Videos\rwn\438\Dataset\Dataset\Insect Chewing Damage\IMG20250501150509.jpg,Insect Chewing Damage,3878
C:\Users\Fame IT\Videos\rwn\438\Dataset\Dataset\Insect Chewing Damage\IMG20250501150510.jpg,Insect Chewing Damage,3879
C:\Users\Fame IT\Videos\rwn\438\Dataset\Dataset\Insect Chewing Damage\IMG20250501150511.jpg,Insect Chewing Damage,3879
C:\Users\Fame IT\Videos\rwn\438\Dataset\Dataset\Insect Chewing Damage\IMG20250501150513.jpg,Insect Chewing Damage,3879
C:\Users\Fame IT\Videos\rwn\438\Dataset\Dataset\Insect Chewing Damage\IMG20250501150514.jpg,Insect Chewing Damage,3879
C:\Users\Fame IT\Videos\rwn\438\Dataset\Dataset\Insect Chewing Damage\IMG20250501150515.jpg,Insect Chewing Damage,3879
C:\Users\Fame IT\Videos\rwn\438\Dataset\Dataset\Insect Chewing Damage\IMG20250501150516.jpg,Insect Chewing Damage,3879
C:\Users\Fame IT\Videos\rwn\438\Dataset\Dataset\Insect Chewing Damage\IMG20250501150517.jpg,Insect Chewing Damage,3879
C:\Users\Fame IT\Videos\rwn\438\Dataset\Dataset\Insect Chewing Damage\IMG20250501150524.jpg,Insect Chewing Damage,3881
C:\Users\Fame IT\Videos\rwn\438\Dataset\Dataset\Insect Chewing Damage\IMG20250501150526.jpg,Insect Chewing Damage,3883
C:\Users\Fame IT\Videos\rwn\438\Dataset\Dataset\Insect Chewing Damage\IMG20250501150534.jpg,Insect Chewing Damage,3885
C:\Users\Fame IT\Videos\rwn\438\Dataset\Dataset\Insect Chewing Damage\IMG20250501150537.jpg,Insect Chewing Damage,3887
C:\Users\Fame IT\Videos\rwn\438\Dataset\Dataset\Insect Chewing Damage\IMG20250501150540.jpg,Insect Chewing Damage,3888
C:\Users\Fame IT\Videos\rwn\438\Dataset\Dataset\Insect Chewing Damage\IMG20250501150541.jpg,Insect Chewing Damage,3889
C:\Users\Fame IT\Videos\rwn\438\Dataset\Dataset\Insect Chewing Damage\IMG20250501150607.jpg,Insect Chewing Damage,3890
C:\Users\Fame IT\Videos\rwn\438\Dataset\Dataset\Insect Chewing Damage\IMG20250501150609.jpg,Insect Chewing Damage,3890
C:\Users\Fame IT\Videos\rwn\438\Dataset\Dataset\Insect Chewing Damage\IMG20250501150610.jpg,Insect Chewing Damage,3891
C:\Users\Fame IT\Videos\rwn\438\Dataset\Dataset\Insect Chewing Damage\IMG20250501150611.jpg,Insect Chewing Damage,3891
C:\Users\Fame IT\Videos\rwn\438\Dataset\Dataset\Insect Chewing Damage\IMG20250501150612.jpg,Insect Chewing Damage,3891
C:\Users\Fame IT\Videos\rwn\438\Dataset\Dataset\Insect Chewing Damage\IMG20250501150613.jpg,Insect Chewing Damage,3891
C:\Users\Fame IT\Videos\rwn\438\Dataset\Dataset\Insect Chewing Damage\IMG20250501150614.jpg,Insect Chewing Damage,3891
C:\Users\Fame IT\Videos\rwn\438\Dataset\Dataset\Insect Chewing Damage\IMG20250501150615.jpg,Insect Chewing Damage,3891
C:\Users\Fame IT\Videos\rwn\438\Dataset\Dataset\Insect Chewing Damage\IMG20250501150626.jpg,Insect Chewing Damage,3892
C:\Users\Fame IT\Videos\rwn\438\Dataset\Dataset\Insect Chewing Damage\IMG20250501150630.jpg,Insect Chewing Damage,3893
C:\Users\Fame IT\Videos\rwn\438\Dataset\Dataset\Insect Chewing Damage\IMG20250501150632.jpg,Insect Chewing Damage,3893
C:\Users\Fame IT\Videos\rwn\438\Dataset\Dataset\Insect Chewing Damage\IMG20250501150634.jpg,Insect Chewing Damage,3893
C:\Users\Fame IT\Videos\rwn\438\Dataset\Dataset\Insect Chewing Damage\IMG20250501150636.jpg,Insect Chewing Damage,3893
C:\Users\Fame IT\Videos\rwn\438\Dataset\Dataset\Insect Chewing Damage\IMG20250501150641.jpg,Insect Chewing Damage,3893
C:\Users\Fame IT\Videos\rwn\438\Dataset\Dataset\Insect Chewing Damage\IMG20250501150642.jpg,Insect Chewing Damage,3893
C:\Users\Fame IT\Videos\rwn\438\Dataset\Dataset\Insect Chewing Damage\IMG20250501150710.jpg,Insect Chewing Damage,3895
C:\Users\Fame IT\Videos\rwn\438\Dataset\Dataset\Insect Chewing Damage\IMG20250501150711.jpg,Insect Chewing Damage,3896
C:\Users\Fame IT\Videos\rwn\438\Dataset\Dataset\Insect Chewing Damage\IMG20250501150713.jpg,Insect Chewing Damage,3897
C:\Users\Fame IT\Videos\rwn\438\Dataset\Dataset\Insect Chewing Damage\IMG20250501150715.jpg,Insect Chewing Damage,3898
C:\Users\Fame IT\Videos\rwn\438\Dataset\Dataset\Insect Chewing Damage\IMG20250501150716.jpg,Insect Chewing Damage,3898
C:\Users\Fame IT\Videos\rwn\438\Dataset\Dataset\Insect Chewing Damage\IMG20250501150718.jpg,Insect Chewing Damage,3898
C:\Users\Fame IT\Videos\rwn\438\Dataset\Dataset\Insect Chewing Damage\IMG20250501150720.jpg,Insect Chewing Damage,3899
C:\Users\Fame IT\Videos\rwn\438\Dataset\Dataset\Insect Chewing Damage\IMG20250501150735.jpg,Insect Chewing Damage,3901
C:\Users\Fame IT\Videos\rwn\438\Dataset\Dataset\Insect Chewing Damage\IMG20250501150737.jpg,Insect Chewing Damage,3901
C:\Users\Fame IT\Videos\rwn\438\Dataset\Dataset\Insect Chewing Damage\IMG20250501150738.jpg,Insect Chewing Damage,3901
C:\Users\Fame IT\Videos\rwn\438\Dataset\Dataset\Insect Chewing Damage\IMG20250501150740.jpg,Insect Chewing Damage,3901
C:\Users\Fame IT\Videos\rwn\438\Dataset\Dataset\Insect Chewing Damage\IMG20250501150741.jpg,Insect Chewing Damage,3901
C:\Users\Fame IT\Videos\rwn\438\Dataset\Dataset\Insect Chewing Damage\IMG20250501150742.jpg,Insect Chewing Damage,3901
C:\Users\Fame IT\Videos\rwn\438\Dataset\Dataset\Insect Chewing Damage\IMG20250501150744.jpg,Insect Chewing Damage,3901
C:\Users\Fame IT\Videos\rwn\438\Dataset\Dataset\Insect Chewing Damage\IMG20250501150745.jpg,Insect Chewing Damage,3901
C:\Users\Fame IT\Videos\rwn\438\Dataset\Dataset\Insect Chewing Damage\IMG20250501150746.jpg,Insect Chewing Damage,3901
C:\Users\Fame IT\Videos\rwn\438\Dataset\Dataset\Insect Chewing Damage\IMG20250501150748.jpg,Insect Chewing Damage,3901
C:\Users\Fame IT\Videos\rwn\438\Dataset\Dataset\Insect Chewing Damage\IMG20250501150750.jpg,Insect Chewing Damage,3901
C:\Users\Fame IT\Videos\rwn\438\Dataset\Dataset\Insect Chewing Damage\IMG20250501150751.jpg,Insect Chewing Damage,3901
C:\Users\Fame IT\Videos\rwn\438\Dataset\Dataset\Insect Chewing Damage\IMG20250501150824.jpg,Insect Chewing Damage,3902
C:\Users\Fame IT\Videos\rwn\438\Dataset\Dataset\Insect Chewing Damage\IMG20250501150856.jpg,Insect Chewing Damage,3906
C:\Users\Fame IT\Videos\rwn\438\Dataset\Dataset\Insect Chewing Damage\IMG20250501150859.jpg,Insect Chewing Damage,3907
C:\Users\Fame IT\Videos\rwn\438\Dataset\Dataset\Insect Chewing Damage\IMG20250501150900.jpg,Insect Chewing Damage,3908
C:\Users\Fame IT\Videos\rwn\438\Dataset\Dataset\Insect Chewing Damage\IMG20250501150901.jpg,Insect Chewing Damage,3908
C:\Users\Fame IT\Videos\rwn\438\Dataset\Dataset\Insect Chewing Damage\IMG20250501150902.jpg,Insect Chewing Damage,3908
C:\Users\Fame IT\Videos\rwn\438\Dataset\Dataset\Insect Chewing Damage\IMG20250501150904.jpg,Insect Chewing Damage,3908
C:\Users\Fame IT\Videos\rwn\438\Dataset\Dataset\Insect Chewing Damage\IMG20250501150905.jpg,Insect Chewing Damage,3908
C:\Users\Fame IT\Videos\rwn\438\Dataset\Dataset\Insect Chewing Damage\IMG20250501150906.jpg,Insect Chewing Damage,3908
C:\Users\Fame IT\Videos\rwn\438\Dataset\Dataset\Insect Chewing Damage\IMG20250501150908.jpg,Insect Chewing Damage,3908
C:\Users\Fame IT\Videos\rwn\438\Dataset\Dataset\Insect Chewing Damage\IMG20250501150909.jpg,Insect Chewing Damage,3908
C:\Users\Fame IT\Videos\rwn\438\Dataset\Dataset\Insect Chewing Damage\IMG20250501150916.jpg,Insect Chewing Damage,3909
C:\Users\Fame IT\Videos\rwn\438\Dataset\Dataset\Insect Chewing Damage\IMG20250501150919.jpg,Insect Chewing Damage,3911
C:\Users\Fame IT\Videos\rwn\438\Dataset\Dataset\Insect Chewing Damage\IMG20250501150920.jpg,Insect Chewing Damage,3912
C:\Users\Fame IT\Videos\rwn\438\Dataset\Dataset\Insect Chewing Damage\IMG20250501150922.jpg,Insect Chewing Damage,3913
C:\Users\Fame IT\Videos\rwn\438\Dataset\Dataset\Insect Chewing Damage\IMG20250501150923.jpg,Insect Chewing Damage,3914
C:\Users\Fame IT\Videos\rwn\438\Dataset\Dataset\Insect Chewing Damage\IMG20250501150924.jpg,Insect Chewing Damage,3914
C:\Users\Fame IT\Videos\rwn\438\Dataset\Dataset\Insect Chewing Damage\IMG20250501150925.jpg,Insect Chewing Damage,3914
C:\Users\Fame IT\Videos\rwn\438\Dataset\Dataset\Insect Chewing Damage\IMG20250501150948.jpg,Insect Chewing Damage,3917
C:\Users\Fame IT\Videos\rwn\438\Dataset\Dataset\Insect Chewing Damage\IMG20250501150951.jpg,Insect Chewing Damage,3918
C:\Users\Fame IT\Videos\rwn\438\Dataset\Dataset\Insect Chewing Damage\IMG20250501150953.jpg,Insect Chewing Damage,3918
C:\Users\Fame IT\Videos\rwn\438\Dataset\Dataset\Insect Chewing Damage\IMG20250501150954.jpg,Insect Chewing Damage,3919
C:\Users\Fame IT\Videos\rwn\438\Dataset\Dataset\Insect Chewing Damage\IMG20250501151021.jpg,Insect Chewing Damage,3922
C:\Users\Fame IT\Videos\rwn\438\Dataset\Dataset\Insect Chewing Damage\IMG20250501151028.jpg,Insect Chewing Damage,3922
C:\Users\Fame IT\Videos\rwn\438\Dataset\Dataset\Insect Chewing Damage\IMG20250501151029.jpg,Insect Chewing Damage,3922
C:\Users\Fame IT\Videos\rwn\438\Dataset\Dataset\Insect Chewing Damage\IMG20250501151030.jpg,Insect Chewing Damage,3922
C:\Users\Fame IT\Videos\rwn\438\Dataset\Dataset\Insect Chewing Damage\IMG20250501151045.jpg,Insect Chewing Damage,3923
C:\Users\Fame IT\Videos\rwn\438\Dataset\Dataset\Insect Chewing Damage\IMG20250501151046.jpg,Insect Chewing Damage,3923
C:\Users\Fame IT\Videos\rwn\438\Dataset\Dataset\Insect Chewing Damage\IMG20250501151047.jpg,Insect Chewing Damage,3923
C:\Users\Fame IT\Videos\rwn\438\Dataset\Dataset\Insect Chewing Damage\IMG20250501151048.jpg,Insect Chewing Damage,3923
C:\Users\Fame IT\Videos\rwn\438\Dataset\Dataset\Insect Chewing Damage\IMG20250501151050.jpg,Insect Chewing Damage,3923
C:\Users\Fame IT\Videos\rwn\438\Dataset\Dataset\Insect Chewing Damage\IMG20250501151051.jpg,Insect Chewing Damage,3923
C:\Users\Fame IT\Videos\rwn\438\Dataset\Dataset\Insect Chewing Damage\IMG20250501151056.jpg,Insect Chewing Damage,3923
C:\Users\Fame IT\Videos\rwn\438\Dataset\Dataset\Insect Chewing Damage\IMG20250501151058.jpg,Insect Chewing Damage,3923
C:\Users\Fame IT\Videos\rwn\438\Dataset\Dataset\Insect Chewing Damage\IMG20250501151101.jpg,Insect Chewing Damage,3923
C:\Users\Fame IT\Videos\rwn\438\Dataset\Dataset\Insect Chewing Damage\IMG20250501151103.jpg,Insect Chewing Damage,3923
C:\Users\Fame IT\Videos\rwn\438\Dataset\Dataset\Insect Chewing Damage\IMG20250501151104.jpg,Insect Chewing Damage,3923
C:\Users\Fame IT\Videos\rwn\438\Dataset\Dataset\Insect Chewing Damage\IMG20250501151105.jpg,Insect Chewing Damage,3923
C:\Users\Fame IT\Videos\rwn\438\Dataset\Dataset\Insect Chewing Damage\IMG20250501151118.jpg,Insect Chewing Damage,3926
C:\Users\Fame IT\Videos\rwn\438\Dataset\Dataset\Insect Chewing Damage\IMG20250501151125.jpg,Insect Chewing Damage,3928
C:\Users\Fame IT\Videos\rwn\438\Dataset\Dataset\Insect Chewing Damage\IMG20250501151126.jpg,Insect Chewing Damage,3928
C:\Users\Fame IT\Videos\rwn\438\Dataset\Dataset\Insect Chewing Damage\IMG20250501151148.jpg,Insect Chewing Damage,3930
C:\Users\Fame IT\Videos\rwn\438\Dataset\Dataset\Insect Chewing Damage\IMG20250501151149.jpg,Insect Chewing Damage,3931
C:\Users\Fame IT\Videos\rwn\438\Dataset\Dataset\Insect Chewing Damage\IMG20250501151150.jpg,Insect Chewing Damage,3932
C:\Users\Fame IT\Videos\rwn\438\Dataset\Dataset\Insect Chewing Damage\IMG20250501151153.jpg,Insect Chewing Damage,3932
C:\Users\Fame IT\Videos\rwn\438\Dataset\Dataset\Insect Chewing Damage\IMG20250501151154.jpg,Insect Chewing Damage,3932
C:\Users\Fame IT\Videos\rwn\438\Dataset\Dataset\Insect Chewing Damage\IMG20250501151156.jpg,Insect Chewing Damage,3932
C:\Users\Fame IT\Videos\rwn\438\Dataset\Dataset\Insect Chewing Damage\IMG20250501151204.jpg,Insect Chewing Damage,3933
C:\Users\Fame IT\Videos\rwn\438\Dataset\Dataset\Insect Chewing Damage\IMG20250501151220.jpg,Insect Chewing Damage,3936
C:\Users\Fame IT\Videos\rwn\438\Dataset\Dataset\Insect Chewing Damage\IMG20250501151228.jpg,Insect Chewing Damage,3938
C:\Users\Fame IT\Videos\rwn\438\Dataset\Dataset\Insect Chewing Damage\IMG20250501151233.jpg,Insect Chewing Damage,3939
C:\Users\Fame IT\Videos\rwn\438\Dataset\Dataset\Insect Chewing Damage\IMG20250501151236.jpg,Insect Chewing Damage,3940
C:\Users\Fame IT\Videos\rwn\438\Dataset\Dataset\Insect Chewing Damage\IMG20250501151341.jpg,Insect Chewing Damage,3943
C:\Users\Fame IT\Videos\rwn\438\Dataset\Dataset\Insect Chewing Damage\IMG20250501151342.jpg,Insect Chewing Damage,3944
C:\Users\Fame IT\Videos\rwn\438\Dataset\Dataset\Insect Chewing Damage\IMG20250501151344.jpg,Insect Chewing Damage,3945
C:\Users\Fame IT\Videos\rwn\438\Dataset\Dataset\Insect Chewing Damage\IMG20250501151347.jpg,Insect Chewing Damage,3947
C:\Users\Fame IT\Videos\rwn\438\Dataset\Dataset\Insect Chewing Damage\IMG20250501151353.jpg,Insect Chewing Damage,3947
C:\Users\Fame IT\Videos\rwn\438\Dataset\Dataset\Insect Chewing Damage\IMG20250501151403.jpg,Insect Chewing Damage,3949
C:\Users\Fame IT\Videos\rwn\438\Dataset\Dataset\Insect Chewing Damage\IMG20250501151421.jpg,Insect Chewing Damage,3950
C:\Users\Fame IT\Videos\rwn\438\Dataset\Dataset\Insect Chewing Damage\IMG20250501151423.jpg,Insect Chewing Damage,3950
C:\Users\Fame IT\Videos\rwn\438\Dataset\Dataset\Insect Chewing Damage\IMG20250501151424.jpg,Insect Chewing Damage,3950
C:\Users\Fame IT\Videos\rwn\438\Dataset\Dataset\Insect Chewing Damage\IMG20250501151425.jpg,Insect Chewing Damage,3951
C:\Users\Fame IT\Videos\rwn\438\Dataset\Dataset\Insect Chewing Damage\IMG20250501151428.jpg,Insect Chewing Damage,3951
C:\Users\Fame IT\Videos\rwn\438\Dataset\Dataset\Insect Chewing Damage\IMG20250501151447.jpg,Insect Chewing Damage,3952
C:\Users\Fame IT\Videos\rwn\438\Dataset\Dataset\Insect Chewing Damage\IMG20250501151513.jpg,Insect Chewing Damage,3955
C:\Users\Fame IT\Videos\rwn\438\Dataset\Dataset\Insect Chewing Damage\IMG20250501151517.jpg,Insect Chewing Damage,3956
C:\Users\Fame IT\Videos\rwn\438\Dataset\Dataset\Insect Chewing Damage\IMG20250501151520.jpg,Insect Chewing Damage,3957
C:\Users\Fame IT\Videos\rwn\438\Dataset\Dataset\Insect Chewing Damage\IMG20250501151522.jpg,Insect Chewing Damage,3958
C:\Users\Fame IT\Videos\rwn\438\Dataset\Dataset\Insect Chewing Damage\IMG20250501151525.jpg,Insect Chewing Damage,3956
C:\Users\Fame IT\Videos\rwn\438\Dataset\Dataset\Insect Chewing Damage\IMG20250501151542.jpg,Insect Chewing Damage,3960
C:\Users\Fame IT\Videos\rwn\438\Dataset\Dataset\Insect Chewing Damage\IMG20250501151544.jpg,Insect Chewing Damage,3960
C:\Users\Fame IT\Videos\rwn\438\Dataset\Dataset\Insect Chewing Damage\IMG20250501151547.jpg,Insect Chewing Damage,3960
C:\Users\Fame IT\Videos\rwn\438\Dataset\Dataset\Insect Chewing Damage\IMG20250501151550.jpg,Insect Chewing Damage,3960
C:\Users\Fame IT\Videos\rwn\438\Dataset\Dataset\Insect Chewing Damage\IMG20250501151553.jpg,Insect Chewing Damage,3960
C:\Users\Fame IT\Videos\rwn\438\Dataset\Dataset\Insect Chewing Damage\IMG20250501151555.jpg,Insect Chewing Damage,3960
C:\Users\Fame IT\Videos\rwn\438\Dataset\Dataset\Insect Chewing Damage\IMG20250501151556.jpg,Insect Chewing Damage,3960
C:\Users\Fame IT\Videos\rwn\438\Dataset\Dataset\Insect Chewing Damage\IMG20250501151607.jpg,Insect Chewing Damage,3961
C:\Users\Fame IT\Videos\rwn\438\Dataset\Dataset\Insect Chewing Damage\IMG20250501151610.jpg,Insect Chewing Damage,3962
C:\Users\Fame IT\Videos\rwn\438\Dataset\Dataset\Insect Chewing Damage\IMG20250501151612.jpg,Insect Chewing Damage,3961
C:\Users\Fame IT\Videos\rwn\438\Dataset\Dataset\Insect Chewing Damage\IMG20250501151613.jpg,Insect Chewing Damage,3961
C:\Users\Fame IT\Videos\rwn\438\Dataset\Dataset\Insect Chewing Damage\IMG20250501151616.jpg,Insect Chewing Damage,3961
C:\Users\Fame IT\Videos\rwn\438\Dataset\Dataset\Insect Chewing Damage\IMG20250501151617.jpg,Insect Chewing Damage,3963
C:\Users\Fame IT\Videos\rwn\438\Dataset\Dataset\Insect Chewing Damage\IMG20250501151620.jpg,Insect Chewing Damage,3963
C:\Users\Fame IT\Videos\rwn\438\Dataset\Dataset\Insect Chewing Damage\IMG20250501151630.jpg,Insect Chewing Damage,3964
C:\Users\Fame IT\Videos\rwn\438\Dataset\Dataset\Insect Chewing Damage\IMG20250501152031.jpg,Insect Chewing Damage,3967
C:\Users\Fame IT\Videos\rwn\438\Dataset\Dataset\Insect Chewing Damage\IMG20250501152034.jpg,Insect Chewing Damage,3967
C:\Users\Fame IT\Videos\rwn\438\Dataset\Dataset\Insect Chewing Damage\IMG20250501152035.jpg,Insect Chewing Damage,3967
C:\Users\Fame IT\Videos\rwn\438\Dataset\Dataset\Insect Chewing Damage\IMG20250501152037.jpg,Insect Chewing Damage,3967
C:\Users\Fame IT\Videos\rwn\438\Dataset\Dataset\Insect Chewing Damage\IMG20250501152052.jpg,Insect Chewing Damage,3968
C:\Users\Fame IT\Videos\rwn\438\Dataset\Dataset\Insect Chewing Damage\IMG20250501152055.jpg,Insect Chewing Damage,3969
C:\Users\Fame IT\Videos\rwn\438\Dataset\Dataset\Insect Chewing Damage\IMG20250501152100.jpg,Insect Chewing Damage,3970
C:\Users\Fame IT\Videos\rwn\438\Dataset\Dataset\Insect Chewing Damage\IMG20250501152102.jpg,Insect Chewing Damage,3970
C:\Users\Fame IT\Videos\rwn\438\Dataset\Dataset\Insect Chewing Damage\IMG20250501152105.jpg,Insect Chewing Damage,3970
C:\Users\Fame IT\Videos\rwn\438\Dataset\Dataset\Insect Chewing Damage\IMG20250501152107.jpg,Insect Chewing Damage,3971
C:\Users\Fame IT\Videos\rwn\438\Dataset\Dataset\Insect Chewing Damage\IMG20250501152110.jpg,Insect Chewing Damage,3971
C:\Users\Fame IT\Videos\rwn\438\Dataset\Dataset\Insect Chewing Damage\IMG20250501152111.jpg,Insect Chewing Damage,3971
C:\Users\Fame IT\Videos\rwn\438\Dataset\Dataset\Insect Chewing Damage\IMG20250501152115.jpg,Insect Chewing Damage,3971
C:\Users\Fame IT\Videos\rwn\438\Dataset\Dataset\Insect Chewing Damage\IMG20250501152116.jpg,Insect Chewing Damage,3971
C:\Users\Fame IT\Videos\rwn\438\Dataset\Dataset\Insect Chewing Damage\IMG20250501152117.jpg,Insect Chewing Damage,3971
C:\Users\Fame IT\Videos\rwn\438\Dataset\Dataset\Insect Chewing Damage\IMG20250501152118.jpg,Insect Chewing Damage,3971
C:\Users\Fame IT\Videos\rwn\438\Dataset\Dataset\Insect Chewing Damage\IMG20250501152120.jpg,Insect Chewing Damage,3971
C:\Users\Fame IT\Videos\rwn\438\Dataset\Dataset\Insect Chewing Damage\IMG20250501152121.jpg,Insect Chewing Damage,3971
C:\Users\Fame IT\Videos\rwn\438\Dataset\Dataset\Insect Chewing Damage\IMG20250501152122.jpg,Insect Chewing Damage,3971
C:\Users\Fame IT\Videos\rwn\438\Dataset\Dataset\Insect Chewing Damage\IMG20250501152131.jpg,Insect Chewing Damage,3972
C:\Users\Fame IT\Videos\rwn\438\Dataset\Dataset\Insect Chewing Damage\IMG20250501152135.jpg,Insect Chewing Damage,3973
C:\Users\Fame IT\Videos\rwn\438\Dataset\Dataset\Insect Chewing Damage\IMG20250501152137.jpg,Insect Chewing Damage,3974
C:\Users\Fame IT\Videos\rwn\438\Dataset\Dataset\Insect Chewing Damage\IMG20250501152138.jpg,Insect Chewing Damage,3974
C:\Users\Fame IT\Videos\rwn\438\Dataset\Dataset\Insect Chewing Damage\IMG20250501152147.jpg,Insect Chewing Damage,3975
C:\Users\Fame IT\Videos\rwn\438\Dataset\Dataset\Insect Chewing Damage\IMG20250501152148.jpg,Insect Chewing Damage,3975
C:\Users\Fame IT\Videos\rwn\438\Dataset\Dataset\Insect Chewing Damage\IMG20250501152149.jpg,Insect Chewing Damage,3975
C:\Users\Fame IT\Videos\rwn\438\Dataset\Dataset\Insect Chewing Damage\IMG20250501152151.jpg,Insect Chewing Damage,3976
C:\Users\Fame IT\Videos\rwn\438\Dataset\Dataset\Insect Chewing Damage\IMG20250501152152.jpg,Insect Chewing Damage,3976
C:\Users\Fame IT\Videos\rwn\438\Dataset\Dataset\Insect Chewing Damage\IMG20250501152153.jpg,Insect Chewing Damage,3976
C:\Users\Fame IT\Videos\rwn\438\Dataset\Dataset\Insect Chewing Damage\IMG20250501152154.jpg,Insect Chewing Damage,3977
C:\Users\Fame IT\Videos\rwn\438\Dataset\Dataset\Insect Chewing Damage\IMG20250501152156.jpg,Insect Chewing Damage,3977
C:\Users\Fame IT\Videos\rwn\438\Dataset\Dataset\Insect Chewing Damage\IMG20250501152158.jpg,Insect Chewing Damage,3977
C:\Users\Fame IT\Videos\rwn\438\Dataset\Dataset\Insect Chewing Damage\IMG20250501152159.jpg,Insect Chewing Damage,3977
C:\Users\Fame IT\Videos\rwn\438\Dataset\Dataset\Insect Chewing Damage\IMG20250501152200.jpg,Insect Chewing Damage,3977
C:\Users\Fame IT\Videos\rwn\438\Dataset\Dataset\Insect Chewing Damage\IMG20250501152204.jpg,Insect Chewing Damage,3978
C:\Users\Fame IT\Videos\rwn\438\Dataset\Dataset\Insect Chewing Damage\IMG20250501152205.jpg,Insect Chewing Damage,3979
C:\Users\Fame IT\Videos\rwn\438\Dataset\Dataset\Insect Chewing Damage\IMG20250501152243.jpg,Insect Chewing Damage,3981
C:\Users\Fame IT\Videos\rwn\438\Dataset\Dataset\Insect Chewing Damage\IMG20250501152245.jpg,Insect Chewing Damage,3981
C:\Users\Fame IT\Videos\rwn\438\Dataset\Dataset\Insect Chewing Damage\IMG20250501152246.jpg,Insect Chewing Damage,3981
C:\Users\Fame IT\Videos\rwn\438\Dataset\Dataset\Insect Chewing Damage\IMG20250501152247.jpg,Insect Chewing Damage,3981
C:\Users\Fame IT\Videos\rwn\438\Dataset\Dataset\Insect Chewing Damage\IMG20250501152249.jpg,Insect Chewing Damage,3981
C:\Users\Fame IT\Videos\rwn\438\Dataset\Dataset\Insect Chewing Damage\IMG20250501152250.jpg,Insect Chewing Damage,3981
C:\Users\Fame IT\Videos\rwn\438\Dataset\Dataset\Insect Chewing Damage\IMG20250501152251.jpg,Insect Chewing Damage,3981
C:\Users\Fame IT\Videos\rwn\438\Dataset\Dataset\Insect Chewing Damage\IMG20250501152252.jpg,Insect Chewing Damage,3981
C:\Users\Fame IT\Videos\rwn\438\Dataset\Dataset\Insect Chewing Damage\IMG20250501152254.jpg,Insect Chewing Damage,3981
C:\Users\Fame IT\Videos\rwn\438\Dataset\Dataset\Insect Chewing Damage\IMG20250501152303.jpg,Insect Chewing Damage,3983
C:\Users\Fame IT\Videos\rwn\438\Dataset\Dataset\Insect Chewing Damage\IMG20250501152304.jpg,Insect Chewing Damage,3984
C:\Users\Fame IT\Videos\rwn\438\Dataset\Dataset\Insect Chewing Damage\IMG20250501152305.jpg,Insect Chewing Damage,3984
C:\Users\Fame IT\Videos\rwn\438\Dataset\Dataset\Insect Chewing Damage\IMG20250501152306.jpg,Insect Chewing Damage,3984
C:\Users\Fame IT\Videos\rwn\438\Dataset\Dataset\Insect Chewing Damage\IMG20250501152312.jpg,Insect Chewing Damage,3984
C:\Users\Fame IT\Videos\rwn\438\Dataset\Dataset\Insect Chewing Damage\IMG20250501152314.jpg,Insect Chewing Damage,3984
C:\Users\Fame IT\Videos\rwn\438\Dataset\Dataset\Insect Chewing Damage\IMG20250501152315.jpg,Insect Chewing Damage,3984
C:\Users\Fame IT\Videos\rwn\438\Dataset\Dataset\Insect Chewing Damage\IMG20250501152320.jpg,Insect Chewing Damage,3985
C:\Users\Fame IT\Videos\rwn\438\Dataset\Dataset\Insect Chewing Damage\IMG20250501152321.jpg,Insect Chewing Damage,3985
C:\Users\Fame IT\Videos\rwn\438\Dataset\Dataset\Insect Chewing Damage\IMG20250501152323.jpg,Insect Chewing Damage,3985
C:\Users\Fame IT\Videos\rwn\438\Dataset\Dataset\Insect Chewing Damage\IMG20250501152324.jpg,Insect Chewing Damage,3985
C:\Users\Fame IT\Videos\rwn\438\Dataset\Dataset\Insect Chewing Damage\IMG20250501152325.jpg,Insect Chewing Damage,3985
C:\Users\Fame IT\Videos\rwn\438\Dataset\Dataset\Insect Chewing Damage\IMG20250501152336.jpg,Insect Chewing Damage,3986
C:\Users\Fame IT\Videos\rwn\438\Dataset\Dataset\Insect Chewing Damage\IMG20250501152347.jpg,Insect Chewing Damage,3989
C:\Users\Fame IT\Videos\rwn\438\Dataset\Dataset\Insect Chewing Damage\IMG20250501152349.jpg,Insect Chewing Damage,3990
C:\Users\Fame IT\Videos\rwn\438\Dataset\Dataset\Insect Chewing Damage\IMG20250501152350.jpg,Insect Chewing Damage,3990
C:\Users\Fame IT\Videos\rwn\438\Dataset\Dataset\Insect Chewing Damage\IMG20250501152355.jpg,Insect Chewing Damage,3992
C:\Users\Fame IT\Videos\rwn\438\Dataset\Dataset\Insect Chewing Damage\IMG20250501152357.jpg,Insect Chewing Damage,3992
C:\Users\Fame IT\Videos\rwn\438\Dataset\Dataset\Insect Chewing Damage\IMG20250501152358.jpg,Insect Chewing Damage,3992
C:\Users\Fame IT\Videos\rwn\438\Dataset\Dataset\Insect Chewing Damage\IMG20250501152419.jpg,Insect Chewing Damage,3993
C:\Users\Fame IT\Videos\rwn\438\Dataset\Dataset\Insect Chewing Damage\IMG20250501152426.jpg,Insect Chewing Damage,3994
C:\Users\Fame IT\Videos\rwn\438\Dataset\Dataset\Insect Chewing Damage\IMG20250501152428.jpg,Insect Chewing Damage,3994
C:\Users\Fame IT\Videos\rwn\438\Dataset\Dataset\Insect Chewing Damage\IMG20250501152429.jpg,Insect Chewing Damage,3994
C:\Users\Fame IT\Videos\rwn\438\Dataset\Dataset\Insect Chewing Damage\IMG20250501152430.jpg,Insect Chewing Damage,3994
C:\Users\Fame IT\Videos\rwn\438\Dataset\Dataset\Insect Chewing Damage\IMG20250501152431.jpg,Insect Chewing Damage,3994
C:\Users\Fame IT\Videos\rwn\438\Dataset\Dataset\Insect Chewing Damage\IMG20250501152529.jpg,Insect Chewing Damage,3997
C:\Users\Fame IT\Videos\rwn\438\Dataset\Dataset\Insect Chewing Damage\IMG20250501152532.jpg,Insect Chewing Damage,3998
C:\Users\Fame IT\Videos\rwn\438\Dataset\Dataset\Insect Chewing Damage\IMG20250501152533.jpg,Insect Chewing Damage,3999
C:\Users\Fame IT\Videos\rwn\438\Dataset\Dataset\Insect Chewing Damage\IMG20250501152534.jpg,Insect Chewing Damage,3999
C:\Users\Fame IT\Videos\rwn\438\Dataset\Dataset\Insect Chewing Damage\IMG20250501152535.jpg,Insect Chewing Damage,3999
C:\Users\Fame IT\Videos\rwn\438\Dataset\Dataset\Insect Chewing Damage\IMG20250501152536.jpg,Insect Chewing Damage,3999
C:\Users\Fame IT\Videos\rwn\438\Dataset\Dataset\Insect Chewing Damage\IMG20250501152538.jpg,Insect Chewing Damage,3999
C:\Users\Fame IT\Videos\rwn\438\Dataset\Dataset\Insect Chewing Damage\IMG20250501152543.jpg,Insect Chewing Damage,4000
C:\Users\Fame IT\Videos\rwn\438\Dataset\Dataset\Insect Chewing Damage\IMG20250501152545.jpg,Insect Chewing Damage,4000
C:\Users\Fame IT\Videos\rwn\438\Dataset\Dataset\Insect Chewing Damage\IMG20250501152546.jpg,Insect Chewing Damage,4002
C:\Users\Fame IT\Videos\rwn\438\Dataset\Dataset\Insect Chewing Damage\IMG20250501152547.jpg,Insect Chewing Damage,4002
C:\Users\Fame IT\Videos\rwn\438\Dataset\Dataset\Insect Chewing Damage\IMG20250501152601.jpg,Insect Chewing Damage,4004
C:\Users\Fame IT\Videos\rwn\438\Dataset\Dataset\Insect Chewing Damage\IMG20250501152603.jpg,Insect Chewing Damage,4005
C:\Users\Fame IT\Videos\rwn\438\Dataset\Dataset\Insect Chewing Damage\IMG20250501152608.jpg,Insect Chewing Damage,4006
C:\Users\Fame IT\Videos\rwn\438\Dataset\Dataset\Insect Chewing Damage\IMG20250501152610.jpg,Insect Chewing Damage,4006
C:\Users\Fame IT\Videos\rwn\438\Dataset\Dataset\Insect Chewing Damage\IMG20250501152613.jpg,Insect Chewing Damage,4006
C:\Users\Fame IT\Videos\rwn\438\Dataset\Dataset\Insect Chewing Damage\IMG20250501152615.jpg,Insect Chewing Damage,4006
C:\Users\Fame IT\Videos\rwn\438\Dataset\Dataset\Insect Chewing Damage\IMG20250501152616.jpg,Insect Chewing Damage,4006
C:\Users\Fame IT\Videos\rwn\438\Dataset\Dataset\Insect Chewing Damage\IMG20250501152618.jpg,Insect Chewing Damage,4006
C:\Users\Fame IT\Videos\rwn\438\Dataset\Dataset\Insect Chewing Damage\IMG20250501152626.jpg,Insect Chewing Damage,4008
C:\Users\Fame IT\Videos\rwn\438\Dataset\Dataset\Insect Chewing Damage\IMG20250501152640.jpg,Insect Chewing Damage,4009
C:\Users\Fame IT\Videos\rwn\438\Dataset\Dataset\Insect Chewing Damage\IMG20250501152643.jpg,Insect Chewing Damage,4011
C:\Users\Fame IT\Videos\rwn\438\Dataset\Dataset\Insect Chewing Damage\IMG20250501152644.jpg,Insect Chewing Damage,4012
C:\Users\Fame IT\Videos\rwn\438\Dataset\Dataset\Insect Chewing Damage\IMG20250501152645.jpg,Insect Chewing Damage,4013
C:\Users\Fame IT\Videos\rwn\438\Dataset\Dataset\Insect Chewing Damage\IMG20250501152715.jpg,Insect Chewing Damage,4014
C:\Users\Fame IT\Videos\rwn\438\Dataset\Dataset\Insect Chewing Damage\IMG20250501152728.jpg,Insect Chewing Damage,4016
C:\Users\Fame IT\Videos\rwn\438\Dataset\Dataset\Insect Chewing Damage\IMG20250501152736.jpg,Insect Chewing Damage,4017
C:\Users\Fame IT\Videos\rwn\438\Dataset\Dataset\Insect Chewing Damage\IMG20250501152737.jpg,Insect Chewing Damage,4017
C:\Users\Fame IT\Videos\rwn\438\Dataset\Dataset\Insect Chewing Damage\IMG20250501152739.jpg,Insect Chewing Damage,4017
C:\Users\Fame IT\Videos\rwn\438\Dataset\Dataset\Insect Chewing Damage\IMG20250501152804.jpg,Insect Chewing Damage,4020
C:\Users\Fame IT\Videos\rwn\438\Dataset\Dataset\Insect Chewing Damage\IMG20250501152823.jpg,Insect Chewing Damage,4021
C:\Users\Fame IT\Videos\rwn\438\Dataset\Dataset\Insect Chewing Damage\IMG20250501152826.jpg,Insect Chewing Damage,4022
C:\Users\Fame IT\Videos\rwn\438\Dataset\Dataset\Insect Chewing Damage\IMG20250501152833.jpg,Insect Chewing Damage,4023
C:\Users\Fame IT\Videos\rwn\438\Dataset\Dataset\Insect Chewing Damage\IMG20250501152834.jpg,Insect Chewing Damage,4024
C:\Users\Fame IT\Videos\rwn\438\Dataset\Dataset\Insect Chewing Damage\IMG20250501152839.jpg,Insect Chewing Damage,4026
C:\Users\Fame IT\Videos\rwn\438\Dataset\Dataset\Insect Chewing Damage\IMG20250501152847.jpg,Insect Chewing Damage,4028
C:\Users\Fame IT\Videos\rwn\438\Dataset\Dataset\Insect Chewing Damage\IMG20250501152850.jpg,Insect Chewing Damage,4029
C:\Users\Fame IT\Videos\rwn\438\Dataset\Dataset\Insect Chewing Damage\IMG20250501152859.jpg,Insect Chewing Damage,4031
C:\Users\Fame IT\Videos\rwn\438\Dataset\Dataset\Insect Chewing Damage\IMG20250501152903.jpg,Insect Chewing Damage,4031
C:\Users\Fame IT\Videos\rwn\438\Dataset\Dataset\Insect Chewing Damage\IMG20250501152911.jpg,Insect Chewing Damage,4032
C:\Users\Fame IT\Videos\rwn\438\Dataset\Dataset\Insect Chewing Damage\IMG20250501152916.jpg,Insect Chewing Damage,4033
C:\Users\Fame IT\Videos\rwn\438\Dataset\Dataset\Insect Chewing Damage\IMG20250501152927.jpg,Insect Chewing Damage,4034
C:\Users\Fame IT\Videos\rwn\438\Dataset\Dataset\Insect Chewing Damage\IMG20250501152928.jpg,Insect Chewing Damage,4035
C:\Users\Fame IT\Videos\rwn\438\Dataset\Dataset\Insect Chewing Damage\IMG20250501152930.jpg,Insect Chewing Damage,4036
C:\Users\Fame IT\Videos\rwn\438\Dataset\Dataset\Insect Chewing Damage\IMG20250501152935.jpg,Insect Chewing Damage,4037
C:\Users\Fame IT\Videos\rwn\438\Dataset\Dataset\Insect Chewing Damage\IMG20250501152936.jpg,Insect Chewing Damage,4034
C:\Users\Fame IT\Videos\rwn\438\Dataset\Dataset\Insect Chewing Damage\IMG20250501152939.jpg,Insect Chewing Damage,4034
C:\Users\Fame IT\Videos\rwn\438\Dataset\Dataset\Insect Chewing Damage\IMG20250501152950.jpg,Insect Chewing Damage,4038
C:\Users\Fame IT\Videos\rwn\438\Dataset\Dataset\Insect Chewing Damage\IMG20250501152953.jpg,Insect Chewing Damage,4039
C:\Users\Fame IT\Videos\rwn\438\Dataset\Dataset\Insect Chewing Damage\IMG20250501152954.jpg,Insect Chewing Damage,4040
C:\Users\Fame IT\Videos\rwn\438\Dataset\Dataset\Insect Chewing Damage\IMG20250501152958.jpg,Insect Chewing Damage,4041
C:\Users\Fame IT\Videos\rwn\438\Dataset\Dataset\Insect Chewing Damage\IMG20250501152959.jpg,Insect Chewing Damage,4041
C:\Users\Fame IT\Videos\rwn\438\Dataset\Dataset\Insect Chewing Damage\IMG20250501153001.jpg,Insect Chewing Damage,4041
C:\Users\Fame IT\Videos\rwn\438\Dataset\Dataset\Insect Chewing Damage\IMG20250501153002.jpg,Insect Chewing Damage,4041
C:\Users\Fame IT\Videos\rwn\438\Dataset\Dataset\Insect Chewing Damage\IMG20250501153006.jpg,Insect Chewing Damage,4042
C:\Users\Fame IT\Videos\rwn\438\Dataset\Dataset\Insect Chewing Damage\IMG20250501153007.jpg,Insect Chewing Damage,4043
C:\Users\Fame IT\Videos\rwn\438\Dataset\Dataset\Insect Chewing Damage\IMG20250501153009.jpg,Insect Chewing Damage,4044
C:\Users\Fame IT\Videos\rwn\438\Dataset\Dataset\Insect Chewing Damage\IMG20250501153019.jpg,Insect Chewing Damage,4046
C:\Users\Fame IT\Videos\rwn\438\Dataset\Dataset\Insect Chewing Damage\IMG20250501153020.jpg,Insect Chewing Damage,4047
C:\Users\Fame IT\Videos\rwn\438\Dataset\Dataset\Insect Chewing Damage\IMG20250501153022.jpg,Insect Chewing Damage,4047
C:\Users\Fame IT\Videos\rwn\438\Dataset\Dataset\Insect Chewing Damage\IMG20250501153023.jpg,Insect Chewing Damage,4047
C:\Users\Fame IT\Videos\rwn\438\Dataset\Dataset\Insect Chewing Damage\IMG20250501153028.jpg,Insect Chewing Damage,4048
C:\Users\Fame IT\Videos\rwn\438\Dataset\Dataset\Insect Chewing Damage\IMG20250501153029.jpg,Insect Chewing Damage,4049
C:\Users\Fame IT\Videos\rwn\438\Dataset\Dataset\Insect Chewing Damage\IMG20250501153033.jpg,Insect Chewing Damage,4050
C:\Users\Fame IT\Videos\rwn\438\Dataset\Dataset\Insect Chewing Damage\IMG20250501153042.jpg,Insect Chewing Damage,4052
C:\Users\Fame IT\Videos\rwn\438\Dataset\Dataset\Insect Chewing Damage\IMG20250501153047.jpg,Insect Chewing Damage,4054
C:\Users\Fame IT\Videos\rwn\438\Dataset\Dataset\Insect Chewing Damage\IMG20250501153049.jpg,Insect Chewing Damage,4054
C:\Users\Fame IT\Videos\rwn\438\Dataset\Dataset\Insect Chewing Damage\IMG20250501153055.jpg,Insect Chewing Damage,4056
C:\Users\Fame IT\Videos\rwn\438\Dataset\Dataset\Insect Chewing Damage\IMG20250501153057.jpg,Insect Chewing Damage,4056
C:\Users\Fame IT\Videos\rwn\438\Dataset\Dataset\Insect Chewing Damage\IMG20250501153102.jpg,Insect Chewing Damage,4056
C:\Users\Fame IT\Videos\rwn\438\Dataset\Dataset\Insect Chewing Damage\IMG20250501153116.jpg,Insect Chewing Damage,4059
C:\Users\Fame IT\Videos\rwn\438\Dataset\Dataset\Insect Chewing Damage\IMG20250501153117.jpg,Insect Chewing Damage,4060
C:\Users\Fame IT\Videos\rwn\438\Dataset\Dataset\Insect Chewing Damage\IMG20250501153123.jpg,Insect Chewing Damage,4062
C:\Users\Fame IT\Videos\rwn\438\Dataset\Dataset\Insect Chewing Damage\IMG20250501153129.jpg,Insect Chewing Damage,4064
C:\Users\Fame IT\Videos\rwn\438\Dataset\Dataset\Insect Chewing Damage\IMG20250501153131.jpg,Insect Chewing Damage,4064
C:\Users\Fame IT\Videos\rwn\438\Dataset\Dataset\Insect Chewing Damage\IMG20250501153135.jpg,Insect Chewing Damage,4065
C:\Users\Fame IT\Videos\rwn\438\Dataset\Dataset\Insect Chewing Damage\IMG20250501153137.jpg,Insect Chewing Damage,4066
C:\Users\Fame IT\Videos\rwn\438\Dataset\Dataset\Insect Chewing Damage\IMG20250501153138.jpg,Insect Chewing Damage,4066
C:\Users\Fame IT\Videos\rwn\438\Dataset\Dataset\Insect Chewing Damage\IMG20250501153140.jpg,Insect Chewing Damage,4066
C:\Users\Fame IT\Videos\rwn\438\Dataset\Dataset\Insect Chewing Damage\IMG20250501153141.jpg,Insect Chewing Damage,4066
C:\Users\Fame IT\Videos\rwn\438\Dataset\Dataset\Insect Chewing Damage\IMG20250501153147.jpg,Insect Chewing Damage,4067
C:\Users\Fame IT\Videos\rwn\438\Dataset\Dataset\Insect Chewing Damage\IMG20250501153150.jpg,Insect Chewing Damage,4068
C:\Users\Fame IT\Videos\rwn\438\Dataset\Dataset\Insect Chewing Damage\IMG20250501153153.jpg,Insect Chewing Damage,4069
C:\Users\Fame IT\Videos\rwn\438\Dataset\Dataset\Insect Chewing Damage\IMG20250501153159.jpg,Insect Chewing Damage,4070
C:\Users\Fame IT\Videos\rwn\438\Dataset\Dataset\Insect Chewing Damage\IMG20250501153203.jpg,Insect Chewing Damage,4071
C:\Users\Fame IT\Videos\rwn\438\Dataset\Dataset\Insect Chewing Damage\IMG20250501153209.jpg,Insect Chewing Damage,4073
C:\Users\Fame IT\Videos\rwn\438\Dataset\Dataset\Insect Chewing Damage\IMG20250501153219.jpg,Insect Chewing Damage,4075
C:\Users\Fame IT\Videos\rwn\438\Dataset\Dataset\Insect Chewing Damage\IMG20250501153314.jpg,Insect Chewing Damage,4078
C:\Users\Fame IT\Videos\rwn\438\Dataset\Dataset\Insect Chewing Damage\IMG20250501153316.jpg,Insect Chewing Damage,4079
C:\Users\Fame IT\Videos\rwn\438\Dataset\Dataset\Insect Chewing Damage\IMG20250501153319.jpg,Insect Chewing Damage,4079
C:\Users\Fame IT\Videos\rwn\438\Dataset\Dataset\Insect Chewing Damage\IMG20250501153322.jpg,Insect Chewing Damage,4079
C:\Users\Fame IT\Videos\rwn\438\Dataset\Dataset\Insect Chewing Damage\IMG20250501153336.jpg,Insect Chewing Damage,4081
C:\Users\Fame IT\Videos\rwn\438\Dataset\Dataset\Insect Chewing Damage\IMG20250501153339.jpg,Insect Chewing Damage,4082
C:\Users\Fame IT\Videos\rwn\438\Dataset\Dataset\Insect Chewing Damage\IMG20250501153351.jpg,Insect Chewing Damage,4083
C:\Users\Fame IT\Videos\rwn\438\Dataset\Dataset\Insect Chewing Damage\IMG20250501153354.jpg,Insect Chewing Damage,4083
C:\Users\Fame IT\Videos\rwn\438\Dataset\Dataset\Insect Chewing Damage\IMG20250501153405.jpg,Insect Chewing Damage,4084
C:\Users\Fame IT\Videos\rwn\438\Dataset\Dataset\Insect Chewing Damage\IMG20250501153407.jpg,Insect Chewing Damage,4084
C:\Users\Fame IT\Videos\rwn\438\Dataset\Dataset\Insect Chewing Damage\IMG20250501153417.jpg,Insect Chewing Damage,4086
C:\Users\Fame IT\Videos\rwn\438\Dataset\Dataset\Insect Chewing Damage\IMG20250501153419.jpg,Insect Chewing Damage,4087
C:\Users\Fame IT\Videos\rwn\438\Dataset\Dataset\Insect Chewing Damage\IMG20250501153420.jpg,Insect Chewing Damage,4087
C:\Users\Fame IT\Videos\rwn\438\Dataset\Dataset\Insect Chewing Damage\IMG20250501153422.jpg,Insect Chewing Damage,4087
C:\Users\Fame IT\Videos\rwn\438\Dataset\Dataset\Insect Chewing Damage\IMG20250501153423.jpg,Insect Chewing Damage,4087
C:\Users\Fame IT\Videos\rwn\438\Dataset\Dataset\Insect Chewing Damage\IMG20250501153429.jpg,Insect Chewing Damage,4088
C:\Users\Fame IT\Videos\rwn\438\Dataset\Dataset\Insect Chewing Damage\IMG20250501153432.jpg,Insect Chewing Damage,4089
C:\Users\Fame IT\Videos\rwn\438\Dataset\Dataset\Insect Chewing Damage\IMG20250501153439.jpg,Insect Chewing Damage,4090
C:\Users\Fame IT\Videos\rwn\438\Dataset\Dataset\Insect Chewing Damage\IMG20250501153444.jpg,Insect Chewing Damage,4091
C:\Users\Fame IT\Videos\rwn\438\Dataset\Dataset\Insect Chewing Damage\IMG20250501153445.jpg,Insect Chewing Damage,4091
C:\Users\Fame IT\Videos\rwn\438\Dataset\Dataset\Insect Chewing Damage\IMG20250501153455.jpg,Insect Chewing Damage,4093
C:\Users\Fame IT\Videos\rwn\438\Dataset\Dataset\Insect Chewing Damage\IMG20250501153456.jpg,Insect Chewing Damage,4093
C:\Users\Fame IT\Videos\rwn\438\Dataset\Dataset\Insect Chewing Damage\IMG20250501153458.jpg,Insect Chewing Damage,4093
C:\Users\Fame IT\Videos\rwn\438\Dataset\Dataset\Insect Chewing Damage\IMG20250501153511.jpg,Insect Chewing Damage,4096
C:\Users\Fame IT\Videos\rwn\438\Dataset\Dataset\Insect Chewing Damage\IMG20250501153542.jpg,Insect Chewing Damage,4097
C:\Users\Fame IT\Videos\rwn\438\Dataset\Dataset\Insect Chewing Damage\IMG20250501153545.jpg,Insect Chewing Damage,4098
C:\Users\Fame IT\Videos\rwn\438\Dataset\Dataset\Leaf Blight Disease\IMG20250501171556.jpg,Leaf Blight Disease,4100
C:\Users\Fame IT\Videos\rwn\438\Dataset\Dataset\Leaf Blight Disease\IMG20250501171558.jpg,Leaf Blight Disease,4100
C:\Users\Fame IT\Videos\rwn\438\Dataset\Dataset\Leaf Blight Disease\IMG20250501171601.jpg,Leaf Blight Disease,4100
C:\Users\Fame IT\Videos\rwn\438\Dataset\Dataset\Leaf Blight Disease\IMG20250501171608.jpg,Leaf Blight Disease,4101
C:\Users\Fame IT\Videos\rwn\438\Dataset\Dataset\Leaf Blight Disease\IMG20250501171611.jpg,Leaf Blight Disease,4102
C:\Users\Fame IT\Videos\rwn\438\Dataset\Dataset\Leaf Blight Disease\IMG20250501171626.jpg,Leaf Blight Disease,4103
C:\Users\Fame IT\Videos\rwn\438\Dataset\Dataset\Leaf Blight Disease\IMG20250501171629.jpg,Leaf Blight Disease,4104
C:\Users\Fame IT\Videos\rwn\438\Dataset\Dataset\Leaf Blight Disease\IMG20250501171632.jpg,Leaf Blight Disease,4105
C:\Users\Fame IT\Videos\rwn\438\Dataset\Dataset\Leaf Blight Disease\IMG20250501171738.jpg,Leaf Blight Disease,4106
C:\Users\Fame IT\Videos\rwn\438\Dataset\Dataset\Leaf Blight Disease\IMG20250501171741.jpg,Leaf Blight Disease,4106
C:\Users\Fame IT\Videos\rwn\438\Dataset\Dataset\Leaf Blight Disease\IMG20250501171755.jpg,Leaf Blight Disease,4109
C:\Users\Fame IT\Videos\rwn\438\Dataset\Dataset\Leaf Blight Disease\IMG20250501171759.jpg,Leaf Blight Disease,4110
C:\Users\Fame IT\Videos\rwn\438\Dataset\Dataset\Leaf Blight Disease\IMG20250501171811.jpg,Leaf Blight Disease,4111
C:\Users\Fame IT\Videos\rwn\438\Dataset\Dataset\Leaf Blight Disease\IMG20250501171815.jpg,Leaf Blight Disease,4112
C:\Users\Fame IT\Videos\rwn\438\Dataset\Dataset\Leaf Blight Disease\IMG20250501171926.jpg,Leaf Blight Disease,4113
C:\Users\Fame IT\Videos\rwn\438\Dataset\Dataset\Leaf Blight Disease\IMG20250501171934.jpg,Leaf Blight Disease,4115
C:\Users\Fame IT\Videos\rwn\438\Dataset\Dataset\Leaf Blight Disease\IMG20250501171935.jpg,Leaf Blight Disease,4116
C:\Users\Fame IT\Videos\rwn\438\Dataset\Dataset\Leaf Blight Disease\IMG20250501171940.jpg,Leaf Blight Disease,4116
C:\Users\Fame IT\Videos\rwn\438\Dataset\Dataset\Leaf Blight Disease\IMG20250501171946.jpg,Leaf Blight Disease,4118
C:\Users\Fame IT\Videos\rwn\438\Dataset\Dataset\Leaf Blight Disease\IMG20250501171948.jpg,Leaf Blight Disease,4119
C:\Users\Fame IT\Videos\rwn\438\Dataset\Dataset\Leaf Blight Disease\IMG20250501171956.jpg,Leaf Blight Disease,4122
C:\Users\Fame IT\Videos\rwn\438\Dataset\Dataset\Leaf Blight Disease\IMG20250501172003.jpg,Leaf Blight Disease,4124
C:\Users\Fame IT\Videos\rwn\438\Dataset\Dataset\Leaf Blight Disease\IMG20250501172025.jpg,Leaf Blight Disease,4127
C:\Users\Fame IT\Videos\rwn\438\Dataset\Dataset\Leaf Blight Disease\IMG20250501172122.jpg,Leaf Blight Disease,4131
C:\Users\Fame IT\Videos\rwn\438\Dataset\Dataset\Leaf Blight Disease\IMG20250501172124.jpg,Leaf Blight Disease,4131
C:\Users\Fame IT\Videos\rwn\438\Dataset\Dataset\Leaf Blight Disease\IMG20250501172126.jpg,Leaf Blight Disease,4132
C:\Users\Fame IT\Videos\rwn\438\Dataset\Dataset\Leaf Blight Disease\IMG20250501172127.jpg,Leaf Blight Disease,4133
C:\Users\Fame IT\Videos\rwn\438\Dataset\Dataset\Leaf Blight Disease\IMG20250501172129.jpg,Leaf Blight Disease,4134
C:\Users\Fame IT\Videos\rwn\438\Dataset\Dataset\Leaf Blight Disease\IMG20250501172149.jpg,Leaf Blight Disease,4138
C:\Users\Fame IT\Videos\rwn\438\Dataset\Dataset\Leaf Blight Disease\IMG20250501172150.jpg,Leaf Blight Disease,4138
C:\Users\Fame IT\Videos\rwn\438\Dataset\Dataset\Leaf Blight Disease\IMG20250501172152.jpg,Leaf Blight Disease,4138
C:\Users\Fame IT\Videos\rwn\438\Dataset\Dataset\Leaf Blight Disease\IMG20250501172153.jpg,Leaf Blight Disease,4138
C:\Users\Fame IT\Videos\rwn\438\Dataset\Dataset\Leaf Blight Disease\IMG20250501172155.jpg,Leaf Blight Disease,4139
C:\Users\Fame IT\Videos\rwn\438\Dataset\Dataset\Leaf Blight Disease\IMG20250501172156.jpg,Leaf Blight Disease,4140
C:\Users\Fame IT\Videos\rwn\438\Dataset\Dataset\Leaf Blight Disease\IMG20250501172205.jpg,Leaf Blight Disease,4141
C:\Users\Fame IT\Videos\rwn\438\Dataset\Dataset\Leaf Blight Disease\IMG20250501172228.jpg,Leaf Blight Disease,4143
C:\Users\Fame IT\Videos\rwn\438\Dataset\Dataset\Leaf Blight Disease\IMG20250501172240.jpg,Leaf Blight Disease,4147
C:\Users\Fame IT\Videos\rwn\438\Dataset\Dataset\Leaf Blight Disease\IMG20250501172241.jpg,Leaf Blight Disease,4148
C:\Users\Fame IT\Videos\rwn\438\Dataset\Dataset\Leaf Blight Disease\IMG20250501172556.jpg,Leaf Blight Disease,4150
C:\Users\Fame IT\Videos\rwn\438\Dataset\Dataset\Leaf Blight Disease\IMG20250501172557.jpg,Leaf Blight Disease,4151
C:\Users\Fame IT\Videos\rwn\438\Dataset\Dataset\Leaf Blight Disease\IMG20250501172558.jpg,Leaf Blight Disease,4151
C:\Users\Fame IT\Videos\rwn\438\Dataset\Dataset\Leaf Blight Disease\IMG20250501172559.jpg,Leaf Blight Disease,4151
C:\Users\Fame IT\Videos\rwn\438\Dataset\Dataset\Leaf Blight Disease\IMG20250501172606.jpg,Leaf Blight Disease,4152
C:\Users\Fame IT\Videos\rwn\438\Dataset\Dataset\Leaf Blight Disease\IMG20250501172607.jpg,Leaf Blight Disease,4153
C:\Users\Fame IT\Videos\rwn\438\Dataset\Dataset\Leaf Blight Disease\IMG20250501172609.jpg,Leaf Blight Disease,4154
C:\Users\Fame IT\Videos\rwn\438\Dataset\Dataset\Leaf Blight Disease\IMG20250501172614.jpg,Leaf Blight Disease,4156
C:\Users\Fame IT\Videos\rwn\438\Dataset\Dataset\Leaf Blight Disease\IMG20250501172700.jpg,Leaf Blight Disease,4158
C:\Users\Fame IT\Videos\rwn\438\Dataset\Dataset\Leaf Blight Disease\IMG20250501172703.jpg,Leaf Blight Disease,4159
C:\Users\Fame IT\Videos\rwn\438\Dataset\Dataset\Leaf Blight Disease\IMG20250501172704.jpg,Leaf Blight Disease,4159
C:\Users\Fame IT\Videos\rwn\438\Dataset\Dataset\Leaf Blight Disease\IMG20250501172705.jpg,Leaf Blight Disease,4159
C:\Users\Fame IT\Videos\rwn\438\Dataset\Dataset\Leaf Blight Disease\IMG20250501172707.jpg,Leaf Blight Disease,4160
C:\Users\Fame IT\Videos\rwn\438\Dataset\Dataset\Leaf Blight Disease\IMG20250501172708.jpg,Leaf Blight Disease,4160
C:\Users\Fame IT\Videos\rwn\438\Dataset\Dataset\Leaf Blight Disease\IMG20250501172709.jpg,Leaf Blight Disease,4160
C:\Users\Fame IT\Videos\rwn\438\Dataset\Dataset\Leaf Blight Disease\IMG20250501172711.jpg,Leaf Blight Disease,4161
C:\Users\Fame IT\Videos\rwn\438\Dataset\Dataset\Leaf Blight Disease\IMG20250501172712.jpg,Leaf Blight Disease,4161
C:\Users\Fame IT\Videos\rwn\438\Dataset\Dataset\Leaf Blight Disease\IMG20250501172714.jpg,Leaf Blight Disease,4162
C:\Users\Fame IT\Videos\rwn\438\Dataset\Dataset\Leaf Blight Disease\IMG20250501172716.jpg,Leaf Blight Disease,4163
C:\Users\Fame IT\Videos\rwn\438\Dataset\Dataset\Leaf Blight Disease\IMG20250501172722.jpg,Leaf Blight Disease,4164
C:\Users\Fame IT\Videos\rwn\438\Dataset\Dataset\Leaf Blight Disease\IMG20250501172724.jpg,Leaf Blight Disease,4166
C:\Users\Fame IT\Videos\rwn\438\Dataset\Dataset\Leaf Blight Disease\IMG20250501172726.jpg,Leaf Blight Disease,4167
C:\Users\Fame IT\Videos\rwn\438\Dataset\Dataset\Leaf Blight Disease\IMG20250501172727.jpg,Leaf Blight Disease,4167
C:\Users\Fame IT\Videos\rwn\438\Dataset\Dataset\Leaf Blight Disease\IMG20250501172728.jpg,Leaf Blight Disease,4167
C:\Users\Fame IT\Videos\rwn\438\Dataset\Dataset\Leaf Blight Disease\IMG20250501172729.jpg,Leaf Blight Disease,4167
C:\Users\Fame IT\Videos\rwn\438\Dataset\Dataset\Leaf Blight Disease\IMG20250501172731.jpg,Leaf Blight Disease,4167
C:\Users\Fame IT\Videos\rwn\438\Dataset\Dataset\Leaf Blight Disease\IMG20250501172732.jpg,Leaf Blight Disease,4167
C:\Users\Fame IT\Videos\rwn\438\Dataset\Dataset\Leaf Blight Disease\IMG20250501172745.jpg,Leaf Blight Disease,4169
C:\Users\Fame IT\Videos\rwn\438\Dataset\Dataset\Leaf Blight Disease\IMG20250501172746.jpg,Leaf Blight Disease,4170
C:\Users\Fame IT\Videos\rwn\438\Dataset\Dataset\Leaf Blight Disease\IMG20250501172747.jpg,Leaf Blight Disease,4170
C:\Users\Fame IT\Videos\rwn\438\Dataset\Dataset\Leaf Blight Disease\IMG20250501172749.jpg,Leaf Blight Disease,4171
C:\Users\Fame IT\Videos\rwn\438\Dataset\Dataset\Leaf Blight Disease\IMG20250501172801.jpg,Leaf Blight Disease,4173
C:\Users\Fame IT\Videos\rwn\438\Dataset\Dataset\Leaf Blight Disease\IMG20250501172802.jpg,Leaf Blight Disease,4174
C:\Users\Fame IT\Videos\rwn\438\Dataset\Dataset\Leaf Blight Disease\IMG20250501172803.jpg,Leaf Blight Disease,4174
C:\Users\Fame IT\Videos\rwn\438\Dataset\Dataset\Leaf Blight Disease\IMG20250501172805.jpg,Leaf Blight Disease,4175
C:\Users\Fame IT\Videos\rwn\438\Dataset\Dataset\Leaf Blight Disease\IMG20250501172806.jpg,Leaf Blight Disease,4175
C:\Users\Fame IT\Videos\rwn\438\Dataset\Dataset\Leaf Blight Disease\IMG20250501172850.jpg,Leaf Blight Disease,4180
C:\Users\Fame IT\Videos\rwn\438\Dataset\Dataset\Leaf Blight Disease\IMG20250501172851.jpg,Leaf Blight Disease,4181
C:\Users\Fame IT\Videos\rwn\438\Dataset\Dataset\Leaf Blight Disease\IMG20250501172852.jpg,Leaf Blight Disease,4182
C:\Users\Fame IT\Videos\rwn\438\Dataset\Dataset\Leaf Blight Disease\IMG20250501172854.jpg,Leaf Blight Disease,4182
C:\Users\Fame IT\Videos\rwn\438\Dataset\Dataset\Leaf Blight Disease\IMG20250501172855.jpg,Leaf Blight Disease,4182
C:\Users\Fame IT\Videos\rwn\438\Dataset\Dataset\Leaf Blight Disease\IMG20250501172856.jpg,Leaf Blight Disease,4183
C:\Users\Fame IT\Videos\rwn\438\Dataset\Dataset\Leaf Blight Disease\IMG20250501172902.jpg,Leaf Blight Disease,4185
C:\Users\Fame IT\Videos\rwn\438\Dataset\Dataset\Leaf Blight Disease\IMG20250501172916.jpg,Leaf Blight Disease,4187
C:\Users\Fame IT\Videos\rwn\438\Dataset\Dataset\Leaf Blight Disease\IMG20250501172935.jpg,Leaf Blight Disease,4189
C:\Users\Fame IT\Videos\rwn\438\Dataset\Dataset\Leaf Blight Disease\IMG20250501172937.jpg,Leaf Blight Disease,4190
C:\Users\Fame IT\Videos\rwn\438\Dataset\Dataset\Leaf Blight Disease\IMG20250501172938.jpg,Leaf Blight Disease,4190
C:\Users\Fame IT\Videos\rwn\438\Dataset\Dataset\Leaf Blight Disease\IMG20250501172939.jpg,Leaf Blight Disease,4191
C:\Users\Fame IT\Videos\rwn\438\Dataset\Dataset\Leaf Blight Disease\IMG20250501172940.jpg,Leaf Blight Disease,4190
C:\Users\Fame IT\Videos\rwn\438\Dataset\Dataset\Leaf Blight Disease\IMG20250501172942.jpg,Leaf Blight Disease,4190
C:\Users\Fame IT\Videos\rwn\438\Dataset\Dataset\Leaf Blight Disease\IMG20250501172943.jpg,Leaf Blight Disease,4190
C:\Users\Fame IT\Videos\rwn\438\Dataset\Dataset\Leaf Blight Disease\IMG20250501172944.jpg,Leaf Blight Disease,4190
C:\Users\Fame IT\Videos\rwn\438\Dataset\Dataset\Leaf Blight Disease\IMG20250501172945.jpg,Leaf Blight Disease,4192
C:\Users\Fame IT\Videos\rwn\438\Dataset\Dataset\Leaf Blight Disease\IMG20250501172947.jpg,Leaf Blight Disease,4192
C:\Users\Fame IT\Videos\rwn\438\Dataset\Dataset\Leaf Blight Disease\IMG20250501172948.jpg,Leaf Blight Disease,4192
C:\Users\Fame IT\Videos\rwn\438\Dataset\Dataset\Leaf Blight Disease\IMG20250501172953.jpg,Leaf Blight Disease,4193
C:\Users\Fame IT\Videos\rwn\438\Dataset\Dataset\Leaf Blight Disease\IMG20250501172954.jpg,Leaf Blight Disease,4193
C:\Users\Fame IT\Videos\rwn\438\Dataset\Dataset\Leaf Blight Disease\IMG20250501172955.jpg,Leaf Blight Disease,4193
C:\Users\Fame IT\Videos\rwn\438\Dataset\Dataset\Leaf Blight Disease\IMG20250501172956.jpg,Leaf Blight Disease,4193
C:\Users\Fame IT\Videos\rwn\438\Dataset\Dataset\Leaf Blight Disease\IMG20250501172957.jpg,Leaf Blight Disease,4193
C:\Users\Fame IT\Videos\rwn\438\Dataset\Dataset\Leaf Blight Disease\IMG20250501172959.jpg,Leaf Blight Disease,4193
C:\Users\Fame IT\Videos\rwn\438\Dataset\Dataset\Leaf Blight Disease\IMG20250501173000.jpg,Leaf Blight Disease,4193
C:\Users\Fame IT\Videos\rwn\438\Dataset\Dataset\Leaf Blight Disease\IMG20250501173002.jpg,Leaf Blight Disease,4193
C:\Users\Fame IT\Videos\rwn\438\Dataset\Dataset\Leaf Blight Disease\IMG20250501173003.jpg,Leaf Blight Disease,4193
C:\Users\Fame IT\Videos\rwn\438\Dataset\Dataset\Leaf Blight Disease\IMG20250501173027.jpg,Leaf Blight Disease,4195
C:\Users\Fame IT\Videos\rwn\438\Dataset\Dataset\Leaf Blight Disease\IMG20250501173029.jpg,Leaf Blight Disease,4196
C:\Users\Fame IT\Videos\rwn\438\Dataset\Dataset\Leaf Blight Disease\IMG20250501173030.jpg,Leaf Blight Disease,4196
C:\Users\Fame IT\Videos\rwn\438\Dataset\Dataset\Leaf Blight Disease\IMG20250501173031.jpg,Leaf Blight Disease,4196
C:\Users\Fame IT\Videos\rwn\438\Dataset\Dataset\Leaf Blight Disease\IMG20250501173032.jpg,Leaf Blight Disease,4196
C:\Users\Fame IT\Videos\rwn\438\Dataset\Dataset\Leaf Blight Disease\IMG20250501173034.jpg,Leaf Blight Disease,4196
C:\Users\Fame IT\Videos\rwn\438\Dataset\Dataset\Leaf Blight Disease\IMG20250501173035.jpg,Leaf Blight Disease,4196
C:\Users\Fame IT\Videos\rwn\438\Dataset\Dataset\Leaf Blight Disease\IMG20250501173037.jpg,Leaf Blight Disease,4196
C:\Users\Fame IT\Videos\rwn\438\Dataset\Dataset\Leaf Blight Disease\IMG20250501173038.jpg,Leaf Blight Disease,4196
C:\Users\Fame IT\Videos\rwn\438\Dataset\Dataset\Leaf Blight Disease\IMG20250501173039.jpg,Leaf Blight Disease,4196
C:\Users\Fame IT\Videos\rwn\438\Dataset\Dataset\Leaf Blight Disease\IMG20250501173041.jpg,Leaf Blight Disease,4196
C:\Users\Fame IT\Videos\rwn\438\Dataset\Dataset\Leaf Blight Disease\IMG20250501173042.jpg,Leaf Blight Disease,4196
C:\Users\Fame IT\Videos\rwn\438\Dataset\Dataset\Leaf Blight Disease\IMG20250501173044.jpg,Leaf Blight Disease,4196
C:\Users\Fame IT\Videos\rwn\438\Dataset\Dataset\Leaf Blight Disease\IMG20250501173045.jpg,Leaf Blight Disease,4196
C:\Users\Fame IT\Videos\rwn\438\Dataset\Dataset\Leaf Blight Disease\IMG20250501173047.jpg,Leaf Blight Disease,4196
C:\Users\Fame IT\Videos\rwn\438\Dataset\Dataset\Leaf Blight Disease\IMG20250501173056.jpg,Leaf Blight Disease,4198
C:\Users\Fame IT\Videos\rwn\438\Dataset\Dataset\Leaf Blight Disease\IMG20250501173057.jpg,Leaf Blight Disease,4198
C:\Users\Fame IT\Videos\rwn\438\Dataset\Dataset\Leaf Blight Disease\IMG20250501173058.jpg,Leaf Blight Disease,4198
C:\Users\Fame IT\Videos\rwn\438\Dataset\Dataset\Leaf Blight Disease\IMG20250501173059.jpg,Leaf Blight Disease,4199
C:\Users\Fame IT\Videos\rwn\438\Dataset\Dataset\Leaf Blight Disease\IMG20250501173100.jpg,Leaf Blight Disease,4199
C:\Users\Fame IT\Videos\rwn\438\Dataset\Dataset\Leaf Blight Disease\IMG20250501173112.jpg,Leaf Blight Disease,4201
C:\Users\Fame IT\Videos\rwn\438\Dataset\Dataset\Leaf Blight Disease\IMG20250501173115.jpg,Leaf Blight Disease,4203
C:\Users\Fame IT\Videos\rwn\438\Dataset\Dataset\Leaf Blight Disease\IMG20250501173116.jpg,Leaf Blight Disease,4204
C:\Users\Fame IT\Videos\rwn\438\Dataset\Dataset\Leaf Blight Disease\IMG20250501173117.jpg,Leaf Blight Disease,4205
C:\Users\Fame IT\Videos\rwn\438\Dataset\Dataset\Leaf Blight Disease\IMG20250501173123.jpg,Leaf Blight Disease,4206
C:\Users\Fame IT\Videos\rwn\438\Dataset\Dataset\Leaf Blight Disease\IMG20250501173125.jpg,Leaf Blight Disease,4207
C:\Users\Fame IT\Videos\rwn\438\Dataset\Dataset\Leaf Blight Disease\IMG20250501173126.jpg,Leaf Blight Disease,4208
C:\Users\Fame IT\Videos\rwn\438\Dataset\Dataset\Leaf Blight Disease\IMG20250501173133.jpg,Leaf Blight Disease,4211
C:\Users\Fame IT\Videos\rwn\438\Dataset\Dataset\Leaf Blight Disease\IMG20250501173135.jpg,Leaf Blight Disease,4211
C:\Users\Fame IT\Videos\rwn\438\Dataset\Dataset\Leaf Blight Disease\IMG20250501173136.jpg,Leaf Blight Disease,4212
C:\Users\Fame IT\Videos\rwn\438\Dataset\Dataset\Leaf Blight Disease\IMG20250501173137.jpg,Leaf Blight Disease,4212
C:\Users\Fame IT\Videos\rwn\438\Dataset\Dataset\Leaf Blight Disease\IMG20250501173138.jpg,Leaf Blight Disease,4212
C:\Users\Fame IT\Videos\rwn\438\Dataset\Dataset\Leaf Blight Disease\IMG20250501173140.jpg,Leaf Blight Disease,4212
C:\Users\Fame IT\Videos\rwn\438\Dataset\Dataset\Leaf Blight Disease\IMG20250501173141.jpg,Leaf Blight Disease,4212
C:\Users\Fame IT\Videos\rwn\438\Dataset\Dataset\Leaf Blight Disease\IMG20250501173145.jpg,Leaf Blight Disease,4213
C:\Users\Fame IT\Videos\rwn\438\Dataset\Dataset\Leaf Blight Disease\IMG20250501173146.jpg,Leaf Blight Disease,4214
C:\Users\Fame IT\Videos\rwn\438\Dataset\Dataset\Leaf Blight Disease\IMG20250501173149.jpg,Leaf Blight Disease,4215
C:\Users\Fame IT\Videos\rwn\438\Dataset\Dataset\Leaf Blight Disease\IMG20250501173151.jpg,Leaf Blight Disease,4216
C:\Users\Fame IT\Videos\rwn\438\Dataset\Dataset\Leaf Blight Disease\IMG20250501173152.jpg,Leaf Blight Disease,4217
C:\Users\Fame IT\Videos\rwn\438\Dataset\Dataset\Leaf Blight Disease\IMG20250501173256.jpg,Leaf Blight Disease,4218
C:\Users\Fame IT\Videos\rwn\438\Dataset\Dataset\Leaf Blight Disease\IMG20250501173259.jpg,Leaf Blight Disease,4219
C:\Users\Fame IT\Videos\rwn\438\Dataset\Dataset\Leaf Blight Disease\IMG20250501173300.jpg,Leaf Blight Disease,4219
C:\Users\Fame IT\Videos\rwn\438\Dataset\Dataset\Leaf Blight Disease\IMG20250501173305.jpg,Leaf Blight Disease,4220
C:\Users\Fame IT\Videos\rwn\438\Dataset\Dataset\Leaf Blight Disease\IMG20250501173309.jpg,Leaf Blight Disease,4222
C:\Users\Fame IT\Videos\rwn\438\Dataset\Dataset\Leaf Blight Disease\IMG20250501173310.jpg,Leaf Blight Disease,4222
C:\Users\Fame IT\Videos\rwn\438\Dataset\Dataset\Leaf Blight Disease\IMG20250501173312.jpg,Leaf Blight Disease,4222
C:\Users\Fame IT\Videos\rwn\438\Dataset\Dataset\Leaf Blight Disease\IMG20250501173313.jpg,Leaf Blight Disease,4222
C:\Users\Fame IT\Videos\rwn\438\Dataset\Dataset\Leaf Blight Disease\IMG20250501173314.jpg,Leaf Blight Disease,4222
C:\Users\Fame IT\Videos\rwn\438\Dataset\Dataset\Leaf Blight Disease\IMG20250501173316.jpg,Leaf Blight Disease,4222
C:\Users\Fame IT\Videos\rwn\438\Dataset\Dataset\Leaf Blight Disease\IMG20250501173318.jpg,Leaf Blight Disease,4222
C:\Users\Fame IT\Videos\rwn\438\Dataset\Dataset\Leaf Blight Disease\IMG20250501173319.jpg,Leaf Blight Disease,4222
C:\Users\Fame IT\Videos\rwn\438\Dataset\Dataset\Leaf Blight Disease\IMG20250501173320.jpg,Leaf Blight Disease,4222
C:\Users\Fame IT\Videos\rwn\438\Dataset\Dataset\Leaf Blight Disease\IMG20250501173329.jpg,Leaf Blight Disease,4224
C:\Users\Fame IT\Videos\rwn\438\Dataset\Dataset\Leaf Blight Disease\IMG20250501173330.jpg,Leaf Blight Disease,4224
C:\Users\Fame IT\Videos\rwn\438\Dataset\Dataset\Leaf Blight Disease\IMG20250501173331.jpg,Leaf Blight Disease,4224
C:\Users\Fame IT\Videos\rwn\438\Dataset\Dataset\Leaf Blight Disease\IMG20250501173333.jpg,Leaf Blight Disease,4224
C:\Users\Fame IT\Videos\rwn\438\Dataset\Dataset\Leaf Blight Disease\IMG20250501173334.jpg,Leaf Blight Disease,4224
C:\Users\Fame IT\Videos\rwn\438\Dataset\Dataset\Leaf Blight Disease\IMG20250501173336.jpg,Leaf Blight Disease,4225
C:\Users\Fame IT\Videos\rwn\438\Dataset\Dataset\Leaf Blight Disease\IMG20250501173338.jpg,Leaf Blight Disease,4226
C:\Users\Fame IT\Videos\rwn\438\Dataset\Dataset\Leaf Blight Disease\IMG20250501173340.jpg,Leaf Blight Disease,4226
C:\Users\Fame IT\Videos\rwn\438\Dataset\Dataset\Leaf Blight Disease\IMG20250501173346.jpg,Leaf Blight Disease,4227
C:\Users\Fame IT\Videos\rwn\438\Dataset\Dataset\Leaf Blight Disease\IMG20250501173348.jpg,Leaf Blight Disease,4228
C:\Users\Fame IT\Videos\rwn\438\Dataset\Dataset\Leaf Blight Disease\IMG20250501173349.jpg,Leaf Blight Disease,4228
C:\Users\Fame IT\Videos\rwn\438\Dataset\Dataset\Leaf Blight Disease\IMG20250501173350.jpg,Leaf Blight Disease,4228
C:\Users\Fame IT\Videos\rwn\438\Dataset\Dataset\Leaf Blight Disease\IMG20250501173351.jpg,Leaf Blight Disease,4228
C:\Users\Fame IT\Videos\rwn\438\Dataset\Dataset\Leaf Blight Disease\IMG20250501173353.jpg,Leaf Blight Disease,4228
C:\Users\Fame IT\Videos\rwn\438\Dataset\Dataset\Leaf Blight Disease\IMG20250501173354.jpg,Leaf Blight Disease,4228
C:\Users\Fame IT\Videos\rwn\438\Dataset\Dataset\Leaf Blight Disease\IMG20250501173356.jpg,Leaf Blight Disease,4228
C:\Users\Fame IT\Videos\rwn\438\Dataset\Dataset\Leaf Blight Disease\IMG20250501173357.jpg,Leaf Blight Disease,4228
C:\Users\Fame IT\Videos\rwn\438\Dataset\Dataset\Leaf Blight Disease\IMG20250501173358.jpg,Leaf Blight Disease,4228
C:\Users\Fame IT\Videos\rwn\438\Dataset\Dataset\Leaf Blight Disease\IMG20250501173400.jpg,Leaf Blight Disease,4228
C:\Users\Fame IT\Videos\rwn\438\Dataset\Dataset\Leaf Blight Disease\IMG20250501173401.jpg,Leaf Blight Disease,4228
C:\Users\Fame IT\Videos\rwn\438\Dataset\Dataset\Leaf Blight Disease\IMG20250501173403.jpg,Leaf Blight Disease,4228
C:\Users\Fame IT\Videos\rwn\438\Dataset\Dataset\Leaf Blight Disease\IMG20250501173404.jpg,Leaf Blight Disease,4228
C:\Users\Fame IT\Videos\rwn\438\Dataset\Dataset\Leaf Blight Disease\IMG20250501173409.jpg,Leaf Blight Disease,4229
C:\Users\Fame IT\Videos\rwn\438\Dataset\Dataset\Leaf Blight Disease\IMG20250501173411.jpg,Leaf Blight Disease,4230
C:\Users\Fame IT\Videos\rwn\438\Dataset\Dataset\Leaf Blight Disease\IMG20250501173414.jpg,Leaf Blight Disease,4231
C:\Users\Fame IT\Videos\rwn\438\Dataset\Dataset\Leaf Blight Disease\IMG20250501173425.jpg,Leaf Blight Disease,4234
C:\Users\Fame IT\Videos\rwn\438\Dataset\Dataset\Leaf Blight Disease\IMG20250501173426.jpg,Leaf Blight Disease,4235
C:\Users\Fame IT\Videos\rwn\438\Dataset\Dataset\Leaf Blight Disease\IMG20250501173427.jpg,Leaf Blight Disease,4235
C:\Users\Fame IT\Videos\rwn\438\Dataset\Dataset\Leaf Blight Disease\IMG20250501173429.jpg,Leaf Blight Disease,4235
C:\Users\Fame IT\Videos\rwn\438\Dataset\Dataset\Leaf Blight Disease\IMG20250501173430.jpg,Leaf Blight Disease,4235
C:\Users\Fame IT\Videos\rwn\438\Dataset\Dataset\Leaf Blight Disease\IMG20250501173431.jpg,Leaf Blight Disease,4235
C:\Users\Fame IT\Videos\rwn\438\Dataset\Dataset\Leaf Blight Disease\IMG20250501173432.jpg,Leaf Blight Disease,4235
C:\Users\Fame IT\Videos\rwn\438\Dataset\Dataset\Leaf Blight Disease\IMG20250501173434.jpg,Leaf Blight Disease,4235
C:\Users\Fame IT\Videos\rwn\438\Dataset\Dataset\Leaf Blight Disease\IMG20250501173440.jpg,Leaf Blight Disease,4236
C:\Users\Fame IT\Videos\rwn\438\Dataset\Dataset\Leaf Blight Disease\IMG20250501173441.jpg,Leaf Blight Disease,4236
C:\Users\Fame IT\Videos\rwn\438\Dataset\Dataset\Leaf Blight Disease\IMG20250501173443.jpg,Leaf Blight Disease,4236
C:\Users\Fame IT\Videos\rwn\438\Dataset\Dataset\Leaf Blight Disease\IMG20250501173444.jpg,Leaf Blight Disease,4236
C:\Users\Fame IT\Videos\rwn\438\Dataset\Dataset\Leaf Blight Disease\IMG20250501173445.jpg,Leaf Blight Disease,4236
C:\Users\Fame IT\Videos\rwn\438\Dataset\Dataset\Leaf Blight Disease\IMG20250501173446.jpg,Leaf Blight Disease,4236
C:\Users\Fame IT\Videos\rwn\438\Dataset\Dataset\Leaf Blight Disease\IMG20250501173501.jpg,Leaf Blight Disease,4238
C:\Users\Fame IT\Videos\rwn\438\Dataset\Dataset\Leaf Blight Disease\IMG20250501173503.jpg,Leaf Blight Disease,4239
C:\Users\Fame IT\Videos\rwn\438\Dataset\Dataset\Leaf Blight Disease\IMG20250501173504.jpg,Leaf Blight Disease,4239
C:\Users\Fame IT\Videos\rwn\438\Dataset\Dataset\Leaf Blight Disease\IMG20250501173506.jpg,Leaf Blight Disease,4239
C:\Users\Fame IT\Videos\rwn\438\Dataset\Dataset\Leaf Blight Disease\IMG20250501173507.jpg,Leaf Blight Disease,4239
C:\Users\Fame IT\Videos\rwn\438\Dataset\Dataset\Leaf Blight Disease\IMG20250501173508.jpg,Leaf Blight Disease,4239
C:\Users\Fame IT\Videos\rwn\438\Dataset\Dataset\Leaf Blight Disease\IMG20250501173509.jpg,Leaf Blight Disease,4239
C:\Users\Fame IT\Videos\rwn\438\Dataset\Dataset\Leaf Blight Disease\IMG20250501173511.jpg,Leaf Blight Disease,4239
C:\Users\Fame IT\Videos\rwn\438\Dataset\Dataset\Leaf Blight Disease\IMG20250501173515.jpg,Leaf Blight Disease,4240
C:\Users\Fame IT\Videos\rwn\438\Dataset\Dataset\Leaf Blight Disease\IMG20250501173516.jpg,Leaf Blight Disease,4241
C:\Users\Fame IT\Videos\rwn\438\Dataset\Dataset\Leaf Blight Disease\IMG20250501173518.jpg,Leaf Blight Disease,4241
C:\Users\Fame IT\Videos\rwn\438\Dataset\Dataset\Leaf Blight Disease\IMG20250501173519.jpg,Leaf Blight Disease,4242
C:\Users\Fame IT\Videos\rwn\438\Dataset\Dataset\Leaf Blight Disease\IMG20250501173520.jpg,Leaf Blight Disease,4242
C:\Users\Fame IT\Videos\rwn\438\Dataset\Dataset\Leaf Blight Disease\IMG20250501173521.jpg,Leaf Blight Disease,4242
C:\Users\Fame IT\Videos\rwn\438\Dataset\Dataset\Leaf Blight Disease\IMG20250501173527.jpg,Leaf Blight Disease,4244
C:\Users\Fame IT\Videos\rwn\438\Dataset\Dataset\Leaf Blight Disease\IMG20250501173529.jpg,Leaf Blight Disease,4245
C:\Users\Fame IT\Videos\rwn\438\Dataset\Dataset\Leaf Blight Disease\IMG20250501173530.jpg,Leaf Blight Disease,4245
C:\Users\Fame IT\Videos\rwn\438\Dataset\Dataset\Leaf Blight Disease\IMG20250501173531.jpg,Leaf Blight Disease,4245
C:\Users\Fame IT\Videos\rwn\438\Dataset\Dataset\Leaf Blight Disease\IMG20250501173558.jpg,Leaf Blight Disease,4250
C:\Users\Fame IT\Videos\rwn\438\Dataset\Dataset\Leaf Blight Disease\IMG20250501173604.jpg,Leaf Blight Disease,4252
C:\Users\Fame IT\Videos\rwn\438\Dataset\Dataset\Leaf Blight Disease\IMG20250501173605.jpg,Leaf Blight Disease,4253
C:\Users\Fame IT\Videos\rwn\438\Dataset\Dataset\Leaf Blight Disease\IMG20250501173607.jpg,Leaf Blight Disease,4254
C:\Users\Fame IT\Videos\rwn\438\Dataset\Dataset\Leaf Blight Disease\IMG20250501173608.jpg,Leaf Blight Disease,4255
C:\Users\Fame IT\Videos\rwn\438\Dataset\Dataset\Leaf Blight Disease\IMG20250501173609.jpg,Leaf Blight Disease,4255
C:\Users\Fame IT\Videos\rwn\438\Dataset\Dataset\Leaf Blight Disease\IMG20250501173611.jpg,Leaf Blight Disease,4256
C:\Users\Fame IT\Videos\rwn\438\Dataset\Dataset\Leaf Blight Disease\IMG20250501173618.jpg,Leaf Blight Disease,4259
C:\Users\Fame IT\Videos\rwn\438\Dataset\Dataset\Leaf Blight Disease\IMG20250501173626.jpg,Leaf Blight Disease,4261
C:\Users\Fame IT\Videos\rwn\438\Dataset\Dataset\Leaf Blight Disease\IMG20250501173627.jpg,Leaf Blight Disease,4262
C:\Users\Fame IT\Videos\rwn\438\Dataset\Dataset\Leaf Blight Disease\IMG20250501173628.jpg,Leaf Blight Disease,4262
C:\Users\Fame IT\Videos\rwn\438\Dataset\Dataset\Leaf Blight Disease\IMG20250501173633.jpg,Leaf Blight Disease,4263
C:\Users\Fame IT\Videos\rwn\438\Dataset\Dataset\Leaf Blight Disease\IMG20250501173637.jpg,Leaf Blight Disease,4265
C:\Users\Fame IT\Videos\rwn\438\Dataset\Dataset\Leaf Blight Disease\IMG20250501173638.jpg,Leaf Blight Disease,4265
C:\Users\Fame IT\Videos\rwn\438\Dataset\Dataset\Leaf Blight Disease\IMG20250501173639.jpg,Leaf Blight Disease,4266
C:\Users\Fame IT\Videos\rwn\438\Dataset\Dataset\Leaf Blight Disease\IMG20250501173640.jpg,Leaf Blight Disease,4266
C:\Users\Fame IT\Videos\rwn\438\Dataset\Dataset\Leaf Blight Disease\IMG20250501173703.jpg,Leaf Blight Disease,4270
C:\Users\Fame IT\Videos\rwn\438\Dataset\Dataset\Leaf Blight Disease\IMG20250501173705.jpg,Leaf Blight Disease,4271
C:\Users\Fame IT\Videos\rwn\438\Dataset\Dataset\Leaf Blight Disease\IMG20250501173706.jpg,Leaf Blight Disease,4271
C:\Users\Fame IT\Videos\rwn\438\Dataset\Dataset\Leaf Blight Disease\IMG20250501173707.jpg,Leaf Blight Disease,4271
C:\Users\Fame IT\Videos\rwn\438\Dataset\Dataset\Leaf Blight Disease\IMG20250501173708.jpg,Leaf Blight Disease,4271
C:\Users\Fame IT\Videos\rwn\438\Dataset\Dataset\Leaf Blight Disease\IMG20250501173711.jpg,Leaf Blight Disease,4272
C:\Users\Fame IT\Videos\rwn\438\Dataset\Dataset\Leaf Blight Disease\IMG20250501173713.jpg,Leaf Blight Disease,4273
C:\Users\Fame IT\Videos\rwn\438\Dataset\Dataset\Leaf Blight Disease\IMG20250501173714.jpg,Leaf Blight Disease,4274
C:\Users\Fame IT\Videos\rwn\438\Dataset\Dataset\Leaf Blight Disease\IMG20250501173717.jpg,Leaf Blight Disease,4275
C:\Users\Fame IT\Videos\rwn\438\Dataset\Dataset\Leaf Blight Disease\IMG20250501173721.jpg,Leaf Blight Disease,4278
C:\Users\Fame IT\Videos\rwn\438\Dataset\Dataset\Leaf Blight Disease\IMG20250501173722.jpg,Leaf Blight Disease,4278
C:\Users\Fame IT\Videos\rwn\438\Dataset\Dataset\Leaf Blight Disease\IMG20250501173723.jpg,Leaf Blight Disease,4278
C:\Users\Fame IT\Videos\rwn\438\Dataset\Dataset\Leaf Blight Disease\IMG20250501173728.jpg,Leaf Blight Disease,4279
C:\Users\Fame IT\Videos\rwn\438\Dataset\Dataset\Leaf Blight Disease\IMG20250501173729.jpg,Leaf Blight Disease,4279
C:\Users\Fame IT\Videos\rwn\438\Dataset\Dataset\Leaf Blight Disease\IMG20250501173730.jpg,Leaf Blight Disease,4280
C:\Users\Fame IT\Videos\rwn\438\Dataset\Dataset\Leaf Blight Disease\IMG20250501173732.jpg,Leaf Blight Disease,4279
C:\Users\Fame IT\Videos\rwn\438\Dataset\Dataset\Leaf Blight Disease\IMG20250501173733.jpg,Leaf Blight Disease,4280
C:\Users\Fame IT\Videos\rwn\438\Dataset\Dataset\Leaf Blight Disease\IMG20250501173734.jpg,Leaf Blight Disease,4280
C:\Users\Fame IT\Videos\rwn\438\Dataset\Dataset\Leaf Blight Disease\IMG20250501173819.jpg,Leaf Blight Disease,4281
C:\Users\Fame IT\Videos\rwn\438\Dataset\Dataset\Leaf Blight Disease\IMG20250501173823.jpg,Leaf Blight Disease,4282
C:\Users\Fame IT\Videos\rwn\438\Dataset\Dataset\Leaf Blight Disease\IMG20250501173826.jpg,Leaf Blight Disease,4284
C:\Users\Fame IT\Videos\rwn\438\Dataset\Dataset\Leaf Blight Disease\IMG20250501173834.jpg,Leaf Blight Disease,4285
C:\Users\Fame IT\Videos\rwn\438\Dataset\Dataset\Leaf Blight Disease\IMG20250501173835.jpg,Leaf Blight Disease,4286
C:\Users\Fame IT\Videos\rwn\438\Dataset\Dataset\Leaf Blight Disease\IMG20250501173839.jpg,Leaf Blight Disease,4287
C:\Users\Fame IT\Videos\rwn\438\Dataset\Dataset\Leaf Blight Disease\IMG20250501173840.jpg,Leaf Blight Disease,4287
C:\Users\Fame IT\Videos\rwn\438\Dataset\Dataset\Leaf Blight Disease\IMG20250501173841.jpg,Leaf Blight Disease,4287
C:\Users\Fame IT\Videos\rwn\438\Dataset\Dataset\Leaf Blight Disease\IMG20250501173847.jpg,Leaf Blight Disease,4287
C:\Users\Fame IT\Videos\rwn\438\Dataset\Dataset\Leaf Blight Disease\IMG20250501173848.jpg,Leaf Blight Disease,4287
C:\Users\Fame IT\Videos\rwn\438\Dataset\Dataset\Leaf Blight Disease\IMG20250501173849.jpg,Leaf Blight Disease,4287
C:\Users\Fame IT\Videos\rwn\438\Dataset\Dataset\Leaf Blight Disease\IMG20250501173851.jpg,Leaf Blight Disease,4287
C:\Users\Fame IT\Videos\rwn\438\Dataset\Dataset\Leaf Blight Disease\IMG20250501173853.jpg,Leaf Blight Disease,4287
C:\Users\Fame IT\Videos\rwn\438\Dataset\Dataset\Leaf Blight Disease\IMG20250501173854.jpg,Leaf Blight Disease,4287
C:\Users\Fame IT\Videos\rwn\438\Dataset\Dataset\Leaf Blight Disease\IMG20250501173855.jpg,Leaf Blight Disease,4287
C:\Users\Fame IT\Videos\rwn\438\Dataset\Dataset\Leaf Blight Disease\IMG20250501173914.jpg,Leaf Blight Disease,4294
C:\Users\Fame IT\Videos\rwn\438\Dataset\Dataset\Leaf Blight Disease\IMG20250501173916.jpg,Leaf Blight Disease,4295
C:\Users\Fame IT\Videos\rwn\438\Dataset\Dataset\Leaf Blight Disease\IMG20250501173917.jpg,Leaf Blight Disease,4296
C:\Users\Fame IT\Videos\rwn\438\Dataset\Dataset\Leaf Blight Disease\IMG20250501173919.jpg,Leaf Blight Disease,4297
C:\Users\Fame IT\Videos\rwn\438\Dataset\Dataset\Leaf Blight Disease\IMG20250501173927.jpg,Leaf Blight Disease,4299
C:\Users\Fame IT\Videos\rwn\438\Dataset\Dataset\Leaf Blight Disease\IMG20250501173931.jpg,Leaf Blight Disease,4302
C:\Users\Fame IT\Videos\rwn\438\Dataset\Dataset\Leaf Blight Disease\IMG20250501173936.jpg,Leaf Blight Disease,4305
C:\Users\Fame IT\Videos\rwn\438\Dataset\Dataset\Leaf Blight Disease\IMG20250501173937.jpg,Leaf Blight Disease,4306
C:\Users\Fame IT\Videos\rwn\438\Dataset\Dataset\Leaf Blight Disease\IMG20250501173938.jpg,Leaf Blight Disease,4307
C:\Users\Fame IT\Videos\rwn\438\Dataset\Dataset\Leaf Blight Disease\IMG20250501173943.jpg,Leaf Blight Disease,4308
C:\Users\Fame IT\Videos\rwn\438\Dataset\Dataset\Leaf Blight Disease\IMG20250501173945.jpg,Leaf Blight Disease,4309
C:\Users\Fame IT\Videos\rwn\438\Dataset\Dataset\Leaf Blight Disease\IMG20250501173946.jpg,Leaf Blight Disease,4309
C:\Users\Fame IT\Videos\rwn\438\Dataset\Dataset\Leaf Blight Disease\IMG20250501173947.jpg,Leaf Blight Disease,4309
C:\Users\Fame IT\Videos\rwn\438\Dataset\Dataset\Leaf Blight Disease\IMG20250501173949.jpg,Leaf Blight Disease,4309
C:\Users\Fame IT\Videos\rwn\438\Dataset\Dataset\Leaf Blight Disease\IMG20250501173950.jpg,Leaf Blight Disease,4309
C:\Users\Fame IT\Videos\rwn\438\Dataset\Dataset\Leaf Blight Disease\IMG20250501173951.jpg,Leaf Blight Disease,4309
C:\Users\Fame IT\Videos\rwn\438\Dataset\Dataset\Leaf Blight Disease\IMG20250501173952.jpg,Leaf Blight Disease,4310
C:\Users\Fame IT\Videos\rwn\438\Dataset\Dataset\Leaf Blight Disease\IMG20250501173959.jpg,Leaf Blight Disease,4309
C:\Users\Fame IT\Videos\rwn\438\Dataset\Dataset\Leaf Blight Disease\IMG20250501174004.jpg,Leaf Blight Disease,4313
C:\Users\Fame IT\Videos\rwn\438\Dataset\Dataset\Leaf Blight Disease\IMG20250501174005.jpg,Leaf Blight Disease,4314
C:\Users\Fame IT\Videos\rwn\438\Dataset\Dataset\Leaf Blight Disease\IMG20250501174011.jpg,Leaf Blight Disease,4316
C:\Users\Fame IT\Videos\rwn\438\Dataset\Dataset\Leaf Blight Disease\IMG20250501174012.jpg,Leaf Blight Disease,4317
C:\Users\Fame IT\Videos\rwn\438\Dataset\Dataset\Leaf Blight Disease\IMG20250501174016.jpg,Leaf Blight Disease,4319
C:\Users\Fame IT\Videos\rwn\438\Dataset\Dataset\Leaf Blight Disease\IMG20250501174018.jpg,Leaf Blight Disease,4319
C:\Users\Fame IT\Videos\rwn\438\Dataset\Dataset\Leaf Blight Disease\IMG20250501174019.jpg,Leaf Blight Disease,4320
C:\Users\Fame IT\Videos\rwn\438\Dataset\Dataset\Leaf Blight Disease\IMG20250501174021.jpg,Leaf Blight Disease,4321
C:\Users\Fame IT\Videos\rwn\438\Dataset\Dataset\Leaf Blight Disease\IMG20250501174030.jpg,Leaf Blight Disease,4323
C:\Users\Fame IT\Videos\rwn\438\Dataset\Dataset\Leaf Blight Disease\IMG20250501174031.jpg,Leaf Blight Disease,4324
C:\Users\Fame IT\Videos\rwn\438\Dataset\Dataset\Leaf Blight Disease\IMG20250501174032.jpg,Leaf Blight Disease,4324
C:\Users\Fame IT\Videos\rwn\438\Dataset\Dataset\Leaf Blight Disease\IMG20250501174033.jpg,Leaf Blight Disease,4324
C:\Users\Fame IT\Videos\rwn\438\Dataset\Dataset\Leaf Blight Disease\IMG20250501174046.jpg,Leaf Blight Disease,4327
C:\Users\Fame IT\Videos\rwn\438\Dataset\Dataset\Leaf Blight Disease\IMG20250501174047.jpg,Leaf Blight Disease,4327
C:\Users\Fame IT\Videos\rwn\438\Dataset\Dataset\Leaf Blight Disease\IMG20250501174048.jpg,Leaf Blight Disease,4327
C:\Users\Fame IT\Videos\rwn\438\Dataset\Dataset\Leaf Blight Disease\IMG20250501174049.jpg,Leaf Blight Disease,4328
C:\Users\Fame IT\Videos\rwn\438\Dataset\Dataset\Leaf Blight Disease\IMG20250501174054.jpg,Leaf Blight Disease,4330
C:\Users\Fame IT\Videos\rwn\438\Dataset\Dataset\Leaf Blight Disease\IMG20250501174055.jpg,Leaf Blight Disease,4330
C:\Users\Fame IT\Videos\rwn\438\Dataset\Dataset\Leaf Blight Disease\IMG20250501174056.jpg,Leaf Blight Disease,4331
C:\Users\Fame IT\Videos\rwn\438\Dataset\Dataset\Leaf Blight Disease\IMG20250501174059.jpg,Leaf Blight Disease,4332
C:\Users\Fame IT\Videos\rwn\438\Dataset\Dataset\Leaf Blight Disease\IMG20250501174101.jpg,Leaf Blight Disease,4333
C:\Users\Fame IT\Videos\rwn\438\Dataset\Dataset\Leaf Blight Disease\IMG20250501174102.jpg,Leaf Blight Disease,4334
C:\Users\Fame IT\Videos\rwn\438\Dataset\Dataset\Leaf Blight Disease\IMG20250501174103.jpg,Leaf Blight Disease,4335
C:\Users\Fame IT\Videos\rwn\438\Dataset\Dataset\Leaf Blight Disease\IMG20250501174110.jpg,Leaf Blight Disease,4338
C:\Users\Fame IT\Videos\rwn\438\Dataset\Dataset\Leaf Blight Disease\IMG20250501174118.jpg,Leaf Blight Disease,4340
C:\Users\Fame IT\Videos\rwn\438\Dataset\Dataset\Leaf Blight Disease\IMG20250501174121.jpg,Leaf Blight Disease,4342
C:\Users\Fame IT\Videos\rwn\438\Dataset\Dataset\Leaf Blight Disease\IMG20250501174122.jpg,Leaf Blight Disease,4343
C:\Users\Fame IT\Videos\rwn\438\Dataset\Dataset\Leaf Blight Disease\IMG20250501174123.jpg,Leaf Blight Disease,4344
C:\Users\Fame IT\Videos\rwn\438\Dataset\Dataset\Leaf Blight Disease\IMG20250501174126.jpg,Leaf Blight Disease,4345
C:\Users\Fame IT\Videos\rwn\438\Dataset\Dataset\Leaf Blight Disease\IMG20250501174128.jpg,Leaf Blight Disease,4346
C:\Users\Fame IT\Videos\rwn\438\Dataset\Dataset\Leaf Blight Disease\IMG20250501174129.jpg,Leaf Blight Disease,4347
C:\Users\Fame IT\Videos\rwn\438\Dataset\Dataset\Leaf Blight Disease\IMG20250501174130.jpg,Leaf Blight Disease,4348
C:\Users\Fame IT\Videos\rwn\438\Dataset\Dataset\Leaf Blight Disease\IMG20250501174131.jpg,Leaf Blight Disease,4349
C:\Users\Fame IT\Videos\rwn\438\Dataset\Dataset\Leaf Blight Disease\IMG20250501174133.jpg,Leaf Blight Disease,4349
C:\Users\Fame IT\Videos\rwn\438\Dataset\Dataset\Leaf Blight Disease\IMG20250501174134.jpg,Leaf Blight Disease,4349
C:\Users\Fame IT\Videos\rwn\438\Dataset\Dataset\Leaf Blight Disease\IMG20250501174139.jpg,Leaf Blight Disease,4350
C:\Users\Fame IT\Videos\rwn\438\Dataset\Dataset\Leaf Blight Disease\IMG20250501174151.jpg,Leaf Blight Disease,4354
C:\Users\Fame IT\Videos\rwn\438\Dataset\Dataset\Leaf Blight Disease\IMG20250501174153.jpg,Leaf Blight Disease,4355
C:\Users\Fame IT\Videos\rwn\438\Dataset\Dataset\Leaf Blight Disease\IMG20250501174154.jpg,Leaf Blight Disease,4356
C:\Users\Fame IT\Videos\rwn\438\Dataset\Dataset\Leaf Blight Disease\IMG20250501174156.jpg,Leaf Blight Disease,4357
C:\Users\Fame IT\Videos\rwn\438\Dataset\Dataset\Leaf Blight Disease\IMG20250501174157.jpg,Leaf Blight Disease,4357
C:\Users\Fame IT\Videos\rwn\438\Dataset\Dataset\Leaf Blight Disease\IMG20250501174159.jpg,Leaf Blight Disease,4358
C:\Users\Fame IT\Videos\rwn\438\Dataset\Dataset\Leaf Blight Disease\IMG20250501174203.jpg,Leaf Blight Disease,4359
C:\Users\Fame IT\Videos\rwn\438\Dataset\Dataset\Leaf Blight Disease\IMG20250501174204.jpg,Leaf Blight Disease,4360
C:\Users\Fame IT\Videos\rwn\438\Dataset\Dataset\Leaf Blight Disease\IMG20250501174212.jpg,Leaf Blight Disease,4362
C:\Users\Fame IT\Videos\rwn\438\Dataset\Dataset\Leaf Blight Disease\IMG20250501174214.jpg,Leaf Blight Disease,4363
C:\Users\Fame IT\Videos\rwn\438\Dataset\Dataset\Leaf Blight Disease\IMG20250501174215.jpg,Leaf Blight Disease,4364
C:\Users\Fame IT\Videos\rwn\438\Dataset\Dataset\Leaf Blight Disease\IMG20250501174219.jpg,Leaf Blight Disease,4365
C:\Users\Fame IT\Videos\rwn\438\Dataset\Dataset\Leaf Blight Disease\IMG20250501174221.jpg,Leaf Blight Disease,4366
C:\Users\Fame IT\Videos\rwn\438\Dataset\Dataset\Leaf Blight Disease\IMG20250501174222.jpg,Leaf Blight Disease,4367
C:\Users\Fame IT\Videos\rwn\438\Dataset\Dataset\Leaf Blight Disease\IMG20250501174226.jpg,Leaf Blight Disease,4368
C:\Users\Fame IT\Videos\rwn\438\Dataset\Dataset\Leaf Blight Disease\IMG20250501174236.jpg,Leaf Blight Disease,4372
C:\Users\Fame IT\Videos\rwn\438\Dataset\Dataset\Leaf Blight Disease\IMG20250501174237.jpg,Leaf Blight Disease,4373
C:\Users\Fame IT\Videos\rwn\438\Dataset\Dataset\Leaf Blight Disease\IMG20250501174240.jpg,Leaf Blight Disease,4375
C:\Users\Fame IT\Videos\rwn\438\Dataset\Dataset\Leaf Blight Disease\IMG20250501174251.jpg,Leaf Blight Disease,4377
C:\Users\Fame IT\Videos\rwn\438\Dataset\Dataset\Leaf Blight Disease\IMG20250501174252.jpg,Leaf Blight Disease,4378
C:\Users\Fame IT\Videos\rwn\438\Dataset\Dataset\Leaf Blight Disease\IMG20250501174254.jpg,Leaf Blight Disease,4378
C:\Users\Fame IT\Videos\rwn\438\Dataset\Dataset\Leaf Blight Disease\IMG20250501174255.jpg,Leaf Blight Disease,4378
C:\Users\Fame IT\Videos\rwn\438\Dataset\Dataset\Leaf Blight Disease\IMG20250501174259.jpg,Leaf Blight Disease,4379
C:\Users\Fame IT\Videos\rwn\438\Dataset\Dataset\Leaf Blight Disease\IMG20250501174300.jpg,Leaf Blight Disease,4380
C:\Users\Fame IT\Videos\rwn\438\Dataset\Dataset\Leaf Blight Disease\IMG20250501174302.jpg,Leaf Blight Disease,4381
C:\Users\Fame IT\Videos\rwn\438\Dataset\Dataset\Leaf Blight Disease\IMG20250501174303.jpg,Leaf Blight Disease,4381
C:\Users\Fame IT\Videos\rwn\438\Dataset\Dataset\Leaf Blight Disease\IMG20250501174305.jpg,Leaf Blight Disease,4382
C:\Users\Fame IT\Videos\rwn\438\Dataset\Dataset\Leaf Blight Disease\IMG20250501174306.jpg,Leaf Blight Disease,4383
C:\Users\Fame IT\Videos\rwn\438\Dataset\Dataset\Leaf Blight Disease\IMG20250501174308.jpg,Leaf Blight Disease,4384
C:\Users\Fame IT\Videos\rwn\438\Dataset\Dataset\Leaf Blight Disease\IMG20250501174319.jpg,Leaf Blight Disease,4386
C:\Users\Fame IT\Videos\rwn\438\Dataset\Dataset\Leaf Blight Disease\IMG20250501174320.jpg,Leaf Blight Disease,4387
C:\Users\Fame IT\Videos\rwn\438\Dataset\Dataset\Leaf Blight Disease\IMG20250501174333.jpg,Leaf Blight Disease,4388
C:\Users\Fame IT\Videos\rwn\438\Dataset\Dataset\Leaf Blight Disease\IMG20250501174340.jpg,Leaf Blight Disease,4389
C:\Users\Fame IT\Videos\rwn\438\Dataset\Dataset\Leaf Blight Disease\IMG20250501174343.jpg,Leaf Blight Disease,4391
C:\Users\Fame IT\Videos\rwn\438\Dataset\Dataset\Leaf Blight Disease\IMG20250501174351.jpg,Leaf Blight Disease,4392
C:\Users\Fame IT\Videos\rwn\438\Dataset\Dataset\Leaf Blight Disease\IMG20250501174354.jpg,Leaf Blight Disease,4393
C:\Users\Fame IT\Videos\rwn\438\Dataset\Dataset\Leaf Blight Disease\IMG20250501174355.jpg,Leaf Blight Disease,4394
C:\Users\Fame IT\Videos\rwn\438\Dataset\Dataset\Leaf Blight Disease\IMG20250501174357.jpg,Leaf Blight Disease,4395
C:\Users\Fame IT\Videos\rwn\438\Dataset\Dataset\Leaf Blight Disease\IMG20250501174359.jpg,Leaf Blight Disease,4396
C:\Users\Fame IT\Videos\rwn\438\Dataset\Dataset\Leaf Blight Disease\IMG20250501174400.jpg,Leaf Blight Disease,4397
C:\Users\Fame IT\Videos\rwn\438\Dataset\Dataset\Leaf Blight Disease\IMG20250501174402.jpg,Leaf Blight Disease,4397
C:\Users\Fame IT\Videos\rwn\438\Dataset\Dataset\Leaf Blight Disease\IMG20250501174403.jpg,Leaf Blight Disease,4397
C:\Users\Fame IT\Videos\rwn\438\Dataset\Dataset\Leaf Blight Disease\IMG20250501174404.jpg,Leaf Blight Disease,4397
C:\Users\Fame IT\Videos\rwn\438\Dataset\Dataset\Leaf Blight Disease\IMG20250501174406.jpg,Leaf Blight Disease,4398
C:\Users\Fame IT\Videos\rwn\438\Dataset\Dataset\Leaf Blight Disease\IMG20250501174438.jpg,Leaf Blight Disease,4399
C:\Users\Fame IT\Videos\rwn\438\Dataset\Dataset\Leaf Blight Disease\IMG20250501174440.jpg,Leaf Blight Disease,4400
C:\Users\Fame IT\Videos\rwn\438\Dataset\Dataset\Leaf Blight Disease\IMG20250501174446.jpg,Leaf Blight Disease,4403
C:\Users\Fame IT\Videos\rwn\438\Dataset\Dataset\Leaf Blight Disease\IMG20250501174517.jpg,Leaf Blight Disease,4407
C:\Users\Fame IT\Videos\rwn\438\Dataset\Dataset\Leaf Blight Disease\IMG20250501174521.jpg,Leaf Blight Disease,4409
C:\Users\Fame IT\Videos\rwn\438\Dataset\Dataset\Leaf Blight Disease\IMG20250501174526.jpg,Leaf Blight Disease,4410
C:\Users\Fame IT\Videos\rwn\438\Dataset\Dataset\Leaf Blight Disease\IMG20250501174544.jpg,Leaf Blight Disease,4414
C:\Users\Fame IT\Videos\rwn\438\Dataset\Dataset\Leaf Blight Disease\IMG20250501174545.jpg,Leaf Blight Disease,4414
C:\Users\Fame IT\Videos\rwn\438\Dataset\Dataset\Leaf Blight Disease\IMG20250501174547.jpg,Leaf Blight Disease,4414
C:\Users\Fame IT\Videos\rwn\438\Dataset\Dataset\Leaf Blight Disease\IMG20250501174549.jpg,Leaf Blight Disease,4414
C:\Users\Fame IT\Videos\rwn\438\Dataset\Dataset\Leaf Blight Disease\IMG20250501174550.jpg,Leaf Blight Disease,4414
C:\Users\Fame IT\Videos\rwn\438\Dataset\Dataset\Leaf Blight Disease\IMG20250501174553.jpg,Leaf Blight Disease,4415
C:\Users\Fame IT\Videos\rwn\438\Dataset\Dataset\Leaf Blight Disease\IMG20250501174554.jpg,Leaf Blight Disease,4416
C:\Users\Fame IT\Videos\rwn\438\Dataset\Dataset\Leaf Blight Disease\IMG20250501174556.jpg,Leaf Blight Disease,4417
C:\Users\Fame IT\Videos\rwn\438\Dataset\Dataset\Leaf Blight Disease\IMG20250501174557.jpg,Leaf Blight Disease,4418
C:\Users\Fame IT\Videos\rwn\438\Dataset\Dataset\Leaf Blight Disease\IMG20250501174559.jpg,Leaf Blight Disease,4418
C:\Users\Fame IT\Videos\rwn\438\Dataset\Dataset\Leaf Blight Disease\IMG20250501174600.jpg,Leaf Blight Disease,4418
C:\Users\Fame IT\Videos\rwn\438\Dataset\Dataset\Leaf Blight Disease\IMG20250501174602.jpg,Leaf Blight Disease,4418
C:\Users\Fame IT\Videos\rwn\438\Dataset\Dataset\Leaf Blight Disease\IMG20250501174609.jpg,Leaf Blight Disease,4420
C:\Users\Fame IT\Videos\rwn\438\Dataset\Dataset\Leaf Blight Disease\IMG20250501174612.jpg,Leaf Blight Disease,4421
C:\Users\Fame IT\Videos\rwn\438\Dataset\Dataset\Leaf Blight Disease\IMG20250501174616.jpg,Leaf Blight Disease,4423
C:\Users\Fame IT\Videos\rwn\438\Dataset\Dataset\Leaf Blight Disease\IMG20250501174618.jpg,Leaf Blight Disease,4424
C:\Users\Fame IT\Videos\rwn\438\Dataset\Dataset\Leaf Blight Disease\IMG20250501174621.jpg,Leaf Blight Disease,4425
C:\Users\Fame IT\Videos\rwn\438\Dataset\Dataset\Leaf Blight Disease\IMG20250501174623.jpg,Leaf Blight Disease,4426
C:\Users\Fame IT\Videos\rwn\438\Dataset\Dataset\Leaf Blight Disease\IMG20250501174628.jpg,Leaf Blight Disease,4428
C:\Users\Fame IT\Videos\rwn\438\Dataset\Dataset\Leaf Blight Disease\IMG20250501174739.jpg,Leaf Blight Disease,4429
C:\Users\Fame IT\Videos\rwn\438\Dataset\Dataset\Leaf Blight Disease\IMG20250501174754.jpg,Leaf Blight Disease,4431
C:\Users\Fame IT\Videos\rwn\438\Dataset\Dataset\Leaf Blight Disease\IMG20250501174755.jpg,Leaf Blight Disease,4432
C:\Users\Fame IT\Videos\rwn\438\Dataset\Dataset\Leaf Blight Disease\IMG20250501174810.jpg,Leaf Blight Disease,4434
C:\Users\Fame IT\Videos\rwn\438\Dataset\Dataset\Leaf Blight Disease\IMG20250501174812.jpg,Leaf Blight Disease,4434
C:\Users\Fame IT\Videos\rwn\438\Dataset\Dataset\Leaf Blight Disease\IMG20250501174813.jpg,Leaf Blight Disease,4434
C:\Users\Fame IT\Videos\rwn\438\Dataset\Dataset\Leaf Blight Disease\IMG20250501174814.jpg,Leaf Blight Disease,4434
C:\Users\Fame IT\Videos\rwn\438\Dataset\Dataset\Leaf Blight Disease\IMG20250501174816.jpg,Leaf Blight Disease,4434
C:\Users\Fame IT\Videos\rwn\438\Dataset\Dataset\Leaf Blight Disease\IMG20250501174817.jpg,Leaf Blight Disease,4435
C:\Users\Fame IT\Videos\rwn\438\Dataset\Dataset\Leaf Blight Disease\IMG20250501174819.jpg,Leaf Blight Disease,4436
C:\Users\Fame IT\Videos\rwn\438\Dataset\Dataset\Leaf Blight Disease\IMG20250501174824.jpg,Leaf Blight Disease,4438
C:\Users\Fame IT\Videos\rwn\438\Dataset\Dataset\Leaf Blight Disease\IMG20250501174825.jpg,Leaf Blight Disease,4438
C:\Users\Fame IT\Videos\rwn\438\Dataset\Dataset\Leaf Blight Disease\IMG20250501174827.jpg,Leaf Blight Disease,4438
C:\Users\Fame IT\Videos\rwn\438\Dataset\Dataset\Leaf Blight Disease\IMG20250501174828.jpg,Leaf Blight Disease,4438
C:\Users\Fame IT\Videos\rwn\438\Dataset\Dataset\Leaf Blight Disease\IMG20250501174833.jpg,Leaf Blight Disease,4439
C:\Users\Fame IT\Videos\rwn\438\Dataset\Dataset\Leaf Blight Disease\IMG20250501174842.jpg,Leaf Blight Disease,4442
C:\Users\Fame IT\Videos\rwn\438\Dataset\Dataset\Leaf Blight Disease\IMG20250501174854.jpg,Leaf Blight Disease,4444
C:\Users\Fame IT\Videos\rwn\438\Dataset\Dataset\Leaf Blight Disease\IMG20250501174857.jpg,Leaf Blight Disease,4446
C:\Users\Fame IT\Videos\rwn\438\Dataset\Dataset\Leaf Blight Disease\IMG20250501174904.jpg,Leaf Blight Disease,4447
C:\Users\Fame IT\Videos\rwn\438\Dataset\Dataset\Leaf Blight Disease\IMG20250501174906.jpg,Leaf Blight Disease,4448
C:\Users\Fame IT\Videos\rwn\438\Dataset\Dataset\Leaf Blight Disease\IMG20250501174908.jpg,Leaf Blight Disease,4449
C:\Users\Fame IT\Videos\rwn\438\Dataset\Dataset\Leaf Blight Disease\IMG20250501174909.jpg,Leaf Blight Disease,4449
C:\Users\Fame IT\Videos\rwn\438\Dataset\Dataset\Leaf Blight Disease\IMG20250501174910.jpg,Leaf Blight Disease,4449
C:\Users\Fame IT\Videos\rwn\438\Dataset\Dataset\Leaf Blight Disease\IMG20250501174912.jpg,Leaf Blight Disease,4449
C:\Users\Fame IT\Videos\rwn\438\Dataset\Dataset\Leaf Blight Disease\IMG20250501174913.jpg,Leaf Blight Disease,4449
C:\Users\Fame IT\Videos\rwn\438\Dataset\Dataset\Leaf Blight Disease\IMG20250501174914.jpg,Leaf Blight Disease,4449
C:\Users\Fame IT\Videos\rwn\438\Dataset\Dataset\Leaf Blight Disease\IMG20250501174916.jpg,Leaf Blight Disease,4449
C:\Users\Fame IT\Videos\rwn\438\Dataset\Dataset\Leaf Blight Disease\IMG20250501174917.jpg,Leaf Blight Disease,4449
C:\Users\Fame IT\Videos\rwn\438\Dataset\Dataset\Leaf Blight Disease\IMG20250501174919.jpg,Leaf Blight Disease,4449
C:\Users\Fame IT\Videos\rwn\438\Dataset\Dataset\Leaf Blight Disease\IMG20250501174920.jpg,Leaf Blight Disease,4449
C:\Users\Fame IT\Videos\rwn\438\Dataset\Dataset\Leaf Blight Disease\IMG20250501174922.jpg,Leaf Blight Disease,4449
C:\Users\Fame IT\Videos\rwn\438\Dataset\Dataset\Leaf Blight Disease\IMG20250501174923.jpg,Leaf Blight Disease,4449
C:\Users\Fame IT\Videos\rwn\438\Dataset\Dataset\Leaf Blight Disease\IMG20250501174928.jpg,Leaf Blight Disease,4450
C:\Users\Fame IT\Videos\rwn\438\Dataset\Dataset\Leaf Blight Disease\IMG20250501174931.jpg,Leaf Blight Disease,4452
C:\Users\Fame IT\Videos\rwn\438\Dataset\Dataset\Leaf Blight Disease\IMG20250501174935.jpg,Leaf Blight Disease,4453
C:\Users\Fame IT\Videos\rwn\438\Dataset\Dataset\Leaf Blight Disease\IMG20250501174937.jpg,Leaf Blight Disease,4454
C:\Users\Fame IT\Videos\rwn\438\Dataset\Dataset\Leaf Blight Disease\IMG20250501174940.jpg,Leaf Blight Disease,4454
C:\Users\Fame IT\Videos\rwn\438\Dataset\Dataset\Leaf Blight Disease\IMG20250501174941.jpg,Leaf Blight Disease,4454
C:\Users\Fame IT\Videos\rwn\438\Dataset\Dataset\Leaf Blight Disease\IMG20250501174942.jpg,Leaf Blight Disease,4454
C:\Users\Fame IT\Videos\rwn\438\Dataset\Dataset\Leaf Blight Disease\IMG20250501174944.jpg,Leaf Blight Disease,4454
C:\Users\Fame IT\Videos\rwn\438\Dataset\Dataset\Leaf Blight Disease\IMG20250501174945.jpg,Leaf Blight Disease,4454
C:\Users\Fame IT\Videos\rwn\438\Dataset\Dataset\Leaf Blight Disease\IMG20250501174958.jpg,Leaf Blight Disease,4456
C:\Users\Fame IT\Videos\rwn\438\Dataset\Dataset\Leaf Blight Disease\IMG20250501175001.jpg,Leaf Blight Disease,4458
C:\Users\Fame IT\Videos\rwn\438\Dataset\Dataset\Leaf Blight Disease\IMG20250501175003.jpg,Leaf Blight Disease,4458
C:\Users\Fame IT\Videos\rwn\438\Dataset\Dataset\Leaf Blight Disease\IMG20250501175004.jpg,Leaf Blight Disease,4458
C:\Users\Fame IT\Videos\rwn\438\Dataset\Dataset\Leaf Blight Disease\IMG20250501175006.jpg,Leaf Blight Disease,4458
C:\Users\Fame IT\Videos\rwn\438\Dataset\Dataset\Leaf Blight Disease\IMG20250501175007.jpg,Leaf Blight Disease,4458
C:\Users\Fame IT\Videos\rwn\438\Dataset\Dataset\Leaf Blight Disease\IMG20250501175009.jpg,Leaf Blight Disease,4459
C:\Users\Fame IT\Videos\rwn\438\Dataset\Dataset\Leaf Blight Disease\IMG20250501175010.jpg,Leaf Blight Disease,4459
C:\Users\Fame IT\Videos\rwn\438\Dataset\Dataset\Leaf Blight Disease\IMG20250501175012.jpg,Leaf Blight Disease,4459
C:\Users\Fame IT\Videos\rwn\438\Dataset\Dataset\Leaf Blight Disease\IMG20250501175013.jpg,Leaf Blight Disease,4459
C:\Users\Fame IT\Videos\rwn\438\Dataset\Dataset\Leaf Blight Disease\IMG20250501175014.jpg,Leaf Blight Disease,4459
C:\Users\Fame IT\Videos\rwn\438\Dataset\Dataset\Leaf Blight Disease\IMG20250501175020.jpg,Leaf Blight Disease,4460
C:\Users\Fame IT\Videos\rwn\438\Dataset\Dataset\Leaf Blight Disease\IMG20250501175023.jpg,Leaf Blight Disease,4461
C:\Users\Fame IT\Videos\rwn\438\Dataset\Dataset\Leaf Blight Disease\IMG20250501175024.jpg,Leaf Blight Disease,4462
C:\Users\Fame IT\Videos\rwn\438\Dataset\Dataset\Leaf Blight Disease\IMG20250501175026.jpg,Leaf Blight Disease,4463
C:\Users\Fame IT\Videos\rwn\438\Dataset\Dataset\Leaf Blight Disease\IMG20250501175028.jpg,Leaf Blight Disease,4463
C:\Users\Fame IT\Videos\rwn\438\Dataset\Dataset\Leaf Blight Disease\IMG20250501175029.jpg,Leaf Blight Disease,4463
C:\Users\Fame IT\Videos\rwn\438\Dataset\Dataset\Leaf Blight Disease\IMG20250501175031.jpg,Leaf Blight Disease,4463
C:\Users\Fame IT\Videos\rwn\438\Dataset\Dataset\Leaf Blight Disease\IMG20250501175032.jpg,Leaf Blight Disease,4464
C:\Users\Fame IT\Videos\rwn\438\Dataset\Dataset\Leaf Blight Disease\IMG20250501175034.jpg,Leaf Blight Disease,4465
C:\Users\Fame IT\Videos\rwn\438\Dataset\Dataset\Leaf Blight Disease\IMG20250501175036.jpg,Leaf Blight Disease,4466
C:\Users\Fame IT\Videos\rwn\438\Dataset\Dataset\Leaf Blight Disease\IMG20250501175037.jpg,Leaf Blight Disease,4467
C:\Users\Fame IT\Videos\rwn\438\Dataset\Dataset\Leaf Blight Disease\IMG20250501175052.jpg,Leaf Blight Disease,4468
C:\Users\Fame IT\Videos\rwn\438\Dataset\Dataset\Leaf Blight Disease\IMG20250501175053.jpg,Leaf Blight Disease,4469
C:\Users\Fame IT\Videos\rwn\438\Dataset\Dataset\Leaf Blight Disease\IMG20250501175054.jpg,Leaf Blight Disease,4469
C:\Users\Fame IT\Videos\rwn\438\Dataset\Dataset\Leaf Blight Disease\IMG20250501175056.jpg,Leaf Blight Disease,4469
C:\Users\Fame IT\Videos\rwn\438\Dataset\Dataset\Leaf Blight Disease\IMG20250501175057.jpg,Leaf Blight Disease,4469
C:\Users\Fame IT\Videos\rwn\438\Dataset\Dataset\Leaf Blight Disease\IMG20250501175059.jpg,Leaf Blight Disease,4469
C:\Users\Fame IT\Videos\rwn\438\Dataset\Dataset\Leaf Blight Disease\IMG20250501175100.jpg,Leaf Blight Disease,4469
C:\Users\Fame IT\Videos\rwn\438\Dataset\Dataset\Leaf Blight Disease\IMG20250501175101.jpg,Leaf Blight Disease,4469
C:\Users\Fame IT\Videos\rwn\438\Dataset\Dataset\Leaf Blight Disease\IMG20250501175103.jpg,Leaf Blight Disease,4469
C:\Users\Fame IT\Videos\rwn\438\Dataset\Dataset\Leaf Blight Disease\IMG20250501175104.jpg,Leaf Blight Disease,4469
C:\Users\Fame IT\Videos\rwn\438\Dataset\Dataset\Leaf Blight Disease\IMG20250501175106.jpg,Leaf Blight Disease,4469
C:\Users\Fame IT\Videos\rwn\438\Dataset\Dataset\Leaf Blight Disease\IMG20250501175107.jpg,Leaf Blight Disease,4469
C:\Users\Fame IT\Videos\rwn\438\Dataset\Dataset\Leaf Blight Disease\IMG20250501175112.jpg,Leaf Blight Disease,4470
C:\Users\Fame IT\Videos\rwn\438\Dataset\Dataset\Leaf Blight Disease\IMG20250501175114.jpg,Leaf Blight Disease,4471
C:\Users\Fame IT\Videos\rwn\438\Dataset\Dataset\Leaf Blight Disease\IMG20250501175117.jpg,Leaf Blight Disease,4473
C:\Users\Fame IT\Videos\rwn\438\Dataset\Dataset\Leaf Blight Disease\IMG20250501175118.jpg,Leaf Blight Disease,4473
C:\Users\Fame IT\Videos\rwn\438\Dataset\Dataset\Leaf Blight Disease\IMG20250501175122.jpg,Leaf Blight Disease,4474
C:\Users\Fame IT\Videos\rwn\438\Dataset\Dataset\Leaf Blight Disease\IMG20250501175123.jpg,Leaf Blight Disease,4474
C:\Users\Fame IT\Videos\rwn\438\Dataset\Dataset\Leaf Blight Disease\IMG20250501175124.jpg,Leaf Blight Disease,4474
C:\Users\Fame IT\Videos\rwn\438\Dataset\Dataset\Leaf Blight Disease\IMG20250501175126.jpg,Leaf Blight Disease,4474
C:\Users\Fame IT\Videos\rwn\438\Dataset\Dataset\Leaf Blight Disease\IMG20250501175127.jpg,Leaf Blight Disease,4474
C:\Users\Fame IT\Videos\rwn\438\Dataset\Dataset\Leaf Blight Disease\IMG20250501175129.jpg,Leaf Blight Disease,4474
C:\Users\Fame IT\Videos\rwn\438\Dataset\Dataset\Leaf Blight Disease\IMG20250501175130.jpg,Leaf Blight Disease,4474
C:\Users\Fame IT\Videos\rwn\438\Dataset\Dataset\Leaf Blight Disease\IMG20250501175134.jpg,Leaf Blight Disease,4476
C:\Users\Fame IT\Videos\rwn\438\Dataset\Dataset\Leaf Blight Disease\IMG20250501175138.jpg,Leaf Blight Disease,4478
C:\Users\Fame IT\Videos\rwn\438\Dataset\Dataset\Leaf Blight Disease\IMG20250501175212.jpg,Leaf Blight Disease,4482
C:\Users\Fame IT\Videos\rwn\438\Dataset\Dataset\Leaf Blight Disease\IMG20250501175214.jpg,Leaf Blight Disease,4482
C:\Users\Fame IT\Videos\rwn\438\Dataset\Dataset\Leaf Blight Disease\IMG20250501175215.jpg,Leaf Blight Disease,4482
C:\Users\Fame IT\Videos\rwn\438\Dataset\Dataset\Leaf Blight Disease\IMG20250501175216.jpg,Leaf Blight Disease,4482
C:\Users\Fame IT\Videos\rwn\438\Dataset\Dataset\Leaf Blight Disease\IMG20250501175234.jpg,Leaf Blight Disease,4483
C:\Users\Fame IT\Videos\rwn\438\Dataset\Dataset\Leaf Blight Disease\IMG20250501175236.jpg,Leaf Blight Disease,4484
C:\Users\Fame IT\Videos\rwn\438\Dataset\Dataset\Leaf Blight Disease\IMG20250501175244.jpg,Leaf Blight Disease,4486
C:\Users\Fame IT\Videos\rwn\438\Dataset\Dataset\Leaf Blight Disease\IMG20250501175245.jpg,Leaf Blight Disease,4487
C:\Users\Fame IT\Videos\rwn\438\Dataset\Dataset\Leaf Blight Disease\IMG20250501175247.jpg,Leaf Blight Disease,4488
C:\Users\Fame IT\Videos\rwn\438\Dataset\Dataset\Leaf Blight Disease\IMG20250501175252.jpg,Leaf Blight Disease,4489
C:\Users\Fame IT\Videos\rwn\438\Dataset\Dataset\Leaf Blight Disease\IMG20250501175253.jpg,Leaf Blight Disease,4490
C:\Users\Fame IT\Videos\rwn\438\Dataset\Dataset\Leaf Blight Disease\IMG20250501175254.jpg,Leaf Blight Disease,4491
C:\Users\Fame IT\Videos\rwn\438\Dataset\Dataset\Leaf Blight Disease\IMG20250501175256.jpg,Leaf Blight Disease,4492
C:\Users\Fame IT\Videos\rwn\438\Dataset\Dataset\Leaf Blight Disease\IMG20250501175257.jpg,Leaf Blight Disease,4492
C:\Users\Fame IT\Videos\rwn\438\Dataset\Dataset\Leaf Blight Disease\IMG20250501175258.jpg,Leaf Blight Disease,4492
C:\Users\Fame IT\Videos\rwn\438\Dataset\Dataset\Leaf Blight Disease\IMG20250501175300.jpg,Leaf Blight Disease,4492
C:\Users\Fame IT\Videos\rwn\438\Dataset\Dataset\Leaf Blight Disease\IMG20250501175301.jpg,Leaf Blight Disease,4493
C:\Users\Fame IT\Videos\rwn\438\Dataset\Dataset\Leaf Blight Disease\IMG20250501175302.jpg,Leaf Blight Disease,4493
C:\Users\Fame IT\Videos\rwn\438\Dataset\Dataset\Leaf Blight Disease\IMG20250501175304.jpg,Leaf Blight Disease,4493
C:\Users\Fame IT\Videos\rwn\438\Dataset\Dataset\Leaf Blight Disease\IMG20250501175309.jpg,Leaf Blight Disease,4494
C:\Users\Fame IT\Videos\rwn\438\Dataset\Dataset\Leaf Blight Disease\IMG20250501175312.jpg,Leaf Blight Disease,4496
C:\Users\Fame IT\Videos\rwn\438\Dataset\Dataset\Leaf Blight Disease\IMG20250501175315.jpg,Leaf Blight Disease,4496
C:\Users\Fame IT\Videos\rwn\438\Dataset\Dataset\Leaf Blight Disease\IMG20250501175316.jpg,Leaf Blight Disease,4496
C:\Users\Fame IT\Videos\rwn\438\Dataset\Dataset\Leaf Blight Disease\IMG20250501175318.jpg,Leaf Blight Disease,4497
C:\Users\Fame IT\Videos\rwn\438\Dataset\Dataset\Leaf Blight Disease\IMG20250501175319.jpg,Leaf Blight Disease,4498
C:\Users\Fame IT\Videos\rwn\438\Dataset\Dataset\Leaf Blight Disease\IMG20250501175323.jpg,Leaf Blight Disease,4499
C:\Users\Fame IT\Videos\rwn\438\Dataset\Dataset\Leaf Blight Disease\IMG20250501175324.jpg,Leaf Blight Disease,4500
C:\Users\Fame IT\Videos\rwn\438\Dataset\Dataset\Leaf Blight Disease\IMG20250501175326.jpg,Leaf Blight Disease,4501
C:\Users\Fame IT\Videos\rwn\438\Dataset\Dataset\Leaf Blight Disease\IMG20250501175328.jpg,Leaf Blight Disease,4502
C:\Users\Fame IT\Videos\rwn\438\Dataset\Dataset\Leaf Blight Disease\IMG20250501175330.jpg,Leaf Blight Disease,4504
C:\Users\Fame IT\Videos\rwn\438\Dataset\Dataset\Leaf Blight Disease\IMG20250501175331.jpg,Leaf Blight Disease,4504
C:\Users\Fame IT\Videos\rwn\438\Dataset\Dataset\Leaf Blight Disease\IMG20250501175333.jpg,Leaf Blight Disease,4504
C:\Users\Fame IT\Videos\rwn\438\Dataset\Dataset\Leaf Blight Disease\IMG20250501175334.jpg,Leaf Blight Disease,4504
C:\Users\Fame IT\Videos\rwn\438\Dataset\Dataset\Leaf Blight Disease\IMG20250501175335.jpg,Leaf Blight Disease,4504
C:\Users\Fame IT\Videos\rwn\438\Dataset\Dataset\Leaf Blight Disease\IMG20250501175336.jpg,Leaf Blight Disease,4504
C:\Users\Fame IT\Videos\rwn\438\Dataset\Dataset\Leaf Blight Disease\IMG20250501175337.jpg,Leaf Blight Disease,4504
C:\Users\Fame IT\Videos\rwn\438\Dataset\Dataset\Leaf Blight Disease\IMG20250501175339.jpg,Leaf Blight Disease,4504
C:\Users\Fame IT\Videos\rwn\438\Dataset\Dataset\Leaf Blight Disease\IMG20250501175340.jpg,Leaf Blight Disease,4504
C:\Users\Fame IT\Videos\rwn\438\Dataset\Dataset\Leaf Blight Disease\IMG20250501175352.jpg,Leaf Blight Disease,4505
C:\Users\Fame IT\Videos\rwn\438\Dataset\Dataset\Leaf Blight Disease\IMG20250501175356.jpg,Leaf Blight Disease,4506
C:\Users\Fame IT\Videos\rwn\438\Dataset\Dataset\Leaf Blight Disease\IMG20250501175357.jpg,Leaf Blight Disease,4507
C:\Users\Fame IT\Videos\rwn\438\Dataset\Dataset\Leaf Blight Disease\IMG20250501175401.jpg,Leaf Blight Disease,4508
C:\Users\Fame IT\Videos\rwn\438\Dataset\Dataset\Leaf Blight Disease\IMG20250501175409.jpg,Leaf Blight Disease,4511
C:\Users\Fame IT\Videos\rwn\438\Dataset\Dataset\Leaf Blight Disease\IMG20250501175411.jpg,Leaf Blight Disease,4512
C:\Users\Fame IT\Videos\rwn\438\Dataset\Dataset\Leaf Blight Disease\IMG20250501175412.jpg,Leaf Blight Disease,4513
C:\Users\Fame IT\Videos\rwn\438\Dataset\Dataset\Leaf Blight Disease\IMG20250501175413.jpg,Leaf Blight Disease,4513
C:\Users\Fame IT\Videos\rwn\438\Dataset\Dataset\Leaf Blight Disease\IMG20250501175415.jpg,Leaf Blight Disease,4513
C:\Users\Fame IT\Videos\rwn\438\Dataset\Dataset\Leaf Blight Disease\IMG20250501175420.jpg,Leaf Blight Disease,4514
C:\Users\Fame IT\Videos\rwn\438\Dataset\Dataset\Leaf Blight Disease\IMG20250501175422.jpg,Leaf Blight Disease,4515
C:\Users\Fame IT\Videos\rwn\438\Dataset\Dataset\Leaf Blight Disease\IMG20250501175434.jpg,Leaf Blight Disease,4517
C:\Users\Fame IT\Videos\rwn\438\Dataset\Dataset\Leaf Blight Disease\IMG20250501175437.jpg,Leaf Blight Disease,4519
C:\Users\Fame IT\Videos\rwn\438\Dataset\Dataset\Leaf Blight Disease\IMG20250501175438.jpg,Leaf Blight Disease,4519
C:\Users\Fame IT\Videos\rwn\438\Dataset\Dataset\Leaf Blight Disease\IMG20250501175454.jpg,Leaf Blight Disease,4522
C:\Users\Fame IT\Videos\rwn\438\Dataset\Dataset\Leaf Blight Disease\IMG20250501175455.jpg,Leaf Blight Disease,4523
C:\Users\Fame IT\Videos\rwn\438\Dataset\Dataset\Leaf Blight Disease\IMG20250501175456.jpg,Leaf Blight Disease,4523
C:\Users\Fame IT\Videos\rwn\438\Dataset\Dataset\Leaf Blight Disease\IMG20250501175529.jpg,Leaf Blight Disease,4525
C:\Users\Fame IT\Videos\rwn\438\Dataset\Dataset\Leaf Blight Disease\IMG20250501175533.jpg,Leaf Blight Disease,4526
C:\Users\Fame IT\Videos\rwn\438\Dataset\Dataset\Leaf Blight Disease\IMG20250501175535.jpg,Leaf Blight Disease,4526
C:\Users\Fame IT\Videos\rwn\438\Dataset\Dataset\Leaf Blight Disease\IMG20250501175536.jpg,Leaf Blight Disease,4526
C:\Users\Fame IT\Videos\rwn\438\Dataset\Dataset\Leaf Blight Disease\IMG20250501175538.jpg,Leaf Blight Disease,4526
C:\Users\Fame IT\Videos\rwn\438\Dataset\Dataset\Leaf Blight Disease\IMG20250501175541.jpg,Leaf Blight Disease,4527
C:\Users\Fame IT\Videos\rwn\438\Dataset\Dataset\Leaf Blight Disease\IMG20250501175543.jpg,Leaf Blight Disease,4527
C:\Users\Fame IT\Videos\rwn\438\Dataset\Dataset\Leaf Blight Disease\IMG20250501175544.jpg,Leaf Blight Disease,4527
C:\Users\Fame IT\Videos\rwn\438\Dataset\Dataset\Leaf Blight Disease\IMG20250501175546.jpg,Leaf Blight Disease,4527
C:\Users\Fame IT\Videos\rwn\438\Dataset\Dataset\Leaf Blight Disease\IMG20250501175547.jpg,Leaf Blight Disease,4527
C:\Users\Fame IT\Videos\rwn\438\Dataset\Dataset\Leaf Blight Disease\IMG20250501175549.jpg,Leaf Blight Disease,4527
C:\Users\Fame IT\Videos\rwn\438\Dataset\Dataset\Leaf Blight Disease\IMG20250501175551.jpg,Leaf Blight Disease,4527
C:\Users\Fame IT\Videos\rwn\438\Dataset\Dataset\Leaf Blight Disease\IMG20250501175552.jpg,Leaf Blight Disease,4527
C:\Users\Fame IT\Videos\rwn\438\Dataset\Dataset\Leaf Blight Disease\IMG20250501175554.jpg,Leaf Blight Disease,4527
C:\Users\Fame IT\Videos\rwn\438\Dataset\Dataset\Leaf Blight Disease\IMG20250501175556.jpg,Leaf Blight Disease,4527
C:\Users\Fame IT\Videos\rwn\438\Dataset\Dataset\Leaf Blight Disease\IMG20250501175557.jpg,Leaf Blight Disease,4527
C:\Users\Fame IT\Videos\rwn\438\Dataset\Dataset\Leaf Blight Disease\IMG20250501175559.jpg,Leaf Blight Disease,4527
C:\Users\Fame IT\Videos\rwn\438\Dataset\Dataset\Leaf Blight Disease\IMG20250501175601.jpg,Leaf Blight Disease,4527
C:\Users\Fame IT\Videos\rwn\438\Dataset\Dataset\Leaf Blight Disease\IMG20250501175602.jpg,Leaf Blight Disease,4527
C:\Users\Fame IT\Videos\rwn\438\Dataset\Dataset\Leaf Blight Disease\IMG20250501175609.jpg,Leaf Blight Disease,4528
C:\Users\Fame IT\Videos\rwn\438\Dataset\Dataset\Leaf Blight Disease\IMG20250501175614.jpg,Leaf Blight Disease,4530
C:\Users\Fame IT\Videos\rwn\438\Dataset\Dataset\Leaf Blight Disease\IMG20250501175616.jpg,Leaf Blight Disease,4530
C:\Users\Fame IT\Videos\rwn\438\Dataset\Dataset\Leaf Blight Disease\IMG20250501175617.jpg,Leaf Blight Disease,4530
C:\Users\Fame IT\Videos\rwn\438\Dataset\Dataset\Leaf Blight Disease\IMG20250501175622.jpg,Leaf Blight Disease,4531
C:\Users\Fame IT\Videos\rwn\438\Dataset\Dataset\Leaf Blight Disease\IMG20250501175624.jpg,Leaf Blight Disease,4532
C:\Users\Fame IT\Videos\rwn\438\Dataset\Dataset\Leaf Blight Disease\IMG20250501175625.jpg,Leaf Blight Disease,4532
C:\Users\Fame IT\Videos\rwn\438\Dataset\Dataset\Leaf Blight Disease\IMG20250501175627.jpg,Leaf Blight Disease,4532
C:\Users\Fame IT\Videos\rwn\438\Dataset\Dataset\Leaf Blight Disease\IMG20250501175638.jpg,Leaf Blight Disease,4535
C:\Users\Fame IT\Videos\rwn\438\Dataset\Dataset\Leaf Blight Disease\IMG20250501175643.jpg,Leaf Blight Disease,4537
C:\Users\Fame IT\Videos\rwn\438\Dataset\Dataset\Leaf Blight Disease\IMG20250501175645.jpg,Leaf Blight Disease,4538
C:\Users\Fame IT\Videos\rwn\438\Dataset\Dataset\Leaf Blight Disease\IMG20250501175646.jpg,Leaf Blight Disease,4539
C:\Users\Fame IT\Videos\rwn\438\Dataset\Dataset\Leaf Blight Disease\IMG20250501175647.jpg,Leaf Blight Disease,4540
C:\Users\Fame IT\Videos\rwn\438\Dataset\Dataset\Leaf Blight Disease\IMG20250501175649.jpg,Leaf Blight Disease,4540
C:\Users\Fame IT\Videos\rwn\438\Dataset\Dataset\Leaf Blight Disease\IMG20250501175654.jpg,Leaf Blight Disease,4542
C:\Users\Fame IT\Videos\rwn\438\Dataset\Dataset\Leaf Blight Disease\IMG20250501175656.jpg,Leaf Blight Disease,4542
C:\Users\Fame IT\Videos\rwn\438\Dataset\Dataset\Leaf Blight Disease\IMG20250501175700.jpg,Leaf Blight Disease,4543
C:\Users\Fame IT\Videos\rwn\438\Dataset\Dataset\Leaf Blight Disease\IMG20250501175702.jpg,Leaf Blight Disease,4545
C:\Users\Fame IT\Videos\rwn\438\Dataset\Dataset\Leaf Blight Disease\IMG20250501175710.jpg,Leaf Blight Disease,4547
C:\Users\Fame IT\Videos\rwn\438\Dataset\Dataset\Leaf Blight Disease\IMG20250501175712.jpg,Leaf Blight Disease,4547
C:\Users\Fame IT\Videos\rwn\438\Dataset\Dataset\Leaf Blight Disease\IMG20250501175715.jpg,Leaf Blight Disease,4548
C:\Users\Fame IT\Videos\rwn\438\Dataset\Dataset\Leaf Blight Disease\IMG20250501175716.jpg,Leaf Blight Disease,4549
C:\Users\Fame IT\Videos\rwn\438\Dataset\Dataset\Leaf Blight Disease\IMG20250501175755.jpg,Leaf Blight Disease,4552
C:\Users\Fame IT\Videos\rwn\438\Dataset\Dataset\Leaf Blight Disease\IMG20250501175759.jpg,Leaf Blight Disease,4553
C:\Users\Fame IT\Videos\rwn\438\Dataset\Dataset\Leaf Blight Disease\IMG20250501175802.jpg,Leaf Blight Disease,4555
C:\Users\Fame IT\Videos\rwn\438\Dataset\Dataset\Leaf Blight Disease\IMG20250501175805.jpg,Leaf Blight Disease,4556
C:\Users\Fame IT\Videos\rwn\438\Dataset\Dataset\Leaf Blight Disease\IMG20250501175806.jpg,Leaf Blight Disease,4557
C:\Users\Fame IT\Videos\rwn\438\Dataset\Dataset\Leaf Blight Disease\IMG20250501175808.jpg,Leaf Blight Disease,4557
C:\Users\Fame IT\Videos\rwn\438\Dataset\Dataset\Leaf Blight Disease\IMG20250501175809.jpg,Leaf Blight Disease,4558
C:\Users\Fame IT\Videos\rwn\438\Dataset\Dataset\Leaf Blight Disease\IMG20250501175816.jpg,Leaf Blight Disease,4560
C:\Users\Fame IT\Videos\rwn\438\Dataset\Dataset\Leaf Blight Disease\IMG20250501175817.jpg,Leaf Blight Disease,4560
C:\Users\Fame IT\Videos\rwn\438\Dataset\Dataset\Leaf Blight Disease\IMG20250501175819.jpg,Leaf Blight Disease,4560
C:\Users\Fame IT\Videos\rwn\438\Dataset\Dataset\Leaf Blight Disease\IMG20250501175820.jpg,Leaf Blight Disease,4560
C:\Users\Fame IT\Videos\rwn\438\Dataset\Dataset\Leaf Blight Disease\IMG20250501175822.jpg,Leaf Blight Disease,4560
C:\Users\Fame IT\Videos\rwn\438\Dataset\Dataset\Leaf Blight Disease\IMG20250501175825.jpg,Leaf Blight Disease,4562
C:\Users\Fame IT\Videos\rwn\438\Dataset\Dataset\Leaf Blight Disease\IMG20250501175827.jpg,Leaf Blight Disease,4562
C:\Users\Fame IT\Videos\rwn\438\Dataset\Dataset\Leaf Blight Disease\IMG20250501175831.jpg,Leaf Blight Disease,4563
C:\Users\Fame IT\Videos\rwn\438\Dataset\Dataset\Leaf Blight Disease\IMG20250501175834.jpg,Leaf Blight Disease,4565
C:\Users\Fame IT\Videos\rwn\438\Dataset\Dataset\Leaf Blight Disease\IMG20250501175835.jpg,Leaf Blight Disease,4566
C:\Users\Fame IT\Videos\rwn\438\Dataset\Dataset\Leaf Blight Disease\IMG20250501175837.jpg,Leaf Blight Disease,4567
C:\Users\Fame IT\Videos\rwn\438\Dataset\Dataset\Leaf Blight Disease\IMG20250501175840.jpg,Leaf Blight Disease,4569
C:\Users\Fame IT\Videos\rwn\438\Dataset\Dataset\Leaf Blight Disease\IMG20250501175848.jpg,Leaf Blight Disease,4570
C:\Users\Fame IT\Videos\rwn\438\Dataset\Dataset\Leaf Blight Disease\IMG20250501175849.jpg,Leaf Blight Disease,4570
C:\Users\Fame IT\Videos\rwn\438\Dataset\Dataset\Leaf Blight Disease\IMG20250501175851.jpg,Leaf Blight Disease,4570
C:\Users\Fame IT\Videos\rwn\438\Dataset\Dataset\Leaf Blight Disease\IMG20250501175852.jpg,Leaf Blight Disease,4570
C:\Users\Fame IT\Videos\rwn\438\Dataset\Dataset\Leaf Blight Disease\IMG20250501175854.jpg,Leaf Blight Disease,4570
C:\Users\Fame IT\Videos\rwn\438\Dataset\Dataset\Leaf Blight Disease\IMG20250501175900.jpg,Leaf Blight Disease,4572
C:\Users\Fame IT\Videos\rwn\438\Dataset\Dataset\Leaf Blight Disease\IMG20250501175901.jpg,Leaf Blight Disease,4572
C:\Users\Fame IT\Videos\rwn\438\Dataset\Dataset\Leaf Blight Disease\IMG20250501175903.jpg,Leaf Blight Disease,4572
C:\Users\Fame IT\Videos\rwn\438\Dataset\Dataset\Leaf Blight Disease\IMG20250501175904.jpg,Leaf Blight Disease,4572
C:\Users\Fame IT\Videos\rwn\438\Dataset\Dataset\Leaf Blight Disease\IMG20250501175908.jpg,Leaf Blight Disease,4573
C:\Users\Fame IT\Videos\rwn\438\Dataset\Dataset\Leaf Blight Disease\IMG20250501175911.jpg,Leaf Blight Disease,4575
C:\Users\Fame IT\Videos\rwn\438\Dataset\Dataset\Leaf Blight Disease\IMG20250501175913.jpg,Leaf Blight Disease,4576
C:\Users\Fame IT\Videos\rwn\438\Dataset\Dataset\Leaf Blight Disease\IMG20250501175914.jpg,Leaf Blight Disease,4577
C:\Users\Fame IT\Videos\rwn\438\Dataset\Dataset\Leaf Blight Disease\IMG20250501175919.jpg,Leaf Blight Disease,4578
C:\Users\Fame IT\Videos\rwn\438\Dataset\Dataset\Leaf Blight Disease\IMG20250501175922.jpg,Leaf Blight Disease,4579
C:\Users\Fame IT\Videos\rwn\438\Dataset\Dataset\Leaf Blight Disease\IMG20250501175924.jpg,Leaf Blight Disease,4579
C:\Users\Fame IT\Videos\rwn\438\Dataset\Dataset\Leaf Blight Disease\IMG20250501175925.jpg,Leaf Blight Disease,4579
C:\Users\Fame IT\Videos\rwn\438\Dataset\Dataset\Leaf Blight Disease\IMG20250501175927.jpg,Leaf Blight Disease,4579
C:\Users\Fame IT\Videos\rwn\438\Dataset\Dataset\Leaf Blight Disease\IMG20250501175928.jpg,Leaf Blight Disease,4579
C:\Users\Fame IT\Videos\rwn\438\Dataset\Dataset\Leaf Blight Disease\IMG20250501175930.jpg,Leaf Blight Disease,4579
C:\Users\Fame IT\Videos\rwn\438\Dataset\Dataset\Leaf Blight Disease\IMG20250501175933.jpg,Leaf Blight Disease,4580
C:\Users\Fame IT\Videos\rwn\438\Dataset\Dataset\Leaf Blight Disease\IMG20250501175935.jpg,Leaf Blight Disease,4580
C:\Users\Fame IT\Videos\rwn\438\Dataset\Dataset\Leaf Blight Disease\IMG20250501175936.jpg,Leaf Blight Disease,4581
C:\Users\Fame IT\Videos\rwn\438\Dataset\Dataset\Leaf Blight Disease\IMG20250501175942.jpg,Leaf Blight Disease,4583
C:\Users\Fame IT\Videos\rwn\438\Dataset\Dataset\Leaf Blight Disease\IMG20250501175943.jpg,Leaf Blight Disease,4584
C:\Users\Fame IT\Videos\rwn\438\Dataset\Dataset\Leaf Blight Disease\IMG20250501175945.jpg,Leaf Blight Disease,4584
C:\Users\Fame IT\Videos\rwn\438\Dataset\Dataset\Leaf Blight Disease\IMG20250501175946.jpg,Leaf Blight Disease,4584
C:\Users\Fame IT\Videos\rwn\438\Dataset\Dataset\Leaf Blight Disease\IMG20250501175948.jpg,Leaf Blight Disease,4584
C:\Users\Fame IT\Videos\rwn\438\Dataset\Dataset\Leaf Blight Disease\IMG20250501175949.jpg,Leaf Blight Disease,4584
C:\Users\Fame IT\Videos\rwn\438\Dataset\Dataset\Leaf Blight Disease\IMG20250501175951.jpg,Leaf Blight Disease,4584
C:\Users\Fame IT\Videos\rwn\438\Dataset\Dataset\Leaf Blight Disease\IMG20250501175952.jpg,Leaf Blight Disease,4584
C:\Users\Fame IT\Videos\rwn\438\Dataset\Dataset\Leaf Blight Disease\IMG20250501175954.jpg,Leaf Blight Disease,4584
C:\Users\Fame IT\Videos\rwn\438\Dataset\Dataset\Leaf Blight Disease\IMG20250501175958.jpg,Leaf Blight Disease,4585
C:\Users\Fame IT\Videos\rwn\438\Dataset\Dataset\Leaf Blight Disease\IMG20250501175959.jpg,Leaf Blight Disease,4586
C:\Users\Fame IT\Videos\rwn\438\Dataset\Dataset\Leaf Blight Disease\IMG20250501180001.jpg,Leaf Blight Disease,4586
C:\Users\Fame IT\Videos\rwn\438\Dataset\Dataset\Leaf Blight Disease\IMG20250501180003.jpg,Leaf Blight Disease,4587
C:\Users\Fame IT\Videos\rwn\438\Dataset\Dataset\Leaf Blight Disease\IMG20250501180004.jpg,Leaf Blight Disease,4587
C:\Users\Fame IT\Videos\rwn\438\Dataset\Dataset\Leaf Blight Disease\IMG20250501180006.jpg,Leaf Blight Disease,4588
C:\Users\Fame IT\Videos\rwn\438\Dataset\Dataset\Leaf Blight Disease\IMG20250501180008.jpg,Leaf Blight Disease,4588
C:\Users\Fame IT\Videos\rwn\438\Dataset\Dataset\Leaf Blight Disease\IMG20250501180010.jpg,Leaf Blight Disease,4588
C:\Users\Fame IT\Videos\rwn\438\Dataset\Dataset\Leaf Blight Disease\IMG20250501180011.jpg,Leaf Blight Disease,4589
C:\Users\Fame IT\Videos\rwn\438\Dataset\Dataset\Leaf Blight Disease\IMG20250501180027.jpg,Leaf Blight Disease,4592
C:\Users\Fame IT\Videos\rwn\438\Dataset\Dataset\Leaf Blight Disease\IMG20250501180029.jpg,Leaf Blight Disease,4593
C:\Users\Fame IT\Videos\rwn\438\Dataset\Dataset\Leaf Blight Disease\IMG20250501180030.jpg,Leaf Blight Disease,4593
C:\Users\Fame IT\Videos\rwn\438\Dataset\Dataset\Leaf Blight Disease\IMG20250501180032.jpg,Leaf Blight Disease,4593
C:\Users\Fame IT\Videos\rwn\438\Dataset\Dataset\Leaf Blight Disease\IMG20250501180037.jpg,Leaf Blight Disease,4595
C:\Users\Fame IT\Videos\rwn\438\Dataset\Dataset\Leaf Blight Disease\IMG20250501180039.jpg,Leaf Blight Disease,4596
C:\Users\Fame IT\Videos\rwn\438\Dataset\Dataset\Leaf Blight Disease\IMG20250501180051.jpg,Leaf Blight Disease,4598
C:\Users\Fame IT\Videos\rwn\438\Dataset\Dataset\Leaf Blight Disease\IMG20250501180053.jpg,Leaf Blight Disease,4599
C:\Users\Fame IT\Videos\rwn\438\Dataset\Dataset\Leaf Blight Disease\IMG20250501180054.jpg,Leaf Blight Disease,4600
C:\Users\Fame IT\Videos\rwn\438\Dataset\Dataset\Leaf Blight Disease\IMG20250501180056.jpg,Leaf Blight Disease,4600
C:\Users\Fame IT\Videos\rwn\438\Dataset\Dataset\Leaf Blight Disease\IMG20250501180058.jpg,Leaf Blight Disease,4601
C:\Users\Fame IT\Videos\rwn\438\Dataset\Dataset\Leaf Blight Disease\IMG20250501180101.jpg,Leaf Blight Disease,4602
C:\Users\Fame IT\Videos\rwn\438\Dataset\Dataset\Leaf Blight Disease\IMG20250501180102.jpg,Leaf Blight Disease,4603
C:\Users\Fame IT\Videos\rwn\438\Dataset\Dataset\Leaf Blight Disease\IMG20250501180103.jpg,Leaf Blight Disease,4604
C:\Users\Fame IT\Videos\rwn\438\Dataset\Dataset\Leaf Blight Disease\IMG20250501180105.jpg,Leaf Blight Disease,4604
C:\Users\Fame IT\Videos\rwn\438\Dataset\Dataset\Leaf Blight Disease\IMG20250501180107.jpg,Leaf Blight Disease,4605
C:\Users\Fame IT\Videos\rwn\438\Dataset\Dataset\Leaf Blight Disease\IMG20250501180110.jpg,Leaf Blight Disease,4606
C:\Users\Fame IT\Videos\rwn\438\Dataset\Dataset\Leaf Blight Disease\IMG20250501180112.jpg,Leaf Blight Disease,4607
C:\Users\Fame IT\Videos\rwn\438\Dataset\Dataset\Leaf Blight Disease\IMG20250501180114.jpg,Leaf Blight Disease,4607
C:\Users\Fame IT\Videos\rwn\438\Dataset\Dataset\Leaf Blight Disease\IMG20250501180115.jpg,Leaf Blight Disease,4607
C:\Users\Fame IT\Videos\rwn\438\Dataset\Dataset\Leaf Blight Disease\IMG20250501180117.jpg,Leaf Blight Disease,4608
C:\Users\Fame IT\Videos\rwn\438\Dataset\Dataset\Leaf Blight Disease\IMG20250501180119.jpg,Leaf Blight Disease,4608
C:\Users\Fame IT\Videos\rwn\438\Dataset\Dataset\Leaf Blight Disease\IMG20250501180120.jpg,Leaf Blight Disease,4608
C:\Users\Fame IT\Videos\rwn\438\Dataset\Dataset\Leaf Blight Disease\IMG20250501180122.jpg,Leaf Blight Disease,4608
C:\Users\Fame IT\Videos\rwn\438\Dataset\Dataset\Pest-Affected Dry Leaf\IMG20250531115909.jpg,Pest-Affected Dry Leaf,4609
C:\Users\Fame IT\Videos\rwn\438\Dataset\Dataset\Pest-Affected Dry Leaf\IMG20250531115942.jpg,Pest-Affected Dry Leaf,4610
C:\Users\Fame IT\Videos\rwn\438\Dataset\Dataset\Pest-Affected Dry Leaf\IMG20250531120014.jpg,Pest-Affected Dry Leaf,4612
C:\Users\Fame IT\Videos\rwn\438\Dataset\Dataset\Pest-Affected Dry Leaf\IMG20250531120046.jpg,Pest-Affected Dry Leaf,4614
C:\Users\Fame IT\Videos\rwn\438\Dataset\Dataset\Pest-Affected Dry Leaf\IMG20250531120054.jpg,Pest-Affected Dry Leaf,4615
C:\Users\Fame IT\Videos\rwn\438\Dataset\Dataset\Pest-Affected Dry Leaf\IMG20250531120101.jpg,Pest-Affected Dry Leaf,4616
C:\Users\Fame IT\Videos\rwn\438\Dataset\Dataset\Pest-Affected Dry Leaf\IMG20250531120110.jpg,Pest-Affected Dry Leaf,4617
C:\Users\Fame IT\Videos\rwn\438\Dataset\Dataset\Pest-Affected Dry Leaf\IMG20250531120119.jpg,Pest-Affected Dry Leaf,4618
C:\Users\Fame IT\Videos\rwn\438\Dataset\Dataset\Pest-Affected Dry Leaf\IMG20250531120225.jpg,Pest-Affected Dry Leaf,4620
C:\Users\Fame IT\Videos\rwn\438\Dataset\Dataset\Pest-Affected Dry Leaf\IMG20250531120231.jpg,Pest-Affected Dry Leaf,4621
C:\Users\Fame IT\Videos\rwn\438\Dataset\Dataset\Pest-Affected Dry Leaf\IMG20250531120235.jpg,Pest-Affected Dry Leaf,4622
C:\Users\Fame IT\Videos\rwn\438\Dataset\Dataset\Pest-Affected Dry Leaf\IMG20250531120239.jpg,Pest-Affected Dry Leaf,4623
C:\Users\Fame IT\Videos\rwn\438\Dataset\Dataset\Pest-Affected Dry Leaf\IMG20250531120243.jpg,Pest-Affected Dry Leaf,4624
C:\Users\Fame IT\Videos\rwn\438\Dataset\Dataset\Pest-Affected Dry Leaf\IMG20250531120248.jpg,Pest-Affected Dry Leaf,4625
C:\Users\Fame IT\Videos\rwn\438\Dataset\Dataset\Pest-Affected Dry Leaf\IMG20250531120305.jpg,Pest-Affected Dry Leaf,4627
C:\Users\Fame IT\Videos\rwn\438\Dataset\Dataset\Pest-Affected Dry Leaf\IMG20250531120311.jpg,Pest-Affected Dry Leaf,4628
C:\Users\Fame IT\Videos\rwn\438\Dataset\Dataset\Pest-Affected Dry Leaf\IMG20250531120315.jpg,Pest-Affected Dry Leaf,4629
C:\Users\Fame IT\Videos\rwn\438\Dataset\Dataset\Pest-Affected Dry Leaf\IMG20250531120320.jpg,Pest-Affected Dry Leaf,4630
C:\Users\Fame IT\Videos\rwn\438\Dataset\Dataset\Pest-Affected Dry Leaf\IMG20250531120420.jpg,Pest-Affected Dry Leaf,4632
C:\Users\Fame IT\Videos\rwn\438\Dataset\Dataset\Pest-Affected Dry Leaf\IMG20250531120428.jpg,Pest-Affected Dry Leaf,4634
C:\Users\Fame IT\Videos\rwn\438\Dataset\Dataset\Pest-Affected Dry Leaf\IMG20250531120432.jpg,Pest-Affected Dry Leaf,4635
C:\Users\Fame IT\Videos\rwn\438\Dataset\Dataset\Pest-Affected Dry Leaf\IMG20250531120435.jpg,Pest-Affected Dry Leaf,4636
C:\Users\Fame IT\Videos\rwn\438\Dataset\Dataset\Pest-Affected Dry Leaf\IMG20250531120438.jpg,Pest-Affected Dry Leaf,4637
C:\Users\Fame IT\Videos\rwn\438\Dataset\Dataset\Pest-Affected Dry Leaf\IMG20250531120442.jpg,Pest-Affected Dry Leaf,4638
C:\Users\Fame IT\Videos\rwn\438\Dataset\Dataset\Pest-Affected Dry Leaf\IMG20250531120447.jpg,Pest-Affected Dry Leaf,4639
C:\Users\Fame IT\Videos\rwn\438\Dataset\Dataset\Pest-Affected Dry Leaf\IMG20250531120452.jpg,Pest-Affected Dry Leaf,4640
C:\Users\Fame IT\Videos\rwn\438\Dataset\Dataset\Pest-Affected Dry Leaf\IMG20250531120456.jpg,Pest-Affected Dry Leaf,4641
C:\Users\Fame IT\Videos\rwn\438\Dataset\Dataset\Pest-Affected Dry Leaf\IMG20250531120521.jpg,Pest-Affected Dry Leaf,4642
C:\Users\Fame IT\Videos\rwn\438\Dataset\Dataset\Pest-Affected Dry Leaf\IMG20250531120536.jpg,Pest-Affected Dry Leaf,4643
C:\Users\Fame IT\Videos\rwn\438\Dataset\Dataset\Pest-Affected Dry Leaf\IMG20250531120541.jpg,Pest-Affected Dry Leaf,4644
C:\Users\Fame IT\Videos\rwn\438\Dataset\Dataset\Pest-Affected Dry Leaf\IMG20250531120603.jpg,Pest-Affected Dry Leaf,4645
C:\Users\Fame IT\Videos\rwn\438\Dataset\Dataset\Pest-Affected Dry Leaf\IMG20250531120613.jpg,Pest-Affected Dry Leaf,4646
C:\Users\Fame IT\Videos\rwn\438\Dataset\Dataset\Pest-Affected Dry Leaf\IMG20250531120619.jpg,Pest-Affected Dry Leaf,4647
C:\Users\Fame IT\Videos\rwn\438\Dataset\Dataset\Pest-Affected Dry Leaf\IMG20250531120636.jpg,Pest-Affected Dry Leaf,4650
C:\Users\Fame IT\Videos\rwn\438\Dataset\Dataset\Pest-Affected Dry Leaf\IMG20250531120755.jpg,Pest-Affected Dry Leaf,4654
C:\Users\Fame IT\Videos\rwn\438\Dataset\Dataset\Pest-Affected Dry Leaf\IMG20250531120800.jpg,Pest-Affected Dry Leaf,4655
C:\Users\Fame IT\Videos\rwn\438\Dataset\Dataset\Pest-Affected Dry Leaf\IMG20250531120818.jpg,Pest-Affected Dry Leaf,4658
C:\Users\Fame IT\Videos\rwn\438\Dataset\Dataset\Pest-Affected Dry Leaf\IMG20250531120822.jpg,Pest-Affected Dry Leaf,4659
C:\Users\Fame IT\Videos\rwn\438\Dataset\Dataset\Pest-Affected Dry Leaf\IMG20250531120826.jpg,Pest-Affected Dry Leaf,4660
C:\Users\Fame IT\Videos\rwn\438\Dataset\Dataset\Pest-Affected Dry Leaf\IMG20250531120846.jpg,Pest-Affected Dry Leaf,4663
C:\Users\Fame IT\Videos\rwn\438\Dataset\Dataset\Pest-Affected Dry Leaf\IMG20250531120851.jpg,Pest-Affected Dry Leaf,4664
C:\Users\Fame IT\Videos\rwn\438\Dataset\Dataset\Pest-Affected Dry Leaf\IMG20250531120910.jpg,Pest-Affected Dry Leaf,4666
C:\Users\Fame IT\Videos\rwn\438\Dataset\Dataset\Pest-Affected Dry Leaf\IMG20250531120921.jpg,Pest-Affected Dry Leaf,4668
C:\Users\Fame IT\Videos\rwn\438\Dataset\Dataset\Pest-Affected Dry Leaf\IMG20250531120924.jpg,Pest-Affected Dry Leaf,4669
C:\Users\Fame IT\Videos\rwn\438\Dataset\Dataset\Pest-Affected Dry Leaf\IMG20250531120932.jpg,Pest-Affected Dry Leaf,4671
C:\Users\Fame IT\Videos\rwn\438\Dataset\Dataset\Pest-Affected Dry Leaf\IMG20250531121006.jpg,Pest-Affected Dry Leaf,4672
C:\Users\Fame IT\Videos\rwn\438\Dataset\Dataset\Pest-Affected Dry Leaf\IMG20250531121010.jpg,Pest-Affected Dry Leaf,4673
C:\Users\Fame IT\Videos\rwn\438\Dataset\Dataset\Pest-Affected Dry Leaf\IMG20250531121016.jpg,Pest-Affected Dry Leaf,4674
C:\Users\Fame IT\Videos\rwn\438\Dataset\Dataset\Pest-Affected Dry Leaf\IMG20250531121020.jpg,Pest-Affected Dry Leaf,4675
C:\Users\Fame IT\Videos\rwn\438\Dataset\Dataset\Pest-Affected Dry Leaf\IMG20250531121038.jpg,Pest-Affected Dry Leaf,4677
C:\Users\Fame IT\Videos\rwn\438\Dataset\Dataset\Pest-Affected Dry Leaf\IMG20250531121042.jpg,Pest-Affected Dry Leaf,4678
C:\Users\Fame IT\Videos\rwn\438\Dataset\Dataset\Pest-Affected Dry Leaf\IMG20250531121046.jpg,Pest-Affected Dry Leaf,4679
C:\Users\Fame IT\Videos\rwn\438\Dataset\Dataset\Pest-Affected Dry Leaf\IMG20250531121050.jpg,Pest-Affected Dry Leaf,4680
C:\Users\Fame IT\Videos\rwn\438\Dataset\Dataset\Pest-Affected Dry Leaf\IMG20250531121058.jpg,Pest-Affected Dry Leaf,4682
C:\Users\Fame IT\Videos\rwn\438\Dataset\Dataset\Pest-Affected Dry Leaf\IMG20250531121136.jpg,Pest-Affected Dry Leaf,4683
C:\Users\Fame IT\Videos\rwn\438\Dataset\Dataset\Pest-Affected Dry Leaf\IMG20250531121141.jpg,Pest-Affected Dry Leaf,4684
C:\Users\Fame IT\Videos\rwn\438\Dataset\Dataset\Pest-Affected Dry Leaf\IMG20250531121145.jpg,Pest-Affected Dry Leaf,4685
C:\Users\Fame IT\Videos\rwn\438\Dataset\Dataset\Pest-Affected Dry Leaf\IMG20250531121151.jpg,Pest-Affected Dry Leaf,4686
C:\Users\Fame IT\Videos\rwn\438\Dataset\Dataset\Pest-Affected Dry Leaf\IMG20250531121156.jpg,Pest-Affected Dry Leaf,4687
C:\Users\Fame IT\Videos\rwn\438\Dataset\Dataset\Pest-Affected Dry Leaf\IMG20250531121201.jpg,Pest-Affected Dry Leaf,4688
C:\Users\Fame IT\Videos\rwn\438\Dataset\Dataset\Pest-Affected Dry Leaf\IMG20250531121205.jpg,Pest-Affected Dry Leaf,4689
C:\Users\Fame IT\Videos\rwn\438\Dataset\Dataset\Pest-Affected Dry Leaf\IMG20250531121214.jpg,Pest-Affected Dry Leaf,4691
C:\Users\Fame IT\Videos\rwn\438\Dataset\Dataset\Pest-Affected Dry Leaf\IMG20250531121218.jpg,Pest-Affected Dry Leaf,4692
C:\Users\Fame IT\Videos\rwn\438\Dataset\Dataset\Pest-Affected Dry Leaf\IMG20250531121222.jpg,Pest-Affected Dry Leaf,4693
C:\Users\Fame IT\Videos\rwn\438\Dataset\Dataset\Pest-Affected Dry Leaf\IMG20250531121226.jpg,Pest-Affected Dry Leaf,4694
C:\Users\Fame IT\Videos\rwn\438\Dataset\Dataset\Pest-Affected Dry Leaf\IMG20250531121230.jpg,Pest-Affected Dry Leaf,4695
C:\Users\Fame IT\Videos\rwn\438\Dataset\Dataset\Pest-Affected Dry Leaf\IMG20250531121326.jpg,Pest-Affected Dry Leaf,4696
C:\Users\Fame IT\Videos\rwn\438\Dataset\Dataset\Pest-Affected Dry Leaf\IMG20250531121330.jpg,Pest-Affected Dry Leaf,4697
C:\Users\Fame IT\Videos\rwn\438\Dataset\Dataset\Pest-Affected Dry Leaf\IMG20250531121340.jpg,Pest-Affected Dry Leaf,4698
C:\Users\Fame IT\Videos\rwn\438\Dataset\Dataset\Pest-Affected Dry Leaf\IMG20250531121343.jpg,Pest-Affected Dry Leaf,4699
C:\Users\Fame IT\Videos\rwn\438\Dataset\Dataset\Pest-Affected Dry Leaf\IMG20250531121355.jpg,Pest-Affected Dry Leaf,4702
C:\Users\Fame IT\Videos\rwn\438\Dataset\Dataset\Pest-Affected Dry Leaf\IMG20250531121400.jpg,Pest-Affected Dry Leaf,4703
C:\Users\Fame IT\Videos\rwn\438\Dataset\Dataset\Pest-Affected Dry Leaf\IMG20250531121416.jpg,Pest-Affected Dry Leaf,4706
C:\Users\Fame IT\Videos\rwn\438\Dataset\Dataset\Pest-Affected Dry Leaf\IMG20250531121452.jpg,Pest-Affected Dry Leaf,4709
C:\Users\Fame IT\Videos\rwn\438\Dataset\Dataset\Pest-Affected Dry Leaf\IMG20250531121458.jpg,Pest-Affected Dry Leaf,4710
C:\Users\Fame IT\Videos\rwn\438\Dataset\Dataset\Pest-Affected Dry Leaf\IMG20250531121503.jpg,Pest-Affected Dry Leaf,4711
C:\Users\Fame IT\Videos\rwn\438\Dataset\Dataset\Pest-Affected Dry Leaf\IMG20250531121511.jpg,Pest-Affected Dry Leaf,4712
C:\Users\Fame IT\Videos\rwn\438\Dataset\Dataset\Pest-Affected Dry Leaf\IMG20250531121533.jpg,Pest-Affected Dry Leaf,4713
C:\Users\Fame IT\Videos\rwn\438\Dataset\Dataset\Pest-Affected Dry Leaf\IMG20250531121546.jpg,Pest-Affected Dry Leaf,4715
C:\Users\Fame IT\Videos\rwn\438\Dataset\Dataset\Pest-Affected Dry Leaf\IMG20250531121549.jpg,Pest-Affected Dry Leaf,4716
C:\Users\Fame IT\Videos\rwn\438\Dataset\Dataset\Pest-Affected Dry Leaf\IMG20250531121554.jpg,Pest-Affected Dry Leaf,4717
C:\Users\Fame IT\Videos\rwn\438\Dataset\Dataset\Pest-Affected Dry Leaf\IMG20250531121601.jpg,Pest-Affected Dry Leaf,4718
C:\Users\Fame IT\Videos\rwn\438\Dataset\Dataset\Pest-Affected Dry Leaf\IMG20250531121621.jpg,Pest-Affected Dry Leaf,4719
C:\Users\Fame IT\Videos\rwn\438\Dataset\Dataset\Pest-Affected Dry Leaf\IMG20250531121625.jpg,Pest-Affected Dry Leaf,4720
C:\Users\Fame IT\Videos\rwn\438\Dataset\Dataset\Pest-Affected Dry Leaf\IMG20250531121630.jpg,Pest-Affected Dry Leaf,4721
C:\Users\Fame IT\Videos\rwn\438\Dataset\Dataset\Pest-Affected Dry Leaf\IMG20250531121637.jpg,Pest-Affected Dry Leaf,4723
C:\Users\Fame IT\Videos\rwn\438\Dataset\Dataset\Pest-Affected Dry Leaf\IMG20250531121650.jpg,Pest-Affected Dry Leaf,4725
C:\Users\Fame IT\Videos\rwn\438\Dataset\Dataset\Pest-Affected Dry Leaf\IMG20250531121656.jpg,Pest-Affected Dry Leaf,4726
C:\Users\Fame IT\Videos\rwn\438\Dataset\Dataset\Pest-Affected Dry Leaf\IMG20250531121711.jpg,Pest-Affected Dry Leaf,4727
C:\Users\Fame IT\Videos\rwn\438\Dataset\Dataset\Pest-Affected Dry Leaf\IMG20250531121716.jpg,Pest-Affected Dry Leaf,4728
C:\Users\Fame IT\Videos\rwn\438\Dataset\Dataset\Pest-Affected Dry Leaf\IMG20250531121737.jpg,Pest-Affected Dry Leaf,4731
C:\Users\Fame IT\Videos\rwn\438\Dataset\Dataset\Pest-Affected Dry Leaf\IMG20250531121747.jpg,Pest-Affected Dry Leaf,4733
C:\Users\Fame IT\Videos\rwn\438\Dataset\Dataset\Pest-Affected Dry Leaf\IMG20250531121750.jpg,Pest-Affected Dry Leaf,4734
C:\Users\Fame IT\Videos\rwn\438\Dataset\Dataset\Pest-Affected Dry Leaf\IMG20250531121801.jpg,Pest-Affected Dry Leaf,4736
C:\Users\Fame IT\Videos\rwn\438\Dataset\Dataset\Pest-Affected Dry Leaf\IMG20250531121804.jpg,Pest-Affected Dry Leaf,4737
C:\Users\Fame IT\Videos\rwn\438\Dataset\Dataset\Pest-Affected Dry Leaf\IMG20250531121820.jpg,Pest-Affected Dry Leaf,4739
C:\Users\Fame IT\Videos\rwn\438\Dataset\Dataset\Pest-Affected Dry Leaf\IMG20250531121826.jpg,Pest-Affected Dry Leaf,4741
C:\Users\Fame IT\Videos\rwn\438\Dataset\Dataset\Pest-Affected Dry Leaf\IMG20250531121834.jpg,Pest-Affected Dry Leaf,4743
C:\Users\Fame IT\Videos\rwn\438\Dataset\Dataset\Pest-Affected Dry Leaf\IMG20250531121841.jpg,Pest-Affected Dry Leaf,4745
C:\Users\Fame IT\Videos\rwn\438\Dataset\Dataset\Pest-Affected Dry Leaf\IMG20250531121845.jpg,Pest-Affected Dry Leaf,4746
C:\Users\Fame IT\Videos\rwn\438\Dataset\Dataset\Pest-Affected Dry Leaf\IMG20250531121911.jpg,Pest-Affected Dry Leaf,4748
C:\Users\Fame IT\Videos\rwn\438\Dataset\Dataset\Pest-Affected Dry Leaf\IMG20250531121915.jpg,Pest-Affected Dry Leaf,4749
C:\Users\Fame IT\Videos\rwn\438\Dataset\Dataset\Pest-Affected Dry Leaf\IMG20250531121919.jpg,Pest-Affected Dry Leaf,4750
C:\Users\Fame IT\Videos\rwn\438\Dataset\Dataset\Pest-Affected Dry Leaf\IMG20250531121923.jpg,Pest-Affected Dry Leaf,4751
C:\Users\Fame IT\Videos\rwn\438\Dataset\Dataset\Pest-Affected Dry Leaf\IMG20250531121929.jpg,Pest-Affected Dry Leaf,4753
C:\Users\Fame IT\Videos\rwn\438\Dataset\Dataset\Pest-Affected Dry Leaf\IMG20250531121933.jpg,Pest-Affected Dry Leaf,4754
C:\Users\Fame IT\Videos\rwn\438\Dataset\Dataset\Pest-Affected Dry Leaf\IMG20250531121937.jpg,Pest-Affected Dry Leaf,4755
C:\Users\Fame IT\Videos\rwn\438\Dataset\Dataset\Pest-Affected Dry Leaf\IMG20250531121940.jpg,Pest-Affected Dry Leaf,4756
C:\Users\Fame IT\Videos\rwn\438\Dataset\Dataset\Pest-Affected Dry Leaf\IMG20250531121944.jpg,Pest-Affected Dry Leaf,4757
C:\Users\Fame IT\Videos\rwn\438\Dataset\Dataset\Pest-Affected Dry Leaf\IMG20250531122002.jpg,Pest-Affected Dry Leaf,4759
C:\Users\Fame IT\Videos\rwn\438\Dataset\Dataset\Pest-Affected Dry Leaf\IMG20250531122011.jpg,Pest-Affected Dry Leaf,4760
C:\Users\Fame IT\Videos\rwn\438\Dataset\Dataset\Pest-Affected Dry Leaf\IMG20250531122030.jpg,Pest-Affected Dry Leaf,4762
C:\Users\Fame IT\Videos\rwn\438\Dataset\Dataset\Pest-Affected Dry Leaf\IMG20250531122033.jpg,Pest-Affected Dry Leaf,4763
C:\Users\Fame IT\Videos\rwn\438\Dataset\Dataset\Pest-Affected Dry Leaf\IMG20250531122037.jpg,Pest-Affected Dry Leaf,4764
C:\Users\Fame IT\Videos\rwn\438\Dataset\Dataset\Pest-Affected Dry Leaf\IMG20250531122040.jpg,Pest-Affected Dry Leaf,4765
C:\Users\Fame IT\Videos\rwn\438\Dataset\Dataset\Pest-Affected Dry Leaf\IMG20250531122044.jpg,Pest-Affected Dry Leaf,4766
C:\Users\Fame IT\Videos\rwn\438\Dataset\Dataset\Pest-Affected Dry Leaf\IMG20250531122048.jpg,Pest-Affected Dry Leaf,4767
C:\Users\Fame IT\Videos\rwn\438\Dataset\Dataset\Pest-Affected Dry Leaf\IMG20250531122052.jpg,Pest-Affected Dry Leaf,4768
C:\Users\Fame IT\Videos\rwn\438\Dataset\Dataset\Pest-Affected Dry Leaf\IMG20250531122110.jpg,Pest-Affected Dry Leaf,4769
C:\Users\Fame IT\Videos\rwn\438\Dataset\Dataset\Pest-Affected Dry Leaf\IMG20250531122113.jpg,Pest-Affected Dry Leaf,4770
C:\Users\Fame IT\Videos\rwn\438\Dataset\Dataset\Pest-Affected Dry Leaf\IMG20250531122117.jpg,Pest-Affected Dry Leaf,4771
C:\Users\Fame IT\Videos\rwn\438\Dataset\Dataset\Pest-Affected Dry Leaf\IMG20250531122120.jpg,Pest-Affected Dry Leaf,4772
C:\Users\Fame IT\Videos\rwn\438\Dataset\Dataset\Pest-Affected Dry Leaf\IMG20250531122123.jpg,Pest-Affected Dry Leaf,4773
C:\Users\Fame IT\Videos\rwn\438\Dataset\Dataset\Pest-Affected Dry Leaf\IMG20250531122130.jpg,Pest-Affected Dry Leaf,4774
C:\Users\Fame IT\Videos\rwn\438\Dataset\Dataset\Pest-Affected Dry Leaf\IMG20250531122133.jpg,Pest-Affected Dry Leaf,4775
C:\Users\Fame IT\Videos\rwn\438\Dataset\Dataset\Pest-Affected Dry Leaf\IMG20250531122141.jpg,Pest-Affected Dry Leaf,4777
C:\Users\Fame IT\Videos\rwn\438\Dataset\Dataset\Pest-Affected Dry Leaf\IMG20250531122311.jpg,Pest-Affected Dry Leaf,4778
C:\Users\Fame IT\Videos\rwn\438\Dataset\Dataset\Pest-Affected Dry Leaf\IMG20250531122315.jpg,Pest-Affected Dry Leaf,4779
C:\Users\Fame IT\Videos\rwn\438\Dataset\Dataset\Pest-Affected Dry Leaf\IMG20250531122320.jpg,Pest-Affected Dry Leaf,4780
C:\Users\Fame IT\Videos\rwn\438\Dataset\Dataset\Pest-Affected Dry Leaf\IMG20250531122323.jpg,Pest-Affected Dry Leaf,4781
C:\Users\Fame IT\Videos\rwn\438\Dataset\Dataset\Pest-Affected Dry Leaf\IMG20250531122326.jpg,Pest-Affected Dry Leaf,4782
C:\Users\Fame IT\Videos\rwn\438\Dataset\Dataset\Pest-Affected Dry Leaf\IMG20250531122335.jpg,Pest-Affected Dry Leaf,4784
C:\Users\Fame IT\Videos\rwn\438\Dataset\Dataset\Pest-Affected Dry Leaf\IMG20250531122338.jpg,Pest-Affected Dry Leaf,4785
C:\Users\Fame IT\Videos\rwn\438\Dataset\Dataset\Pest-Affected Dry Leaf\IMG20250531122341.jpg,Pest-Affected Dry Leaf,4786
C:\Users\Fame IT\Videos\rwn\438\Dataset\Dataset\Pest-Affected Dry Leaf\IMG20250531122345.jpg,Pest-Affected Dry Leaf,4787
C:\Users\Fame IT\Videos\rwn\438\Dataset\Dataset\Pest-Affected Dry Leaf\IMG20250531122349.jpg,Pest-Affected Dry Leaf,4788
C:\Users\Fame IT\Videos\rwn\438\Dataset\Dataset\Pest-Affected Dry Leaf\IMG20250531122404.jpg,Pest-Affected Dry Leaf,4789
C:\Users\Fame IT\Videos\rwn\438\Dataset\Dataset\Pest-Affected Dry Leaf\IMG20250531122429.jpg,Pest-Affected Dry Leaf,4790
C:\Users\Fame IT\Videos\rwn\438\Dataset\Dataset\Pest-Affected Dry Leaf\IMG20250531122434.jpg,Pest-Affected Dry Leaf,4791
C:\Users\Fame IT\Videos\rwn\438\Dataset\Dataset\Pest-Affected Dry Leaf\IMG20250531122440.jpg,Pest-Affected Dry Leaf,4792
C:\Users\Fame IT\Videos\rwn\438\Dataset\Dataset\Pest-Affected Dry Leaf\IMG20250531122453.jpg,Pest-Affected Dry Leaf,4795
C:\Users\Fame IT\Videos\rwn\438\Dataset\Dataset\Pest-Affected Dry Leaf\IMG20250531122459.jpg,Pest-Affected Dry Leaf,4796
C:\Users\Fame IT\Videos\rwn\438\Dataset\Dataset\Pest-Affected Dry Leaf\IMG20250531122503.jpg,Pest-Affected Dry Leaf,4797
C:\Users\Fame IT\Videos\rwn\438\Dataset\Dataset\Pest-Affected Dry Leaf\IMG20250531122513.jpg,Pest-Affected Dry Leaf,4798
C:\Users\Fame IT\Videos\rwn\438\Dataset\Dataset\Pest-Affected Dry Leaf\IMG20250531122642.jpg,Pest-Affected Dry Leaf,4800
C:\Users\Fame IT\Videos\rwn\438\Dataset\Dataset\Pest-Affected Dry Leaf\IMG20250531122647.jpg,Pest-Affected Dry Leaf,4801
C:\Users\Fame IT\Videos\rwn\438\Dataset\Dataset\Pest-Affected Dry Leaf\IMG20250531122654.jpg,Pest-Affected Dry Leaf,4803
C:\Users\Fame IT\Videos\rwn\438\Dataset\Dataset\Pest-Affected Dry Leaf\IMG20250531122702.jpg,Pest-Affected Dry Leaf,4805
C:\Users\Fame IT\Videos\rwn\438\Dataset\Dataset\Pest-Affected Dry Leaf\IMG20250531122706.jpg,Pest-Affected Dry Leaf,4806
C:\Users\Fame IT\Videos\rwn\438\Dataset\Dataset\Pest-Affected Dry Leaf\IMG20250531122729.jpg,Pest-Affected Dry Leaf,4808
C:\Users\Fame IT\Videos\rwn\438\Dataset\Dataset\Pest-Affected Dry Leaf\IMG20250531122735.jpg,Pest-Affected Dry Leaf,4810
C:\Users\Fame IT\Videos\rwn\438\Dataset\Dataset\Pest-Affected Dry Leaf\IMG20250531122738.jpg,Pest-Affected Dry Leaf,4811
C:\Users\Fame IT\Videos\rwn\438\Dataset\Dataset\Pest-Affected Dry Leaf\IMG20250531122741.jpg,Pest-Affected Dry Leaf,4812
C:\Users\Fame IT\Videos\rwn\438\Dataset\Dataset\Pest-Affected Dry Leaf\IMG20250531122800.jpg,Pest-Affected Dry Leaf,4813
C:\Users\Fame IT\Videos\rwn\438\Dataset\Dataset\Pest-Affected Dry Leaf\IMG20250531122810.jpg,Pest-Affected Dry Leaf,4816
C:\Users\Fame IT\Videos\rwn\438\Dataset\Dataset\Pest-Affected Dry Leaf\IMG20250531122813.jpg,Pest-Affected Dry Leaf,4817
C:\Users\Fame IT\Videos\rwn\438\Dataset\Dataset\Pest-Affected Dry Leaf\IMG20250531122817.jpg,Pest-Affected Dry Leaf,4818
C:\Users\Fame IT\Videos\rwn\438\Dataset\Dataset\Pest-Affected Dry Leaf\IMG20250531122831.jpg,Pest-Affected Dry Leaf,4821
C:\Users\Fame IT\Videos\rwn\438\Dataset\Dataset\Pest-Affected Dry Leaf\IMG20250531122834.jpg,Pest-Affected Dry Leaf,4822
C:\Users\Fame IT\Videos\rwn\438\Dataset\Dataset\Pest-Affected Dry Leaf\IMG20250531122837.jpg,Pest-Affected Dry Leaf,4823
C:\Users\Fame IT\Videos\rwn\438\Dataset\Dataset\Pest-Affected Dry Leaf\IMG20250531122844.jpg,Pest-Affected Dry Leaf,4825
C:\Users\Fame IT\Videos\rwn\438\Dataset\Dataset\Pest-Affected Dry Leaf\IMG20250531122848.jpg,Pest-Affected Dry Leaf,4826
C:\Users\Fame IT\Videos\rwn\438\Dataset\Dataset\Pest-Affected Dry Leaf\IMG20250531122930.jpg,Pest-Affected Dry Leaf,4827
C:\Users\Fame IT\Videos\rwn\438\Dataset\Dataset\Pest-Affected Dry Leaf\IMG20250531122947.jpg,Pest-Affected Dry Leaf,4831
C:\Users\Fame IT\Videos\rwn\438\Dataset\Dataset\Pest-Affected Dry Leaf\IMG20250531122951.jpg,Pest-Affected Dry Leaf,4832
C:\Users\Fame IT\Videos\rwn\438\Dataset\Dataset\Pest-Affected Dry Leaf\IMG20250531122956.jpg,Pest-Affected Dry Leaf,4833
C:\Users\Fame IT\Videos\rwn\438\Dataset\Dataset\Pest-Affected Dry Leaf\IMG20250531123004.jpg,Pest-Affected Dry Leaf,4834
C:\Users\Fame IT\Videos\rwn\438\Dataset\Dataset\Pest-Affected Dry Leaf\IMG20250531123035.jpg,Pest-Affected Dry Leaf,4835
C:\Users\Fame IT\Videos\rwn\438\Dataset\Dataset\Pest-Affected Dry Leaf\IMG20250531123043.jpg,Pest-Affected Dry Leaf,4837
C:\Users\Fame IT\Videos\rwn\438\Dataset\Dataset\Pest-Affected Dry Leaf\IMG20250531123047.jpg,Pest-Affected Dry Leaf,4838
C:\Users\Fame IT\Videos\rwn\438\Dataset\Dataset\Pest-Affected Dry Leaf\IMG20250531123150.jpg,Pest-Affected Dry Leaf,4839
C:\Users\Fame IT\Videos\rwn\438\Dataset\Dataset\Pest-Affected Dry Leaf\IMG20250531123159.jpg,Pest-Affected Dry Leaf,4841
C:\Users\Fame IT\Videos\rwn\438\Dataset\Dataset\Pest-Affected Dry Leaf\IMG20250531123201.jpg,Pest-Affected Dry Leaf,4842
C:\Users\Fame IT\Videos\rwn\438\Dataset\Dataset\Pest-Affected Dry Leaf\IMG20250531123209.jpg,Pest-Affected Dry Leaf,4844
C:\Users\Fame IT\Videos\rwn\438\Dataset\Dataset\Pest-Affected Dry Leaf\IMG20250531123222.jpg,Pest-Affected Dry Leaf,4847
C:\Users\Fame IT\Videos\rwn\438\Dataset\Dataset\Pest-Affected Dry Leaf\IMG20250531123239.jpg,Pest-Affected Dry Leaf,4848
C:\Users\Fame IT\Videos\rwn\438\Dataset\Dataset\Pest-Affected Dry Leaf\IMG20250531123247.jpg,Pest-Affected Dry Leaf,4849
C:\Users\Fame IT\Videos\rwn\438\Dataset\Dataset\Pest-Affected Dry Leaf\IMG20250531123250.jpg,Pest-Affected Dry Leaf,4850
C:\Users\Fame IT\Videos\rwn\438\Dataset\Dataset\Pest-Affected Dry Leaf\IMG20250531123254.jpg,Pest-Affected Dry Leaf,4851
C:\Users\Fame IT\Videos\rwn\438\Dataset\Dataset\Pest-Affected Dry Leaf\IMG20250531123310.jpg,Pest-Affected Dry Leaf,4854
C:\Users\Fame IT\Videos\rwn\438\Dataset\Dataset\Pest-Affected Dry Leaf\IMG20250531123313.jpg,Pest-Affected Dry Leaf,4855
C:\Users\Fame IT\Videos\rwn\438\Dataset\Dataset\Pest-Affected Dry Leaf\IMG20250531123316.jpg,Pest-Affected Dry Leaf,4856
C:\Users\Fame IT\Videos\rwn\438\Dataset\Dataset\Pest-Affected Dry Leaf\IMG20250531123320.jpg,Pest-Affected Dry Leaf,4857
C:\Users\Fame IT\Videos\rwn\438\Dataset\Dataset\Pest-Affected Dry Leaf\IMG20250531123329.jpg,Pest-Affected Dry Leaf,4859
C:\Users\Fame IT\Videos\rwn\438\Dataset\Dataset\Pest-Affected Dry Leaf\IMG20250531123333.jpg,Pest-Affected Dry Leaf,4860
C:\Users\Fame IT\Videos\rwn\438\Dataset\Dataset\Pest-Affected Dry Leaf\IMG20250531123336.jpg,Pest-Affected Dry Leaf,4861
C:\Users\Fame IT\Videos\rwn\438\Dataset\Dataset\Pest-Affected Dry Leaf\IMG20250531123345.jpg,Pest-Affected Dry Leaf,4863
C:\Users\Fame IT\Videos\rwn\438\Dataset\Dataset\Pest-Affected Dry Leaf\IMG20250531123354.jpg,Pest-Affected Dry Leaf,4865
C:\Users\Fame IT\Videos\rwn\438\Dataset\Dataset\Pest-Affected Dry Leaf\IMG20250531123424.jpg,Pest-Affected Dry Leaf,4866
C:\Users\Fame IT\Videos\rwn\438\Dataset\Dataset\Pest-Affected Dry Leaf\IMG20250531123428.jpg,Pest-Affected Dry Leaf,4867
C:\Users\Fame IT\Videos\rwn\438\Dataset\Dataset\Pest-Affected Dry Leaf\IMG20250531123432.jpg,Pest-Affected Dry Leaf,4868
C:\Users\Fame IT\Videos\rwn\438\Dataset\Dataset\Pest-Affected Dry Leaf\IMG20250531123438.jpg,Pest-Affected Dry Leaf,4869
C:\Users\Fame IT\Videos\rwn\438\Dataset\Dataset\Pest-Affected Dry Leaf\IMG20250531123442.jpg,Pest-Affected Dry Leaf,4870
C:\Users\Fame IT\Videos\rwn\438\Dataset\Dataset\Pest-Affected Dry Leaf\IMG20250531123445.jpg,Pest-Affected Dry Leaf,4871
C:\Users\Fame IT\Videos\rwn\438\Dataset\Dataset\Pest-Affected Dry Leaf\IMG20250531123450.jpg,Pest-Affected Dry Leaf,4872
C:\Users\Fame IT\Videos\rwn\438\Dataset\Dataset\Pest-Affected Dry Leaf\IMG20250531123614.jpg,Pest-Affected Dry Leaf,4874
C:\Users\Fame IT\Videos\rwn\438\Dataset\Dataset\Pest-Affected Dry Leaf\IMG20250531123626.jpg,Pest-Affected Dry Leaf,4876
C:\Users\Fame IT\Videos\rwn\438\Dataset\Dataset\Pest-Affected Dry Leaf\IMG20250531123644.jpg,Pest-Affected Dry Leaf,4878
C:\Users\Fame IT\Videos\rwn\438\Dataset\Dataset\Pest-Affected Dry Leaf\IMG20250531123647.jpg,Pest-Affected Dry Leaf,4879
C:\Users\Fame IT\Videos\rwn\438\Dataset\Dataset\Pest-Affected Dry Leaf\IMG20250531123654.jpg,Pest-Affected Dry Leaf,4880
C:\Users\Fame IT\Videos\rwn\438\Dataset\Dataset\Pest-Affected Dry Leaf\IMG20250531123657.jpg,Pest-Affected Dry Leaf,4881
C:\Users\Fame IT\Videos\rwn\438\Dataset\Dataset\Pest-Affected Dry Leaf\IMG20250531123702.jpg,Pest-Affected Dry Leaf,4882
C:\Users\Fame IT\Videos\rwn\438\Dataset\Dataset\Pest-Affected Dry Leaf\IMG20250531123707.jpg,Pest-Affected Dry Leaf,4883
C:\Users\Fame IT\Videos\rwn\438\Dataset\Dataset\Pest-Affected Dry Leaf\IMG20250531123711.jpg,Pest-Affected Dry Leaf,4884
C:\Users\Fame IT\Videos\rwn\438\Dataset\Dataset\Pest-Affected Dry Leaf\IMG20250531123716.jpg,Pest-Affected Dry Leaf,4885
C:\Users\Fame IT\Videos\rwn\438\Dataset\Dataset\Pest-Affected Dry Leaf\IMG20250531123746.jpg,Pest-Affected Dry Leaf,4886
C:\Users\Fame IT\Videos\rwn\438\Dataset\Dataset\Pest-Affected Dry Leaf\IMG20250531123752.jpg,Pest-Affected Dry Leaf,4887
C:\Users\Fame IT\Videos\rwn\438\Dataset\Dataset\Pest-Affected Dry Leaf\IMG20250531123756.jpg,Pest-Affected Dry Leaf,4888
C:\Users\Fame IT\Videos\rwn\438\Dataset\Dataset\Pest-Affected Dry Leaf\IMG20250531123801.jpg,Pest-Affected Dry Leaf,4889
C:\Users\Fame IT\Videos\rwn\438\Dataset\Dataset\Pest-Affected Dry Leaf\IMG20250531123807.jpg,Pest-Affected Dry Leaf,4890
C:\Users\Fame IT\Videos\rwn\438\Dataset\Dataset\Pest-Affected Dry Leaf\IMG20250531123811.jpg,Pest-Affected Dry Leaf,4891
C:\Users\Fame IT\Videos\rwn\438\Dataset\Dataset\Pest-Affected Dry Leaf\IMG20250531123825.jpg,Pest-Affected Dry Leaf,4894
C:\Users\Fame IT\Videos\rwn\438\Dataset\Dataset\Pest-Affected Dry Leaf\IMG20250531123842.jpg,Pest-Affected Dry Leaf,4895
C:\Users\Fame IT\Videos\rwn\438\Dataset\Dataset\Pest-Affected Dry Leaf\IMG20250531123845.jpg,Pest-Affected Dry Leaf,4896
C:\Users\Fame IT\Videos\rwn\438\Dataset\Dataset\Pest-Affected Dry Leaf\IMG20250531123901.jpg,Pest-Affected Dry Leaf,4897
C:\Users\Fame IT\Videos\rwn\438\Dataset\Dataset\Pest-Affected Dry Leaf\IMG20250531123908.jpg,Pest-Affected Dry Leaf,4898
C:\Users\Fame IT\Videos\rwn\438\Dataset\Dataset\Pest-Affected Dry Leaf\IMG20250531123923.jpg,Pest-Affected Dry Leaf,4901
C:\Users\Fame IT\Videos\rwn\438\Dataset\Dataset\Pest-Affected Dry Leaf\IMG20250531123933.jpg,Pest-Affected Dry Leaf,4903
C:\Users\Fame IT\Videos\rwn\438\Dataset\Dataset\Pest-Affected Dry Leaf\IMG20250531123939.jpg,Pest-Affected Dry Leaf,4904
C:\Users\Fame IT\Videos\rwn\438\Dataset\Dataset\Pest-Affected Dry Leaf\IMG20250531123944.jpg,Pest-Affected Dry Leaf,4905
C:\Users\Fame IT\Videos\rwn\438\Dataset\Dataset\Pest-Affected Dry Leaf\IMG20250531123949.jpg,Pest-Affected Dry Leaf,4906
C:\Users\Fame IT\Videos\rwn\438\Dataset\Dataset\Pest-Affected Dry Leaf\IMG20250531124005.jpg,Pest-Affected Dry Leaf,4907
C:\Users\Fame IT\Videos\rwn\438\Dataset\Dataset\Pest-Affected Dry Leaf\IMG20250531124008.jpg,Pest-Affected Dry Leaf,4908
C:\Users\Fame IT\Videos\rwn\438\Dataset\Dataset\Pest-Affected Dry Leaf\IMG20250531124012.jpg,Pest-Affected Dry Leaf,4909
C:\Users\Fame IT\Videos\rwn\438\Dataset\Dataset\Pest-Affected Dry Leaf\IMG20250531124016.jpg,Pest-Affected Dry Leaf,4910
C:\Users\Fame IT\Videos\rwn\438\Dataset\Dataset\Pest-Affected Dry Leaf\IMG20250531124028.jpg,Pest-Affected Dry Leaf,4913
C:\Users\Fame IT\Videos\rwn\438\Dataset\Dataset\Pest-Affected Dry Leaf\IMG20250531124032.jpg,Pest-Affected Dry Leaf,4914
C:\Users\Fame IT\Videos\rwn\438\Dataset\Dataset\Pest-Affected Dry Leaf\IMG20250531124036.jpg,Pest-Affected Dry Leaf,4915
C:\Users\Fame IT\Videos\rwn\438\Dataset\Dataset\Pest-Affected Dry Leaf\IMG20250531124045.jpg,Pest-Affected Dry Leaf,4916
C:\Users\Fame IT\Videos\rwn\438\Dataset\Dataset\Pest-Affected Dry Leaf\IMG20250531124051.jpg,Pest-Affected Dry Leaf,4918
C:\Users\Fame IT\Videos\rwn\438\Dataset\Dataset\Pest-Affected Dry Leaf\IMG20250531124214.jpg,Pest-Affected Dry Leaf,4919
C:\Users\Fame IT\Videos\rwn\438\Dataset\Dataset\Pest-Affected Dry Leaf\IMG20250531124221.jpg,Pest-Affected Dry Leaf,4921
C:\Users\Fame IT\Videos\rwn\438\Dataset\Dataset\Pest-Affected Dry Leaf\IMG20250531124228.jpg,Pest-Affected Dry Leaf,4923
C:\Users\Fame IT\Videos\rwn\438\Dataset\Dataset\Pest-Affected Dry Leaf\IMG20250531124231.jpg,Pest-Affected Dry Leaf,4924
C:\Users\Fame IT\Videos\rwn\438\Dataset\Dataset\Pest-Affected Dry Leaf\IMG20250531124249.jpg,Pest-Affected Dry Leaf,4929
C:\Users\Fame IT\Videos\rwn\438\Dataset\Dataset\Pest-Affected Dry Leaf\IMG20250531124301.jpg,Pest-Affected Dry Leaf,4933
C:\Users\Fame IT\Videos\rwn\438\Dataset\Dataset\Pest-Affected Dry Leaf\IMG20250531124304.jpg,Pest-Affected Dry Leaf,4934
C:\Users\Fame IT\Videos\rwn\438\Dataset\Dataset\Pest-Affected Dry Leaf\IMG20250531124307.jpg,Pest-Affected Dry Leaf,4935
C:\Users\Fame IT\Videos\rwn\438\Dataset\Dataset\Pest-Affected Dry Leaf\IMG20250531124311.jpg,Pest-Affected Dry Leaf,4936
C:\Users\Fame IT\Videos\rwn\438\Dataset\Dataset\Pest-Affected Dry Leaf\IMG20250531124324.jpg,Pest-Affected Dry Leaf,4937
C:\Users\Fame IT\Videos\rwn\438\Dataset\Dataset\Pest-Affected Dry Leaf\IMG20250531124335.jpg,Pest-Affected Dry Leaf,4938
C:\Users\Fame IT\Videos\rwn\438\Dataset\Dataset\Pest-Affected Dry Leaf\IMG20250531124342.jpg,Pest-Affected Dry Leaf,4940
C:\Users\Fame IT\Videos\rwn\438\Dataset\Dataset\Pest-Affected Dry Leaf\IMG20250531124353.jpg,Pest-Affected Dry Leaf,4942
C:\Users\Fame IT\Videos\rwn\438\Dataset\Dataset\Pest-Affected Dry Leaf\IMG20250531124412.jpg,Pest-Affected Dry Leaf,4945
C:\Users\Fame IT\Videos\rwn\438\Dataset\Dataset\Pest-Affected Dry Leaf\IMG20250531124416.jpg,Pest-Affected Dry Leaf,4946
C:\Users\Fame IT\Videos\rwn\438\Dataset\Dataset\Pest-Affected Dry Leaf\IMG20250531124424.jpg,Pest-Affected Dry Leaf,4948
C:\Users\Fame IT\Videos\rwn\438\Dataset\Dataset\Pest-Affected Dry Leaf\IMG20250531124429.jpg,Pest-Affected Dry Leaf,4949
C:\Users\Fame IT\Videos\rwn\438\Dataset\Dataset\Pest-Affected Dry Leaf\IMG20250531124434.jpg,Pest-Affected Dry Leaf,4950
C:\Users\Fame IT\Videos\rwn\438\Dataset\Dataset\Pest-Affected Dry Leaf\IMG20250531124438.jpg,Pest-Affected Dry Leaf,4951
C:\Users\Fame IT\Videos\rwn\438\Dataset\Dataset\Pest-Affected Dry Leaf\IMG20250531124442.jpg,Pest-Affected Dry Leaf,4952
C:\Users\Fame IT\Videos\rwn\438\Dataset\Dataset\Pest-Affected Dry Leaf\IMG20250531124445.jpg,Pest-Affected Dry Leaf,4953
C:\Users\Fame IT\Videos\rwn\438\Dataset\Dataset\Pest-Affected Dry Leaf\IMG20250531124500.jpg,Pest-Affected Dry Leaf,4954
C:\Users\Fame IT\Videos\rwn\438\Dataset\Dataset\Pest-Affected Dry Leaf\IMG20250531124507.jpg,Pest-Affected Dry Leaf,4955
C:\Users\Fame IT\Videos\rwn\438\Dataset\Dataset\Pest-Affected Dry Leaf\IMG20250531124520.jpg,Pest-Affected Dry Leaf,4958
C:\Users\Fame IT\Videos\rwn\438\Dataset\Dataset\Pest-Affected Dry Leaf\IMG20250531124523.jpg,Pest-Affected Dry Leaf,4959
C:\Users\Fame IT\Videos\rwn\438\Dataset\Dataset\Pest-Affected Dry Leaf\IMG20250531124531.jpg,Pest-Affected Dry Leaf,4961
C:\Users\Fame IT\Videos\rwn\438\Dataset\Dataset\Pest-Affected Dry Leaf\IMG20250531124534.jpg,Pest-Affected Dry Leaf,4962
C:\Users\Fame IT\Videos\rwn\438\Dataset\Dataset\Pest-Affected Dry Leaf\IMG20250531124550.jpg,Pest-Affected Dry Leaf,4964
C:\Users\Fame IT\Videos\rwn\438\Dataset\Dataset\Pest-Affected Dry Leaf\IMG20250531124554.jpg,Pest-Affected Dry Leaf,4965
C:\Users\Fame IT\Videos\rwn\438\Dataset\Dataset\Pest-Affected Dry Leaf\IMG20250531124558.jpg,Pest-Affected Dry Leaf,4966
C:\Users\Fame IT\Videos\rwn\438\Dataset\Dataset\Pest-Affected Dry Leaf\IMG20250531124601.jpg,Pest-Affected Dry Leaf,4967
C:\Users\Fame IT\Videos\rwn\438\Dataset\Dataset\Pest-Affected Dry Leaf\IMG20250531124605.jpg,Pest-Affected Dry Leaf,4968
C:\Users\Fame IT\Videos\rwn\438\Dataset\Dataset\Pest-Affected Dry Leaf\IMG20250531124609.jpg,Pest-Affected Dry Leaf,4969
C:\Users\Fame IT\Videos\rwn\438\Dataset\Dataset\Pest-Affected Dry Leaf\IMG20250531124616.jpg,Pest-Affected Dry Leaf,4971
C:\Users\Fame IT\Videos\rwn\438\Dataset\Dataset\Pest-Affected Dry Leaf\IMG20250531124634.jpg,Pest-Affected Dry Leaf,4974
C:\Users\Fame IT\Videos\rwn\438\Dataset\Dataset\Pest-Affected Dry Leaf\IMG20250531124638.jpg,Pest-Affected Dry Leaf,4975
C:\Users\Fame IT\Videos\rwn\438\Dataset\Dataset\Pest-Affected Dry Leaf\IMG20250531124651.jpg,Pest-Affected Dry Leaf,4977
C:\Users\Fame IT\Videos\rwn\438\Dataset\Dataset\Pest-Affected Dry Leaf\IMG20250531124656.jpg,Pest-Affected Dry Leaf,4978
C:\Users\Fame IT\Videos\rwn\438\Dataset\Dataset\Pest-Affected Dry Leaf\IMG20250531124659.jpg,Pest-Affected Dry Leaf,4979
C:\Users\Fame IT\Videos\rwn\438\Dataset\Dataset\Pest-Affected Dry Leaf\IMG20250531124703.jpg,Pest-Affected Dry Leaf,4980
C:\Users\Fame IT\Videos\rwn\438\Dataset\Dataset\Pest-Affected Dry Leaf\IMG20250531124722.jpg,Pest-Affected Dry Leaf,4982
C:\Users\Fame IT\Videos\rwn\438\Dataset\Dataset\Pest-Affected Dry Leaf\IMG20250531124736.jpg,Pest-Affected Dry Leaf,4985
C:\Users\Fame IT\Videos\rwn\438\Dataset\Dataset\Pest-Affected Dry Leaf\IMG20250531124743.jpg,Pest-Affected Dry Leaf,4986
C:\Users\Fame IT\Videos\rwn\438\Dataset\Dataset\Pest-Affected Dry Leaf\IMG20250531124747.jpg,Pest-Affected Dry Leaf,4987
C:\Users\Fame IT\Videos\rwn\438\Dataset\Dataset\Pest-Affected Dry Leaf\IMG20250531124750.jpg,Pest-Affected Dry Leaf,4988
C:\Users\Fame IT\Videos\rwn\438\Dataset\Dataset\Pest-Affected Dry Leaf\IMG20250531124754.jpg,Pest-Affected Dry Leaf,4989
C:\Users\Fame IT\Videos\rwn\438\Dataset\Dataset\Pest-Affected Dry Leaf\IMG20250531124758.jpg,Pest-Affected Dry Leaf,4990
C:\Users\Fame IT\Videos\rwn\438\Dataset\Dataset\Pest-Affected Dry Leaf\IMG20250531124803.jpg,Pest-Affected Dry Leaf,4991
C:\Users\Fame IT\Videos\rwn\438\Dataset\Dataset\Pest-Affected Dry Leaf\IMG20250531124824.jpg,Pest-Affected Dry Leaf,4993
C:\Users\Fame IT\Videos\rwn\438\Dataset\Dataset\Pest-Affected Dry Leaf\IMG20250531124832.jpg,Pest-Affected Dry Leaf,4995
C:\Users\Fame IT\Videos\rwn\438\Dataset\Dataset\Pest-Affected Dry Leaf\IMG20250531124835.jpg,Pest-Affected Dry Leaf,4996
C:\Users\Fame IT\Videos\rwn\438\Dataset\Dataset\Pest-Affected Dry Leaf\IMG20250531124841.jpg,Pest-Affected Dry Leaf,4997
C:\Users\Fame IT\Videos\rwn\438\Dataset\Dataset\Pest-Affected Dry Leaf\IMG20250531124844.jpg,Pest-Affected Dry Leaf,4998
C:\Users\Fame IT\Videos\rwn\438\Dataset\Dataset\Pest-Affected Dry Leaf\IMG20250531124852.jpg,Pest-Affected Dry Leaf,4999
C:\Users\Fame IT\Videos\rwn\438\Dataset\Dataset\Pest-Affected Dry Leaf\IMG20250531124857.jpg,Pest-Affected Dry Leaf,5000
C:\Users\Fame IT\Videos\rwn\438\Dataset\Dataset\Pest-Affected Dry Leaf\IMG20250531124913.jpg,Pest-Affected Dry Leaf,5003
C:\Users\Fame IT\Videos\rwn\438\Dataset\Dataset\Pest-Affected Dry Leaf\IMG20250531124916.jpg,Pest-Affected Dry Leaf,5004
C:\Users\Fame IT\Videos\rwn\438\Dataset\Dataset\Pest-Affected Dry Leaf\IMG20250531124919.jpg,Pest-Affected Dry Leaf,5005
C:\Users\Fame IT\Videos\rwn\438\Dataset\Dataset\Pest-Affected Dry Leaf\IMG20250531124923.jpg,Pest-Affected Dry Leaf,5006
C:\Users\Fame IT\Videos\rwn\438\Dataset\Dataset\Pest-Affected Dry Leaf\IMG20250531124927.jpg,Pest-Affected Dry Leaf,5007
C:\Users\Fame IT\Videos\rwn\438\Dataset\Dataset\Pest-Affected Dry Leaf\IMG20250531124943.jpg,Pest-Affected Dry Leaf,5010
C:\Users\Fame IT\Videos\rwn\438\Dataset\Dataset\Pest-Affected Dry Leaf\IMG20250531124947.jpg,Pest-Affected Dry Leaf,5011
C:\Users\Fame IT\Videos\rwn\438\Dataset\Dataset\Pest-Affected Dry Leaf\IMG20250531124956.jpg,Pest-Affected Dry Leaf,5012
C:\Users\Fame IT\Videos\rwn\438\Dataset\Dataset\Pest-Affected Dry Leaf\IMG20250531124959.jpg,Pest-Affected Dry Leaf,5013
C:\Users\Fame IT\Videos\rwn\438\Dataset\Dataset\Pest-Affected Dry Leaf\IMG20250531125002.jpg,Pest-Affected Dry Leaf,5014
C:\Users\Fame IT\Videos\rwn\438\Dataset\Dataset\Pest-Affected Dry Leaf\IMG20250531125011.jpg,Pest-Affected Dry Leaf,5016
C:\Users\Fame IT\Videos\rwn\438\Dataset\Dataset\Pest-Affected Dry Leaf\IMG20250531125138.jpg,Pest-Affected Dry Leaf,5018
C:\Users\Fame IT\Videos\rwn\438\Dataset\Dataset\Pest-Affected Dry Leaf\IMG20250531125148.jpg,Pest-Affected Dry Leaf,5020
C:\Users\Fame IT\Videos\rwn\438\Dataset\Dataset\Pest-Affected Dry Leaf\IMG20250531125159.jpg,Pest-Affected Dry Leaf,5024
C:\Users\Fame IT\Videos\rwn\438\Dataset\Dataset\Pest-Affected Dry Leaf\IMG20250531125203.jpg,Pest-Affected Dry Leaf,5025
C:\Users\Fame IT\Videos\rwn\438\Dataset\Dataset\Pest-Affected Dry Leaf\IMG20250531125207.jpg,Pest-Affected Dry Leaf,5026
C:\Users\Fame IT\Videos\rwn\438\Dataset\Dataset\Pest-Affected Dry Leaf\IMG20250531125210.jpg,Pest-Affected Dry Leaf,5027
C:\Users\Fame IT\Videos\rwn\438\Dataset\Dataset\Pest-Affected Dry Leaf\IMG20250531125216.jpg,Pest-Affected Dry Leaf,5028
C:\Users\Fame IT\Videos\rwn\438\Dataset\Dataset\Pest-Affected Dry Leaf\IMG20250531125219.jpg,Pest-Affected Dry Leaf,5029
C:\Users\Fame IT\Videos\rwn\438\Dataset\Dataset\Pest-Affected Dry Leaf\IMG20250531125230.jpg,Pest-Affected Dry Leaf,5030
C:\Users\Fame IT\Videos\rwn\438\Dataset\Dataset\Pest-Affected Dry Leaf\IMG20250531125243.jpg,Pest-Affected Dry Leaf,5034
C:\Users\Fame IT\Videos\rwn\438\Dataset\Dataset\Pest-Affected Dry Leaf\IMG20250531125247.jpg,Pest-Affected Dry Leaf,5035
C:\Users\Fame IT\Videos\rwn\438\Dataset\Dataset\Pest-Affected Dry Leaf\IMG20250531125250.jpg,Pest-Affected Dry Leaf,5036
C:\Users\Fame IT\Videos\rwn\438\Dataset\Dataset\Pest-Affected Dry Leaf\IMG20250531125256.jpg,Pest-Affected Dry Leaf,5038
C:\Users\Fame IT\Videos\rwn\438\Dataset\Dataset\Pest-Affected Dry Leaf\IMG20250531125259.jpg,Pest-Affected Dry Leaf,5039
C:\Users\Fame IT\Videos\rwn\438\Dataset\Dataset\Pest-Affected Dry Leaf\IMG20250531125310.jpg,Pest-Affected Dry Leaf,5040
C:\Users\Fame IT\Videos\rwn\438\Dataset\Dataset\Pest-Affected Dry Leaf\IMG20250531125314.jpg,Pest-Affected Dry Leaf,5041
C:\Users\Fame IT\Videos\rwn\438\Dataset\Dataset\Pest-Affected Dry Leaf\IMG20250531125317.jpg,Pest-Affected Dry Leaf,5042
C:\Users\Fame IT\Videos\rwn\438\Dataset\Dataset\Pest-Affected Dry Leaf\IMG20250531125324.jpg,Pest-Affected Dry Leaf,5044
C:\Users\Fame IT\Videos\rwn\438\Dataset\Dataset\Pest-Affected Dry Leaf\IMG20250531125331.jpg,Pest-Affected Dry Leaf,5045
C:\Users\Fame IT\Videos\rwn\438\Dataset\Dataset\Pest-Affected Dry Leaf\IMG20250531125338.jpg,Pest-Affected Dry Leaf,5047
C:\Users\Fame IT\Videos\rwn\438\Dataset\Dataset\Pest-Affected Dry Leaf\IMG20250531125341.jpg,Pest-Affected Dry Leaf,5048
C:\Users\Fame IT\Videos\rwn\438\Dataset\Dataset\Pest-Affected Dry Leaf\IMG20250531125405.jpg,Pest-Affected Dry Leaf,5051
C:\Users\Fame IT\Videos\rwn\438\Dataset\Dataset\Pest-Affected Dry Leaf\IMG20250531125415.jpg,Pest-Affected Dry Leaf,5054
C:\Users\Fame IT\Videos\rwn\438\Dataset\Dataset\Pest-Affected Dry Leaf\IMG20250531125418.jpg,Pest-Affected Dry Leaf,5055
C:\Users\Fame IT\Videos\rwn\438\Dataset\Dataset\Pest-Affected Dry Leaf\IMG20250531125421.jpg,Pest-Affected Dry Leaf,5056
C:\Users\Fame IT\Videos\rwn\438\Dataset\Dataset\Pest-Affected Dry Leaf\IMG20250531125425.jpg,Pest-Affected Dry Leaf,5057
C:\Users\Fame IT\Videos\rwn\438\Dataset\Dataset\Pest-Affected Dry Leaf\IMG20250531125429.jpg,Pest-Affected Dry Leaf,5058
C:\Users\Fame IT\Videos\rwn\438\Dataset\Dataset\Pest-Affected Dry Leaf\IMG20250531125433.jpg,Pest-Affected Dry Leaf,5059
C:\Users\Fame IT\Videos\rwn\438\Dataset\Dataset\Pest-Affected Dry Leaf\IMG20250531125508.jpg,Pest-Affected Dry Leaf,5061
C:\Users\Fame IT\Videos\rwn\438\Dataset\Dataset\Pest-Affected Dry Leaf\IMG20250531125511.jpg,Pest-Affected Dry Leaf,5062
C:\Users\Fame IT\Videos\rwn\438\Dataset\Dataset\Pest-Affected Dry Leaf\IMG20250531125514.jpg,Pest-Affected Dry Leaf,5063
C:\Users\Fame IT\Videos\rwn\438\Dataset\Dataset\Pest-Affected Dry Leaf\IMG20250531125517.jpg,Pest-Affected Dry Leaf,5064
C:\Users\Fame IT\Videos\rwn\438\Dataset\Dataset\Pest-Affected Dry Leaf\IMG20250531125520.jpg,Pest-Affected Dry Leaf,5065
C:\Users\Fame IT\Videos\rwn\438\Dataset\Dataset\Pest-Affected Dry Leaf\IMG20250531125524.jpg,Pest-Affected Dry Leaf,5066
C:\Users\Fame IT\Videos\rwn\438\Dataset\Dataset\Pest-Affected Dry Leaf\IMG20250531125527.jpg,Pest-Affected Dry Leaf,5067
C:\Users\Fame IT\Videos\rwn\438\Dataset\Dataset\Pest-Affected Dry Leaf\IMG20250531125544.jpg,Pest-Affected Dry Leaf,5069
C:\Users\Fame IT\Videos\rwn\438\Dataset\Dataset\Pest-Affected Dry Leaf\IMG20250531125552.jpg,Pest-Affected Dry Leaf,5071
C:\Users\Fame IT\Videos\rwn\438\Dataset\Dataset\Pest-Affected Dry Leaf\IMG20250531125609.jpg,Pest-Affected Dry Leaf,5075
C:\Users\Fame IT\Videos\rwn\438\Dataset\Dataset\Pest-Affected Dry Leaf\IMG20250531125614.jpg,Pest-Affected Dry Leaf,5076
C:\Users\Fame IT\Videos\rwn\438\Dataset\Dataset\Pest-Affected Dry Leaf\IMG20250531125621.jpg,Pest-Affected Dry Leaf,5077
C:\Users\Fame IT\Videos\rwn\438\Dataset\Dataset\Pest-Affected Dry Leaf\IMG20250531125629.jpg,Pest-Affected Dry Leaf,5079
C:\Users\Fame IT\Videos\rwn\438\Dataset\Dataset\Pest-Affected Dry Leaf\IMG20250531125647.jpg,Pest-Affected Dry Leaf,5080
C:\Users\Fame IT\Videos\rwn\438\Dataset\Dataset\Pest-Affected Dry Leaf\IMG20250531125655.jpg,Pest-Affected Dry Leaf,5082
C:\Users\Fame IT\Videos\rwn\438\Dataset\Dataset\Pest-Affected Dry Leaf\IMG20250531125659.jpg,Pest-Affected Dry Leaf,5083
C:\Users\Fame IT\Videos\rwn\438\Dataset\Dataset\Pest-Affected Dry Leaf\IMG20250531125703.jpg,Pest-Affected Dry Leaf,5084
C:\Users\Fame IT\Videos\rwn\438\Dataset\Dataset\Pest-Affected Dry Leaf\IMG20250531125707.jpg,Pest-Affected Dry Leaf,5085
C:\Users\Fame IT\Videos\rwn\438\Dataset\Dataset\Pest-Affected Dry Leaf\IMG20250531125712.jpg,Pest-Affected Dry Leaf,5086
C:\Users\Fame IT\Videos\rwn\438\Dataset\Dataset\Pest-Affected Dry Leaf\IMG20250531125731.jpg,Pest-Affected Dry Leaf,5089
C:\Users\Fame IT\Videos\rwn\438\Dataset\Dataset\Pest-Affected Dry Leaf\IMG20250531125754.jpg,Pest-Affected Dry Leaf,5091
C:\Users\Fame IT\Videos\rwn\438\Dataset\Dataset\Pest-Affected Dry Leaf\IMG20250531125800.jpg,Pest-Affected Dry Leaf,5092
C:\Users\Fame IT\Videos\rwn\438\Dataset\Dataset\Pest-Affected Dry Leaf\IMG20250531125818.jpg,Pest-Affected Dry Leaf,5096
C:\Users\Fame IT\Videos\rwn\438\Dataset\Dataset\Pest-Affected Dry Leaf\IMG20250531125823.jpg,Pest-Affected Dry Leaf,5097
C:\Users\Fame IT\Videos\rwn\438\Dataset\Dataset\Pest-Affected Dry Leaf\IMG20250531125831.jpg,Pest-Affected Dry Leaf,5099
C:\Users\Fame IT\Videos\rwn\438\Dataset\Dataset\Pest-Affected Dry Leaf\IMG20250531125838.jpg,Pest-Affected Dry Leaf,5100
C:\Users\Fame IT\Videos\rwn\438\Dataset\Dataset\Pest-Affected Dry Leaf\IMG20250531125844.jpg,Pest-Affected Dry Leaf,5101
C:\Users\Fame IT\Videos\rwn\438\Dataset\Dataset\Pest-Affected Dry Leaf\IMG20250531125849.jpg,Pest-Affected Dry Leaf,5102
C:\Users\Fame IT\Videos\rwn\438\Dataset\Dataset\Pest-Affected Dry Leaf\IMG20250531125854.jpg,Pest-Affected Dry Leaf,5103
C:\Users\Fame IT\Videos\rwn\438\Dataset\Dataset\Pest-Affected Dry Leaf\IMG20250531125859.jpg,Pest-Affected Dry Leaf,5104
C:\Users\Fame IT\Videos\rwn\438\Dataset\Dataset\Pest-Affected Dry Leaf\IMG20250531125905.jpg,Pest-Affected Dry Leaf,5105
C:\Users\Fame IT\Videos\rwn\438\Dataset\Dataset\Pest-Affected Dry Leaf\IMG20250531125909.jpg,Pest-Affected Dry Leaf,5106
C:\Users\Fame IT\Videos\rwn\438\Dataset\Dataset\Pest-Affected Dry Leaf\IMG20250531125926.jpg,Pest-Affected Dry Leaf,5109
C:\Users\Fame IT\Videos\rwn\438\Dataset\Dataset\Pest-Affected Dry Leaf\IMG20250531125934.jpg,Pest-Affected Dry Leaf,5111
C:\Users\Fame IT\Videos\rwn\438\Dataset\Dataset\Pest-Affected Dry Leaf\IMG20250531125951.jpg,Pest-Affected Dry Leaf,5114
C:\Users\Fame IT\Videos\rwn\438\Dataset\Dataset\Pest-Affected Dry Leaf\IMG20250531130002.jpg,Pest-Affected Dry Leaf,5116
C:\Users\Fame IT\Videos\rwn\438\Dataset\Dataset\Pest-Affected Dry Leaf\IMG20250531130011.jpg,Pest-Affected Dry Leaf,5117
C:\Users\Fame IT\Videos\rwn\438\Dataset\Dataset\Pest-Affected Dry Leaf\IMG20250531130020.jpg,Pest-Affected Dry Leaf,5119
C:\Users\Fame IT\Videos\rwn\438\Dataset\Dataset\Pest-Affected Dry Leaf\IMG20250531130023.jpg,Pest-Affected Dry Leaf,5120
C:\Users\Fame IT\Videos\rwn\438\Dataset\Dataset\Pest-Affected Dry Leaf\IMG20250531130027.jpg,Pest-Affected Dry Leaf,5121
C:\Users\Fame IT\Videos\rwn\438\Dataset\Dataset\Pest-Affected Dry Leaf\IMG20250531130030.jpg,Pest-Affected Dry Leaf,5122
C:\Users\Fame IT\Videos\rwn\438\Dataset\Dataset\Pest-Affected Dry Leaf\IMG20250531130033.jpg,Pest-Affected Dry Leaf,5123
C:\Users\Fame IT\Videos\rwn\438\Dataset\Dataset\Pest-Affected Dry Leaf\IMG20250531130037.jpg,Pest-Affected Dry Leaf,5124
C:\Users\Fame IT\Videos\rwn\438\Dataset\Dataset\Pest-Affected Dry Leaf\IMG20250531130041.jpg,Pest-Affected Dry Leaf,5125
C:\Users\Fame IT\Videos\rwn\438\Dataset\Dataset\Pest-Affected Dry Leaf\IMG20250531130103.jpg,Pest-Affected Dry Leaf,5127
C:\Users\Fame IT\Videos\rwn\438\Dataset\Dataset\Pest-Affected Dry Leaf\IMG20250531130110.jpg,Pest-Affected Dry Leaf,5129
C:\Users\Fame IT\Videos\rwn\438\Dataset\Dataset\Pest-Affected Dry Leaf\IMG20250531130114.jpg,Pest-Affected Dry Leaf,5130
C:\Users\Fame IT\Videos\rwn\438\Dataset\Dataset\Pest-Affected Dry Leaf\IMG20250531130118.jpg,Pest-Affected Dry Leaf,5131
C:\Users\Fame IT\Videos\rwn\438\Dataset\Dataset\Pest-Affected Dry Leaf\IMG20250531130122.jpg,Pest-Affected Dry Leaf,5132
C:\Users\Fame IT\Videos\rwn\438\Dataset\Dataset\Pest-Affected Dry Leaf\IMG20250531130128.jpg,Pest-Affected Dry Leaf,5134
C:\Users\Fame IT\Videos\rwn\438\Dataset\Dataset\Pest-Affected Dry Leaf\IMG20250531130139.jpg,Pest-Affected Dry Leaf,5135
C:\Users\Fame IT\Videos\rwn\438\Dataset\Dataset\Pest-Affected Dry Leaf\IMG20250531130145.jpg,Pest-Affected Dry Leaf,5137
C:\Users\Fame IT\Videos\rwn\438\Dataset\Dataset\Pest-Affected Dry Leaf\IMG20250531130149.jpg,Pest-Affected Dry Leaf,5138
C:\Users\Fame IT\Videos\rwn\438\Dataset\Dataset\Pest-Affected Dry Leaf\IMG20250531130151.jpg,Pest-Affected Dry Leaf,5139
C:\Users\Fame IT\Videos\rwn\438\Dataset\Dataset\Pest-Affected Dry Leaf\IMG20250531130158.jpg,Pest-Affected Dry Leaf,5141
C:\Users\Fame IT\Videos\rwn\438\Dataset\Dataset\Pest-Affected Dry Leaf\IMG20250531130212.jpg,Pest-Affected Dry Leaf,5143
C:\Users\Fame IT\Videos\rwn\438\Dataset\Dataset\Pest-Affected Dry Leaf\IMG20250531130215.jpg,Pest-Affected Dry Leaf,5144
C:\Users\Fame IT\Videos\rwn\438\Dataset\Dataset\Pest-Affected Dry Leaf\IMG20250531130218.jpg,Pest-Affected Dry Leaf,5145
C:\Users\Fame IT\Videos\rwn\438\Dataset\Dataset\Pest-Affected Dry Leaf\IMG20250531130223.jpg,Pest-Affected Dry Leaf,5146
C:\Users\Fame IT\Videos\rwn\438\Dataset\Dataset\Pest-Affected Dry Leaf\IMG20250531130231.jpg,Pest-Affected Dry Leaf,5148
C:\Users\Fame IT\Videos\rwn\438\Dataset\Dataset\Pest-Affected Dry Leaf\IMG20250531130246.jpg,Pest-Affected Dry Leaf,5151
C:\Users\Fame IT\Videos\rwn\438\Dataset\Dataset\Pest-Affected Dry Leaf\IMG20250531130249.jpg,Pest-Affected Dry Leaf,5152
C:\Users\Fame IT\Videos\rwn\438\Dataset\Dataset\Pest-Affected Dry Leaf\IMG20250531130311.jpg,Pest-Affected Dry Leaf,5153
C:\Users\Fame IT\Videos\rwn\438\Dataset\Dataset\Pest-Affected Dry Leaf\IMG20250531130315.jpg,Pest-Affected Dry Leaf,5154
C:\Users\Fame IT\Videos\rwn\438\Dataset\Dataset\Pest-Affected Dry Leaf\IMG20250531130320.jpg,Pest-Affected Dry Leaf,5155
C:\Users\Fame IT\Videos\rwn\438\Dataset\Dataset\Pest-Affected Dry Leaf\IMG20250531130324.jpg,Pest-Affected Dry Leaf,5156
C:\Users\Fame IT\Videos\rwn\438\Dataset\Dataset\Pest-Affected Dry Leaf\IMG20250531130327.jpg,Pest-Affected Dry Leaf,5157
C:\Users\Fame IT\Videos\rwn\438\Dataset\Dataset\Pest-Affected Dry Leaf\IMG20250531130336.jpg,Pest-Affected Dry Leaf,5159
C:\Users\Fame IT\Videos\rwn\438\Dataset\Dataset\Pest-Affected Dry Leaf\IMG20250531130339.jpg,Pest-Affected Dry Leaf,5160
C:\Users\Fame IT\Videos\rwn\438\Dataset\Dataset\Pest-Affected Dry Leaf\IMG20250531130343.jpg,Pest-Affected Dry Leaf,5161
C:\Users\Fame IT\Videos\rwn\438\Dataset\Dataset\Pest-Affected Dry Leaf\IMG20250531130417.jpg,Pest-Affected Dry Leaf,5163
C:\Users\Fame IT\Videos\rwn\438\Dataset\Dataset\Pest-Affected Dry Leaf\IMG20250531130420.jpg,Pest-Affected Dry Leaf,5164
C:\Users\Fame IT\Videos\rwn\438\Dataset\Dataset\Pest-Affected Dry Leaf\IMG20250531130427.jpg,Pest-Affected Dry Leaf,5166
C:\Users\Fame IT\Videos\rwn\438\Dataset\Dataset\Pest-Affected Dry Leaf\IMG20250531130430.jpg,Pest-Affected Dry Leaf,5167
C:\Users\Fame IT\Videos\rwn\438\Dataset\Dataset\Pest-Affected Dry Leaf\IMG20250531130443.jpg,Pest-Affected Dry Leaf,5170
C:\Users\Fame IT\Videos\rwn\438\Dataset\Dataset\Pest-Affected Dry Leaf\IMG20250531130447.jpg,Pest-Affected Dry Leaf,5171
C:\Users\Fame IT\Videos\rwn\438\Dataset\Dataset\Pest-Affected Dry Leaf\IMG20250531130451.jpg,Pest-Affected Dry Leaf,5172
C:\Users\Fame IT\Videos\rwn\438\Dataset\Dataset\Pest-Affected Dry Leaf\IMG20250531130454.jpg,Pest-Affected Dry Leaf,5173
C:\Users\Fame IT\Videos\rwn\438\Dataset\Dataset\Pest-Affected Dry Leaf\IMG20250531130505.jpg,Pest-Affected Dry Leaf,5174
C:\Users\Fame IT\Videos\rwn\438\Dataset\Dataset\Pest-Affected Dry Leaf\IMG20250531130509.jpg,Pest-Affected Dry Leaf,5175
C:\Users\Fame IT\Videos\rwn\438\Dataset\Dataset\Pest-Affected Dry Leaf\IMG20250531130513.jpg,Pest-Affected Dry Leaf,5176
C:\Users\Fame IT\Videos\rwn\438\Dataset\Dataset\Pest-Affected Dry Leaf\IMG20250531130517.jpg,Pest-Affected Dry Leaf,5177
C:\Users\Fame IT\Videos\rwn\438\Dataset\Dataset\Pest-Affected Dry Leaf\IMG20250531130524.jpg,Pest-Affected Dry Leaf,5178
C:\Users\Fame IT\Videos\rwn\438\Dataset\Dataset\Pest-Affected Dry Leaf\IMG20250531130539.jpg,Pest-Affected Dry Leaf,5181
C:\Users\Fame IT\Videos\rwn\438\Dataset\Dataset\Pest-Affected Dry Leaf\IMG20250531130555.jpg,Pest-Affected Dry Leaf,5183
C:\Users\Fame IT\Videos\rwn\438\Dataset\Dataset\Pest-Affected Dry Leaf\IMG20250531130603.jpg,Pest-Affected Dry Leaf,5185
C:\Users\Fame IT\Videos\rwn\438\Dataset\Dataset\Pest-Affected Dry Leaf\IMG20250531130607.jpg,Pest-Affected Dry Leaf,5186
C:\Users\Fame IT\Videos\rwn\438\Dataset\Dataset\Pest-Affected Dry Leaf\IMG20250531130610.jpg,Pest-Affected Dry Leaf,5187
C:\Users\Fame IT\Videos\rwn\438\Dataset\Dataset\Pest-Affected Dry Leaf\IMG20250531130618.jpg,Pest-Affected Dry Leaf,5189
C:\Users\Fame IT\Videos\rwn\438\Dataset\Dataset\Pest-Affected Dry Leaf\IMG20250531130631.jpg,Pest-Affected Dry Leaf,5192
C:\Users\Fame IT\Videos\rwn\438\Dataset\Dataset\Pest-Affected Dry Leaf\IMG20250531130639.jpg,Pest-Affected Dry Leaf,5193
C:\Users\Fame IT\Videos\rwn\438\Dataset\Dataset\Pest-Affected Dry Leaf\IMG20250531130700.jpg,Pest-Affected Dry Leaf,5195
C:\Users\Fame IT\Videos\rwn\438\Dataset\Dataset\Pest-Affected Dry Leaf\IMG20250531130703.jpg,Pest-Affected Dry Leaf,5196
C:\Users\Fame IT\Videos\rwn\438\Dataset\Dataset\Pest-Affected Dry Leaf\IMG20250531130708.jpg,Pest-Affected Dry Leaf,5197
C:\Users\Fame IT\Videos\rwn\438\Dataset\Dataset\Pest-Affected Dry Leaf\IMG20250531130713.jpg,Pest-Affected Dry Leaf,5198
C:\Users\Fame IT\Videos\rwn\438\Dataset\Dataset\Pest-Affected Dry Leaf\IMG20250531130730.jpg,Pest-Affected Dry Leaf,5201
C:\Users\Fame IT\Videos\rwn\438\Dataset\Dataset\Pest-Affected Dry Leaf\IMG20250531130733.jpg,Pest-Affected Dry Leaf,5202
C:\Users\Fame IT\Videos\rwn\438\Dataset\Dataset\Pest-Affected Dry Leaf\IMG20250531130744.jpg,Pest-Affected Dry Leaf,5203
C:\Users\Fame IT\Videos\rwn\438\Dataset\Dataset\Pest-Affected Dry Leaf\IMG20250531130752.jpg,Pest-Affected Dry Leaf,5205
C:\Users\Fame IT\Videos\rwn\438\Dataset\Dataset\Pest-Affected Dry Leaf\IMG20250531130801.jpg,Pest-Affected Dry Leaf,5208
C:\Users\Fame IT\Videos\rwn\438\Dataset\Dataset\Pest-Affected Dry Leaf\IMG20250531130809.jpg,Pest-Affected Dry Leaf,5209
C:\Users\Fame IT\Videos\rwn\438\Dataset\Dataset\Pest-Affected Dry Leaf\IMG20250531131724.jpg,Pest-Affected Dry Leaf,5210
C:\Users\Fame IT\Videos\rwn\438\Dataset\Dataset\Pest-Affected Dry Leaf\IMG20250531131731.jpg,Pest-Affected Dry Leaf,5212
C:\Users\Fame IT\Videos\rwn\438\Dataset\Dataset\Pest-Affected Dry Leaf\IMG20250531131735.jpg,Pest-Affected Dry Leaf,5213
C:\Users\Fame IT\Videos\rwn\438\Dataset\Dataset\Pest-Affected Dry Leaf\IMG20250531131746.jpg,Pest-Affected Dry Leaf,5215
C:\Users\Fame IT\Videos\rwn\438\Dataset\Dataset\Pest-Affected Dry Leaf\IMG20250531131750.jpg,Pest-Affected Dry Leaf,5216
C:\Users\Fame IT\Videos\rwn\438\Dataset\Dataset\Pest-Affected Dry Leaf\IMG20250531131754.jpg,Pest-Affected Dry Leaf,5217
C:\Users\Fame IT\Videos\rwn\438\Dataset\Dataset\Pest-Affected Dry Leaf\IMG20250531131759.jpg,Pest-Affected Dry Leaf,5218
C:\Users\Fame IT\Videos\rwn\438\Dataset\Dataset\Pest-Affected Dry Leaf\IMG20250531131808.jpg,Pest-Affected Dry Leaf,5219
C:\Users\Fame IT\Videos\rwn\438\Dataset\Dataset\Pest-Affected Dry Leaf\IMG20250531131811.jpg,Pest-Affected Dry Leaf,5220
C:\Users\Fame IT\Videos\rwn\438\Dataset\Dataset\Pest-Affected Dry Leaf\IMG20250531131815.jpg,Pest-Affected Dry Leaf,5221
C:\Users\Fame IT\Videos\rwn\438\Dataset\Dataset\Pest-Affected Dry Leaf\IMG20250531131819.jpg,Pest-Affected Dry Leaf,5222
C:\Users\Fame IT\Videos\rwn\438\Dataset\Dataset\Pest-Affected Dry Leaf\IMG20250531131824.jpg,Pest-Affected Dry Leaf,5223
C:\Users\Fame IT\Videos\rwn\438\Dataset\Dataset\Pest-Affected Dry Leaf\IMG20250531131830.jpg,Pest-Affected Dry Leaf,5225
C:\Users\Fame IT\Videos\rwn\438\Dataset\Dataset\Pest-Affected Dry Leaf\IMG20250531131846.jpg,Pest-Affected Dry Leaf,5228
C:\Users\Fame IT\Videos\rwn\438\Dataset\Dataset\Pest-Affected Dry Leaf\IMG20250531131850.jpg,Pest-Affected Dry Leaf,5229
C:\Users\Fame IT\Videos\rwn\438\Dataset\Dataset\Pest-Affected Dry Leaf\IMG20250531131853.jpg,Pest-Affected Dry Leaf,5230
C:\Users\Fame IT\Videos\rwn\438\Dataset\Dataset\Pest-Affected Dry Leaf\IMG20250531131900.jpg,Pest-Affected Dry Leaf,5231
C:\Users\Fame IT\Videos\rwn\438\Dataset\Dataset\Pest-Affected Dry Leaf\IMG20250531131903.jpg,Pest-Affected Dry Leaf,5232
C:\Users\Fame IT\Videos\rwn\438\Dataset\Dataset\Pest-Affected Dry Leaf\IMG20250531131906.jpg,Pest-Affected Dry Leaf,5233
C:\Users\Fame IT\Videos\rwn\438\Dataset\Dataset\Pest-Affected Dry Leaf\IMG20250531131912.jpg,Pest-Affected Dry Leaf,5234
C:\Users\Fame IT\Videos\rwn\438\Dataset\Dataset\Pest-Affected Dry Leaf\IMG20250531131930.jpg,Pest-Affected Dry Leaf,5237
C:\Users\Fame IT\Videos\rwn\438\Dataset\Dataset\Pest-Affected Dry Leaf\IMG20250531131941.jpg,Pest-Affected Dry Leaf,5239
C:\Users\Fame IT\Videos\rwn\438\Dataset\Dataset\Pest-Affected Dry Leaf\IMG20250531131948.jpg,Pest-Affected Dry Leaf,5241
C:\Users\Fame IT\Videos\rwn\438\Dataset\Dataset\Pest-Affected Dry Leaf\IMG20250531131954.jpg,Pest-Affected Dry Leaf,5242
C:\Users\Fame IT\Videos\rwn\438\Dataset\Dataset\Pest-Affected Dry Leaf\IMG20250531132012.jpg,Pest-Affected Dry Leaf,5245
C:\Users\Fame IT\Videos\rwn\438\Dataset\Dataset\Pest-Affected Dry Leaf\IMG20250531132018.jpg,Pest-Affected Dry Leaf,5246
C:\Users\Fame IT\Videos\rwn\438\Dataset\Dataset\Pest-Affected Dry Leaf\IMG20250531132023.jpg,Pest-Affected Dry Leaf,5247
C:\Users\Fame IT\Videos\rwn\438\Dataset\Dataset\Pest-Affected Dry Leaf\IMG20250531132030.jpg,Pest-Affected Dry Leaf,5249
C:\Users\Fame IT\Videos\rwn\438\Dataset\Dataset\Pest-Affected Dry Leaf\IMG20250531132034.jpg,Pest-Affected Dry Leaf,5250
C:\Users\Fame IT\Videos\rwn\438\Dataset\Dataset\Pest-Affected Dry Leaf\IMG20250531132039.jpg,Pest-Affected Dry Leaf,5251
C:\Users\Fame IT\Videos\rwn\438\Dataset\Dataset\Pest-Affected Dry Leaf\IMG20250531132045.jpg,Pest-Affected Dry Leaf,5253
C:\Users\Fame IT\Videos\rwn\438\Dataset\Dataset\Pest-Affected Dry Leaf\IMG20250531132118.jpg,Pest-Affected Dry Leaf,5259
C:\Users\Fame IT\Videos\rwn\438\Dataset\Dataset\Pest-Affected Dry Leaf\IMG20250531132122.jpg,Pest-Affected Dry Leaf,5260
C:\Users\Fame IT\Videos\rwn\438\Dataset\Dataset\Pest-Affected Dry Leaf\IMG20250531132125.jpg,Pest-Affected Dry Leaf,5261
C:\Users\Fame IT\Videos\rwn\438\Dataset\Dataset\Pest-Affected Dry Leaf\IMG20250531132134.jpg,Pest-Affected Dry Leaf,5262
C:\Users\Fame IT\Videos\rwn\438\Dataset\Dataset\Pest-Affected Dry Leaf\IMG20250531132142.jpg,Pest-Affected Dry Leaf,5264
C:\Users\Fame IT\Videos\rwn\438\Dataset\Dataset\Pest-Affected Dry Leaf\IMG20250531132145.jpg,Pest-Affected Dry Leaf,5265
C:\Users\Fame IT\Videos\rwn\438\Dataset\Dataset\Pest-Affected Dry Leaf\IMG20250531132157.jpg,Pest-Affected Dry Leaf,5268
C:\Users\Fame IT\Videos\rwn\438\Dataset\Dataset\Pest-Affected Dry Leaf\IMG20250531132200.jpg,Pest-Affected Dry Leaf,5269
C:\Users\Fame IT\Videos\rwn\438\Dataset\Dataset\Pest-Affected Dry Leaf\IMG20250531132207.jpg,Pest-Affected Dry Leaf,5270
C:\Users\Fame IT\Videos\rwn\438\Dataset\Dataset\Pest-Affected Dry Leaf\IMG20250531132210.jpg,Pest-Affected Dry Leaf,5271
C:\Users\Fame IT\Videos\rwn\438\Dataset\Dataset\Pest-Affected Dry Leaf\IMG20250531132215.jpg,Pest-Affected Dry Leaf,5272
C:\Users\Fame IT\Videos\rwn\438\Dataset\Dataset\Pest-Affected Dry Leaf\IMG20250531132225.jpg,Pest-Affected Dry Leaf,5274
C:\Users\Fame IT\Videos\rwn\438\Dataset\Dataset\Pest-Affected Dry Leaf\IMG20250531132228.jpg,Pest-Affected Dry Leaf,5275
C:\Users\Fame IT\Videos\rwn\438\Dataset\Dataset\Pest-Affected Dry Leaf\IMG20250531132235.jpg,Pest-Affected Dry Leaf,5277
C:\Users\Fame IT\Videos\rwn\438\Dataset\Dataset\Pest-Affected Dry Leaf\IMG20250531132247.jpg,Pest-Affected Dry Leaf,5278
C:\Users\Fame IT\Videos\rwn\438\Dataset\Dataset\Pest-Affected Dry Leaf\IMG20250531132255.jpg,Pest-Affected Dry Leaf,5280
C:\Users\Fame IT\Videos\rwn\438\Dataset\Dataset\Pest-Affected Dry Leaf\IMG20250531132258.jpg,Pest-Affected Dry Leaf,5281
C:\Users\Fame IT\Videos\rwn\438\Dataset\Dataset\Pest-Affected Dry Leaf\IMG20250531132302.jpg,Pest-Affected Dry Leaf,5282
C:\Users\Fame IT\Videos\rwn\438\Dataset\Dataset\Pest-Affected Dry Leaf\IMG20250531132318.jpg,Pest-Affected Dry Leaf,5283
C:\Users\Fame IT\Videos\rwn\438\Dataset\Dataset\Pest-Affected Dry Leaf\IMG20250531132322.jpg,Pest-Affected Dry Leaf,5284
C:\Users\Fame IT\Videos\rwn\438\Dataset\Dataset\Pest-Affected Dry Leaf\IMG20250531132326.jpg,Pest-Affected Dry Leaf,5285
C:\Users\Fame IT\Videos\rwn\438\Dataset\Dataset\Pest-Affected Dry Leaf\IMG20250531132329.jpg,Pest-Affected Dry Leaf,5286
C:\Users\Fame IT\Videos\rwn\438\Dataset\Dataset\Pest-Affected Dry Leaf\IMG20250531132334.jpg,Pest-Affected Dry Leaf,5287
C:\Users\Fame IT\Videos\rwn\438\Dataset\Dataset\Pest-Affected Dry Leaf\IMG20250531132339.jpg,Pest-Affected Dry Leaf,5288
C:\Users\Fame IT\Videos\rwn\438\Dataset\Dataset\Pest-Affected Dry Leaf\IMG20250531132413.jpg,Pest-Affected Dry Leaf,5292
C:\Users\Fame IT\Videos\rwn\438\Dataset\Dataset\Pest-Affected Dry Leaf\IMG20250531132421.jpg,Pest-Affected Dry Leaf,5294
C:\Users\Fame IT\Videos\rwn\438\Dataset\Dataset\Pest-Affected Dry Leaf\IMG20250531132425.jpg,Pest-Affected Dry Leaf,5295
C:\Users\Fame IT\Videos\rwn\438\Dataset\Dataset\Pest-Affected Dry Leaf\IMG20250531132434.jpg,Pest-Affected Dry Leaf,5296
C:\Users\Fame IT\Videos\rwn\438\Dataset\Dataset\Pest-Affected Dry Leaf\IMG20250531132438.jpg,Pest-Affected Dry Leaf,5297
C:\Users\Fame IT\Videos\rwn\438\Dataset\Dataset\Pest-Affected Dry Leaf\IMG20250531132442.jpg,Pest-Affected Dry Leaf,5298
C:\Users\Fame IT\Videos\rwn\438\Dataset\Dataset\Pest-Affected Dry Leaf\IMG20250531132448.jpg,Pest-Affected Dry Leaf,5300
C:\Users\Fame IT\Videos\rwn\438\Dataset\Dataset\Pest-Affected Dry Leaf\IMG20250531132512.jpg,Pest-Affected Dry Leaf,5303
C:\Users\Fame IT\Videos\rwn\438\Dataset\Dataset\Pest-Affected Dry Leaf\IMG20250531132515.jpg,Pest-Affected Dry Leaf,5304
C:\Users\Fame IT\Videos\rwn\438\Dataset\Dataset\Pest-Affected Dry Leaf\IMG20250531132521.jpg,Pest-Affected Dry Leaf,5305
C:\Users\Fame IT\Videos\rwn\438\Dataset\Dataset\Pest-Affected Dry Leaf\IMG20250531132525.jpg,Pest-Affected Dry Leaf,5306
C:\Users\Fame IT\Videos\rwn\438\Dataset\Dataset\Pest-Affected Dry Leaf\IMG20250531132528.jpg,Pest-Affected Dry Leaf,5307
C:\Users\Fame IT\Videos\rwn\438\Dataset\Dataset\Pest-Affected Dry Leaf\IMG20250531132532.jpg,Pest-Affected Dry Leaf,5308
C:\Users\Fame IT\Videos\rwn\438\Dataset\Dataset\Pest-Affected Dry Leaf\IMG20250531132539.jpg,Pest-Affected Dry Leaf,5309
C:\Users\Fame IT\Videos\rwn\438\Dataset\Dataset\Pest-Affected Dry Leaf\IMG20250531132543.jpg,Pest-Affected Dry Leaf,5310
C:\Users\Fame IT\Videos\rwn\438\Dataset\Dataset\Pest-Affected Dry Leaf\IMG20250531132546.jpg,Pest-Affected Dry Leaf,5311
C:\Users\Fame IT\Videos\rwn\438\Dataset\Dataset\Pest-Affected Dry Leaf\IMG20250531132556.jpg,Pest-Affected Dry Leaf,5313
C:\Users\Fame IT\Videos\rwn\438\Dataset\Dataset\Pest-Affected Dry Leaf\IMG20250531132559.jpg,Pest-Affected Dry Leaf,5314
C:\Users\Fame IT\Videos\rwn\438\Dataset\Dataset\Pest-Affected Dry Leaf\IMG20250531132606.jpg,Pest-Affected Dry Leaf,5316
C:\Users\Fame IT\Videos\rwn\438\Dataset\Dataset\Pest-Affected Dry Leaf\IMG20250531132619.jpg,Pest-Affected Dry Leaf,5318
C:\Users\Fame IT\Videos\rwn\438\Dataset\Dataset\Pest-Affected Dry Leaf\IMG20250531132635.jpg,Pest-Affected Dry Leaf,5321
C:\Users\Fame IT\Videos\rwn\438\Dataset\Dataset\Pest-Affected Dry Leaf\IMG20250531132640.jpg,Pest-Affected Dry Leaf,5322
C:\Users\Fame IT\Videos\rwn\438\Dataset\Dataset\Pest-Affected Dry Leaf\IMG20250531132643.jpg,Pest-Affected Dry Leaf,5323
C:\Users\Fame IT\Videos\rwn\438\Dataset\Dataset\Pest-Affected Dry Leaf\IMG20250531132655.jpg,Pest-Affected Dry Leaf,5325
C:\Users\Fame IT\Videos\rwn\438\Dataset\Dataset\Pest-Affected Dry Leaf\IMG20250531132718.jpg,Pest-Affected Dry Leaf,5330
C:\Users\Fame IT\Videos\rwn\438\Dataset\Dataset\Pest-Affected Dry Leaf\IMG20250531132722.jpg,Pest-Affected Dry Leaf,5331
C:\Users\Fame IT\Videos\rwn\438\Dataset\Dataset\Pest-Affected Dry Leaf\IMG20250531132726.jpg,Pest-Affected Dry Leaf,5332
C:\Users\Fame IT\Videos\rwn\438\Dataset\Dataset\Pest-Affected Dry Leaf\IMG20250531132744.jpg,Pest-Affected Dry Leaf,5334
C:\Users\Fame IT\Videos\rwn\438\Dataset\Dataset\Pest-Affected Dry Leaf\IMG20250531132755.jpg,Pest-Affected Dry Leaf,5336
C:\Users\Fame IT\Videos\rwn\438\Dataset\Dataset\Pest-Affected Dry Leaf\IMG20250531132758.jpg,Pest-Affected Dry Leaf,5337
C:\Users\Fame IT\Videos\rwn\438\Dataset\Dataset\Pest-Affected Dry Leaf\IMG20250531132806.jpg,Pest-Affected Dry Leaf,5338
C:\Users\Fame IT\Videos\rwn\438\Dataset\Dataset\Pest-Affected Dry Leaf\IMG20250531132813.jpg,Pest-Affected Dry Leaf,5339
C:\Users\Fame IT\Videos\rwn\438\Dataset\Dataset\Pest-Affected Dry Leaf\IMG20250531132831.jpg,Pest-Affected Dry Leaf,5343
C:\Users\Fame IT\Videos\rwn\438\Dataset\Dataset\Pest-Affected Dry Leaf\IMG20250531132840.jpg,Pest-Affected Dry Leaf,5345
C:\Users\Fame IT\Videos\rwn\438\Dataset\Dataset\Pest-Affected Dry Leaf\IMG20250531132852.jpg,Pest-Affected Dry Leaf,5346
C:\Users\Fame IT\Videos\rwn\438\Dataset\Dataset\Pest-Affected Dry Leaf\IMG20250531132856.jpg,Pest-Affected Dry Leaf,5347
C:\Users\Fame IT\Videos\rwn\438\Dataset\Dataset\Pest-Affected Dry Leaf\IMG20250531132914.jpg,Pest-Affected Dry Leaf,5349
C:\Users\Fame IT\Videos\rwn\438\Dataset\Dataset\Pest-Affected Dry Leaf\IMG20250531132926.jpg,Pest-Affected Dry Leaf,5350
C:\Users\Fame IT\Videos\rwn\438\Dataset\Dataset\Pest-Affected Dry Leaf\IMG20250531132954.jpg,Pest-Affected Dry Leaf,5355
C:\Users\Fame IT\Videos\rwn\438\Dataset\Dataset\Pest-Affected Dry Leaf\IMG20250531132958.jpg,Pest-Affected Dry Leaf,5356
C:\Users\Fame IT\Videos\rwn\438\Dataset\Dataset\Pest-Affected Dry Leaf\IMG20250531133010.jpg,Pest-Affected Dry Leaf,5357
C:\Users\Fame IT\Videos\rwn\438\Dataset\Dataset\Pest-Affected Dry Leaf\IMG20250531133014.jpg,Pest-Affected Dry Leaf,5358
C:\Users\Fame IT\Videos\rwn\438\Dataset\Dataset\Pest-Affected Dry Leaf\IMG20250531133023.jpg,Pest-Affected Dry Leaf,5360
C:\Users\Fame IT\Videos\rwn\438\Dataset\Dataset\Pest-Affected Dry Leaf\IMG20250531133032.jpg,Pest-Affected Dry Leaf,5361
C:\Users\Fame IT\Videos\rwn\438\Dataset\Dataset\Pest-Affected Dry Leaf\IMG20250531133035.jpg,Pest-Affected Dry Leaf,5362
C:\Users\Fame IT\Videos\rwn\438\Dataset\Dataset\Pest-Affected Dry Leaf\IMG20250531133038.jpg,Pest-Affected Dry Leaf,5363
C:\Users\Fame IT\Videos\rwn\438\Dataset\Dataset\Pest-Affected Dry Leaf\IMG20250531133042.jpg,Pest-Affected Dry Leaf,5364
C:\Users\Fame IT\Videos\rwn\438\Dataset\Dataset\Pest-Affected Dry Leaf\IMG20250531133049.jpg,Pest-Affected Dry Leaf,5366
C:\Users\Fame IT\Videos\rwn\438\Dataset\Dataset\Pest-Affected Dry Leaf\IMG20250531133055.jpg,Pest-Affected Dry Leaf,5367
C:\Users\Fame IT\Videos\rwn\438\Dataset\Dataset\Pest-Affected Dry Leaf\IMG20250531133102.jpg,Pest-Affected Dry Leaf,5368
C:\Users\Fame IT\Videos\rwn\438\Dataset\Dataset\Pest-Affected Dry Leaf\IMG20250531133106.jpg,Pest-Affected Dry Leaf,5369
C:\Users\Fame IT\Videos\rwn\438\Dataset\Dataset\Pest-Affected Dry Leaf\IMG20250531133111.jpg,Pest-Affected Dry Leaf,5370
C:\Users\Fame IT\Videos\rwn\438\Dataset\Dataset\Pest-Affected Dry Leaf\IMG20250531133116.jpg,Pest-Affected Dry Leaf,5371
C:\Users\Fame IT\Videos\rwn\438\Dataset\Dataset\Pest-Affected Dry Leaf\IMG20250531133122.jpg,Pest-Affected Dry Leaf,5373
C:\Users\Fame IT\Videos\rwn\438\Dataset\Dataset\Pest-Affected Dry Leaf\IMG20250531133128.jpg,Pest-Affected Dry Leaf,5374
C:\Users\Fame IT\Videos\rwn\438\Dataset\Dataset\Pest-Affected Dry Leaf\IMG20250531133135.jpg,Pest-Affected Dry Leaf,5375
C:\Users\Fame IT\Videos\rwn\438\Dataset\Dataset\Pest-Affected Dry Leaf\IMG20250531133146.jpg,Pest-Affected Dry Leaf,5376
C:\Users\Fame IT\Videos\rwn\438\Dataset\Dataset\Pest-Affected Dry Leaf\IMG20250531133150.jpg,Pest-Affected Dry Leaf,5377
C:\Users\Fame IT\Videos\rwn\438\Dataset\Dataset\Pest-Affected Dry Leaf\IMG20250531133224.jpg,Pest-Affected Dry Leaf,5379
C:\Users\Fame IT\Videos\rwn\438\Dataset\Dataset\Pest-Affected Dry Leaf\IMG20250531133239.jpg,Pest-Affected Dry Leaf,5381
C:\Users\Fame IT\Videos\rwn\438\Dataset\Dataset\Pest-Affected Dry Leaf\IMG20250531133247.jpg,Pest-Affected Dry Leaf,5383
C:\Users\Fame IT\Videos\rwn\438\Dataset\Dataset\Pest-Affected Dry Leaf\IMG20250531133251.jpg,Pest-Affected Dry Leaf,5384
C:\Users\Fame IT\Videos\rwn\438\Dataset\Dataset\Pest-Affected Dry Leaf\IMG20250531133256.jpg,Pest-Affected Dry Leaf,5385
C:\Users\Fame IT\Videos\rwn\438\Dataset\Dataset\Pest-Affected Dry Leaf\IMG20250531133259.jpg,Pest-Affected Dry Leaf,5386
C:\Users\Fame IT\Videos\rwn\438\Dataset\Dataset\Pest-Affected Dry Leaf\IMG20250531133302.jpg,Pest-Affected Dry Leaf,5387
C:\Users\Fame IT\Videos\rwn\438\Dataset\Dataset\Pest-Affected Dry Leaf\IMG20250531133323.jpg,Pest-Affected Dry Leaf,5389
C:\Users\Fame IT\Videos\rwn\438\Dataset\Dataset\Pest-Affected Dry Leaf\IMG20250531133326.jpg,Pest-Affected Dry Leaf,5390
C:\Users\Fame IT\Videos\rwn\438\Dataset\Dataset\Pest-Affected Dry Leaf\IMG20250531133333.jpg,Pest-Affected Dry Leaf,5392
C:\Users\Fame IT\Videos\rwn\438\Dataset\Dataset\Pest-Affected Dry Leaf\IMG20250531133340.jpg,Pest-Affected Dry Leaf,5393
C:\Users\Fame IT\Videos\rwn\438\Dataset\Dataset\Pest-Affected Dry Leaf\IMG20250531133343.jpg,Pest-Affected Dry Leaf,5394
C:\Users\Fame IT\Videos\rwn\438\Dataset\Dataset\Pest-Affected Dry Leaf\IMG20250531133351.jpg,Pest-Affected Dry Leaf,5396
C:\Users\Fame IT\Videos\rwn\438\Dataset\Dataset\Pest-Affected Dry Leaf\IMG20250531133653.jpg,Pest-Affected Dry Leaf,5397
C:\Users\Fame IT\Videos\rwn\438\Dataset\Dataset\Pest-Affected Dry Leaf\IMG20250531133657.jpg,Pest-Affected Dry Leaf,5398
C:\Users\Fame IT\Videos\rwn\438\Dataset\Dataset\Pest-Affected Dry Leaf\IMG20250531133703.jpg,Pest-Affected Dry Leaf,5400
C:\Users\Fame IT\Videos\rwn\438\Dataset\Dataset\Pest-Affected Dry Leaf\IMG20250531133826.jpg,Pest-Affected Dry Leaf,5402
C:\Users\Fame IT\Videos\rwn\438\Dataset\Dataset\Pest-Affected Dry Leaf\IMG20250531133847.jpg,Pest-Affected Dry Leaf,5405
C:\Users\Fame IT\Videos\rwn\438\Dataset\Dataset\Pest-Affected Dry Leaf\IMG20250531133851.jpg,Pest-Affected Dry Leaf,5406
C:\Users\Fame IT\Videos\rwn\438\Dataset\Dataset\Pest-Affected Dry Leaf\IMG20250531133855.jpg,Pest-Affected Dry Leaf,5407
C:\Users\Fame IT\Videos\rwn\438\Dataset\Dataset\Pest-Affected Dry Leaf\IMG20250531133901.jpg,Pest-Affected Dry Leaf,5408
C:\Users\Fame IT\Videos\rwn\438\Dataset\Dataset\Pest-Affected Dry Leaf\IMG20250531133906.jpg,Pest-Affected Dry Leaf,5409
C:\Users\Fame IT\Videos\rwn\438\Dataset\Dataset\Pest-Affected Dry Leaf\IMG20250531133913.jpg,Pest-Affected Dry Leaf,5411
C:\Users\Fame IT\Videos\rwn\438\Dataset\Dataset\Pest-Affected Dry Leaf\IMG20250531133917.jpg,Pest-Affected Dry Leaf,5412
C:\Users\Fame IT\Videos\rwn\438\Dataset\Dataset\Pest-Affected Dry Leaf\IMG20250531133925.jpg,Pest-Affected Dry Leaf,5413
C:\Users\Fame IT\Videos\rwn\438\Dataset\Dataset\Pest-Affected Dry Leaf\IMG20250531133932.jpg,Pest-Affected Dry Leaf,5415
C:\Users\Fame IT\Videos\rwn\438\Dataset\Dataset\Pest-Affected Dry Leaf\IMG20250531133937.jpg,Pest-Affected Dry Leaf,5416
C:\Users\Fame IT\Videos\rwn\438\Dataset\Dataset\Pest-Affected Dry Leaf\IMG20250531133952.jpg,Pest-Affected Dry Leaf,5417
C:\Users\Fame IT\Videos\rwn\438\Dataset\Dataset\Pest-Affected Dry Leaf\IMG20250531133955.jpg,Pest-Affected Dry Leaf,5418
C:\Users\Fame IT\Videos\rwn\438\Dataset\Dataset\Pest-Affected Dry Leaf\IMG20250531133958.jpg,Pest-Affected Dry Leaf,5419
C:\Users\Fame IT\Videos\rwn\438\Dataset\Dataset\Pest-Affected Dry Leaf\IMG20250531134001.jpg,Pest-Affected Dry Leaf,5420
C:\Users\Fame IT\Videos\rwn\438\Dataset\Dataset\Pest-Affected Dry Leaf\IMG20250531134005.jpg,Pest-Affected Dry Leaf,5421
C:\Users\Fame IT\Videos\rwn\438\Dataset\Dataset\Pest-Affected Dry Leaf\IMG20250531134014.jpg,Pest-Affected Dry Leaf,5423
C:\Users\Fame IT\Videos\rwn\438\Dataset\Dataset\Pest-Affected Dry Leaf\IMG20250531134029.jpg,Pest-Affected Dry Leaf,5427
C:\Users\Fame IT\Videos\rwn\438\Dataset\Dataset\Pest-Affected Dry Leaf\IMG20250531134032.jpg,Pest-Affected Dry Leaf,5428
C:\Users\Fame IT\Videos\rwn\438\Dataset\Dataset\Pest-Affected Dry Leaf\IMG20250531134035.jpg,Pest-Affected Dry Leaf,5429
C:\Users\Fame IT\Videos\rwn\438\Dataset\Dataset\Pest-Affected Dry Leaf\IMG20250531134055.jpg,Pest-Affected Dry Leaf,5434
C:\Users\Fame IT\Videos\rwn\438\Dataset\Dataset\Pest-Affected Dry Leaf\IMG20250531134106.jpg,Pest-Affected Dry Leaf,5435
C:\Users\Fame IT\Videos\rwn\438\Dataset\Dataset\Pest-Affected Dry Leaf\IMG20250531134108.jpg,Pest-Affected Dry Leaf,5436
C:\Users\Fame IT\Videos\rwn\438\Dataset\Dataset\Pest-Affected Dry Leaf\IMG20250531134111.jpg,Pest-Affected Dry Leaf,5437
C:\Users\Fame IT\Videos\rwn\438\Dataset\Dataset\Pest-Affected Dry Leaf\IMG20250531134115.jpg,Pest-Affected Dry Leaf,5438
C:\Users\Fame IT\Videos\rwn\438\Dataset\Dataset\Pest-Affected Dry Leaf\IMG20250531134120.jpg,Pest-Affected Dry Leaf,5439
C:\Users\Fame IT\Videos\rwn\438\Dataset\Dataset\Pest-Affected Dry Leaf\IMG20250531134123.jpg,Pest-Affected Dry Leaf,5440
C:\Users\Fame IT\Videos\rwn\438\Dataset\Dataset\Pest-Affected Dry Leaf\IMG20250531134129.jpg,Pest-Affected Dry Leaf,5442
C:\Users\Fame IT\Videos\rwn\438\Dataset\Dataset\Pest-Affected Dry Leaf\IMG20250531134133.jpg,Pest-Affected Dry Leaf,5443
C:\Users\Fame IT\Videos\rwn\438\Dataset\Dataset\Pest-Affected Dry Leaf\IMG20250531134136.jpg,Pest-Affected Dry Leaf,5444
C:\Users\Fame IT\Videos\rwn\438\Dataset\Dataset\Pest-Affected Dry Leaf\IMG20250531134144.jpg,Pest-Affected Dry Leaf,5446
C:\Users\Fame IT\Videos\rwn\438\Dataset\Dataset\Pest-Affected Dry Leaf\IMG20250531134200.jpg,Pest-Affected Dry Leaf,5448
C:\Users\Fame IT\Videos\rwn\438\Dataset\Dataset\Pest-Affected Dry Leaf\IMG20250531134213.jpg,Pest-Affected Dry Leaf,5451
C:\Users\Fame IT\Videos\rwn\438\Dataset\Dataset\Pest-Affected Dry Leaf\IMG20250531134218.jpg,Pest-Affected Dry Leaf,5452
C:\Users\Fame IT\Videos\rwn\438\Dataset\Dataset\Pest-Affected Dry Leaf\IMG20250531134221.jpg,Pest-Affected Dry Leaf,5453
C:\Users\Fame IT\Videos\rwn\438\Dataset\Dataset\Pest-Affected Dry Leaf\IMG20250531134224.jpg,Pest-Affected Dry Leaf,5454
C:\Users\Fame IT\Videos\rwn\438\Dataset\Dataset\Pest-Affected Dry Leaf\IMG20250531134234.jpg,Pest-Affected Dry Leaf,5455
C:\Users\Fame IT\Videos\rwn\438\Dataset\Dataset\Pest-Affected Dry Leaf\IMG20250531134240.jpg,Pest-Affected Dry Leaf,5457
C:\Users\Fame IT\Videos\rwn\438\Dataset\Dataset\Pest-Affected Dry Leaf\IMG20250531134244.jpg,Pest-Affected Dry Leaf,5458
C:\Users\Fame IT\Videos\rwn\438\Dataset\Dataset\Pest-Affected Dry Leaf\IMG20250531134250.jpg,Pest-Affected Dry Leaf,5459
C:\Users\Fame IT\Videos\rwn\438\Dataset\Dataset\Pest-Affected Dry Leaf\IMG20250531134254.jpg,Pest-Affected Dry Leaf,5460
C:\Users\Fame IT\Videos\rwn\438\Dataset\Dataset\Pest-Affected Dry Leaf\IMG20250531134301.jpg,Pest-Affected Dry Leaf,5462
C:\Users\Fame IT\Videos\rwn\438\Dataset\Dataset\Pest-Affected Dry Leaf\IMG20250531134309.jpg,Pest-Affected Dry Leaf,5463
C:\Users\Fame IT\Videos\rwn\438\Dataset\Dataset\Pest-Affected Dry Leaf\IMG20250531134319.jpg,Pest-Affected Dry Leaf,5466
C:\Users\Fame IT\Videos\rwn\438\Dataset\Dataset\Pest-Affected Dry Leaf\IMG20250531134322.jpg,Pest-Affected Dry Leaf,5467
C:\Users\Fame IT\Videos\rwn\438\Dataset\Dataset\Pest-Affected Dry Leaf\IMG20250531134329.jpg,Pest-Affected Dry Leaf,5469
C:\Users\Fame IT\Videos\rwn\438\Dataset\Dataset\Pest-Affected Dry Leaf\IMG20250531134332.jpg,Pest-Affected Dry Leaf,5470
C:\Users\Fame IT\Videos\rwn\438\Dataset\Dataset\Pest-Affected Dry Leaf\IMG20250531134343.jpg,Pest-Affected Dry Leaf,5473
C:\Users\Fame IT\Videos\rwn\438\Dataset\Dataset\Pest-Affected Dry Leaf\IMG20250531134346.jpg,Pest-Affected Dry Leaf,5474
C:\Users\Fame IT\Videos\rwn\438\Dataset\Dataset\Pest-Affected Dry Leaf\IMG20250531134350.jpg,Pest-Affected Dry Leaf,5475
C:\Users\Fame IT\Videos\rwn\438\Dataset\Dataset\Pest-Affected Dry Leaf\IMG20250531134353.jpg,Pest-Affected Dry Leaf,5476
C:\Users\Fame IT\Videos\rwn\438\Dataset\Dataset\Pest-Affected Dry Leaf\IMG20250531134356.jpg,Pest-Affected Dry Leaf,5477
C:\Users\Fame IT\Videos\rwn\438\Dataset\Dataset\Pest-Affected Dry Leaf\IMG20250531134402.jpg,Pest-Affected Dry Leaf,5478
C:\Users\Fame IT\Videos\rwn\438\Dataset\Dataset\Pest-Affected Dry Leaf\IMG20250531134405.jpg,Pest-Affected Dry Leaf,5479
C:\Users\Fame IT\Videos\rwn\438\Dataset\Dataset\Pest-Affected Dry Leaf\IMG20250531134413.jpg,Pest-Affected Dry Leaf,5481
C:\Users\Fame IT\Videos\rwn\438\Dataset\Dataset\Pest-Affected Dry Leaf\IMG20250531134416.jpg,Pest-Affected Dry Leaf,5482
C:\Users\Fame IT\Videos\rwn\438\Dataset\Dataset\Pest-Affected Dry Leaf\IMG20250531134420.jpg,Pest-Affected Dry Leaf,5483
C:\Users\Fame IT\Videos\rwn\438\Dataset\Dataset\Pest-Affected Dry Leaf\IMG20250531134426.jpg,Pest-Affected Dry Leaf,5484
C:\Users\Fame IT\Videos\rwn\438\Dataset\Dataset\Pest-Affected Dry Leaf\IMG20250531134432.jpg,Pest-Affected Dry Leaf,5485
C:\Users\Fame IT\Videos\rwn\438\Dataset\Dataset\Pest-Affected Dry Leaf\IMG20250531134436.jpg,Pest-Affected Dry Leaf,5486
C:\Users\Fame IT\Videos\rwn\438\Dataset\Dataset\Pest-Affected Dry Leaf\IMG20250531134443.jpg,Pest-Affected Dry Leaf,5487
C:\Users\Fame IT\Videos\rwn\438\Dataset\Dataset\Red Rust Disease\IMG20250501154413.jpg,Red Rust Disease,5488
C:\Users\Fame IT\Videos\rwn\438\Dataset\Dataset\Red Rust Disease\IMG20250501154415.jpg,Red Rust Disease,5489
C:\Users\Fame IT\Videos\rwn\438\Dataset\Dataset\Red Rust Disease\IMG20250501154416.jpg,Red Rust Disease,5489
C:\Users\Fame IT\Videos\rwn\438\Dataset\Dataset\Red Rust Disease\IMG20250501154426.jpg,Red Rust Disease,5491
C:\Users\Fame IT\Videos\rwn\438\Dataset\Dataset\Red Rust Disease\IMG20250501154428.jpg,Red Rust Disease,5492
C:\Users\Fame IT\Videos\rwn\438\Dataset\Dataset\Red Rust Disease\IMG20250501154429.jpg,Red Rust Disease,5492
C:\Users\Fame IT\Videos\rwn\438\Dataset\Dataset\Red Rust Disease\IMG20250501154430.jpg,Red Rust Disease,5492
C:\Users\Fame IT\Videos\rwn\438\Dataset\Dataset\Red Rust Disease\IMG20250501154431.jpg,Red Rust Disease,5492
C:\Users\Fame IT\Videos\rwn\438\Dataset\Dataset\Red Rust Disease\IMG20250501154432.jpg,Red Rust Disease,5492
C:\Users\Fame IT\Videos\rwn\438\Dataset\Dataset\Red Rust Disease\IMG20250501154433.jpg,Red Rust Disease,5492
C:\Users\Fame IT\Videos\rwn\438\Dataset\Dataset\Red Rust Disease\IMG20250501154435.jpg,Red Rust Disease,5492
C:\Users\Fame IT\Videos\rwn\438\Dataset\Dataset\Red Rust Disease\IMG20250501154437.jpg,Red Rust Disease,5492
C:\Users\Fame IT\Videos\rwn\438\Dataset\Dataset\Red Rust Disease\IMG20250501154441.jpg,Red Rust Disease,5493
C:\Users\Fame IT\Videos\rwn\438\Dataset\Dataset\Red Rust Disease\IMG20250501154443.jpg,Red Rust Disease,5494
C:\Users\Fame IT\Videos\rwn\438\Dataset\Dataset\Red Rust Disease\IMG20250501154447.jpg,Red Rust Disease,5495
C:\Users\Fame IT\Videos\rwn\438\Dataset\Dataset\Red Rust Disease\IMG20250501154449.jpg,Red Rust Disease,5496
C:\Users\Fame IT\Videos\rwn\438\Dataset\Dataset\Red Rust Disease\IMG20250501154450.jpg,Red Rust Disease,5497
C:\Users\Fame IT\Videos\rwn\438\Dataset\Dataset\Red Rust Disease\IMG20250501154451.jpg,Red Rust Disease,5497
C:\Users\Fame IT\Videos\rwn\438\Dataset\Dataset\Red Rust Disease\IMG20250501154453.jpg,Red Rust Disease,5497
C:\Users\Fame IT\Videos\rwn\438\Dataset\Dataset\Red Rust Disease\IMG20250501154454.jpg,Red Rust Disease,5497
C:\Users\Fame IT\Videos\rwn\438\Dataset\Dataset\Red Rust Disease\IMG20250501154455.jpg,Red Rust Disease,5497
C:\Users\Fame IT\Videos\rwn\438\Dataset\Dataset\Red Rust Disease\IMG20250501154456.jpg,Red Rust Disease,5497
C:\Users\Fame IT\Videos\rwn\438\Dataset\Dataset\Red Rust Disease\IMG20250501154458.jpg,Red Rust Disease,5497
C:\Users\Fame IT\Videos\rwn\438\Dataset\Dataset\Red Rust Disease\IMG20250501154501.jpg,Red Rust Disease,5498
C:\Users\Fame IT\Videos\rwn\438\Dataset\Dataset\Red Rust Disease\IMG20250501154503.jpg,Red Rust Disease,5498
C:\Users\Fame IT\Videos\rwn\438\Dataset\Dataset\Red Rust Disease\IMG20250501154506.jpg,Red Rust Disease,5500
C:\Users\Fame IT\Videos\rwn\438\Dataset\Dataset\Red Rust Disease\IMG20250501154507.jpg,Red Rust Disease,5501
C:\Users\Fame IT\Videos\rwn\438\Dataset\Dataset\Red Rust Disease\IMG20250501154508.jpg,Red Rust Disease,5502
C:\Users\Fame IT\Videos\rwn\438\Dataset\Dataset\Red Rust Disease\IMG20250501154509.jpg,Red Rust Disease,5503
C:\Users\Fame IT\Videos\rwn\438\Dataset\Dataset\Red Rust Disease\IMG20250501154513.jpg,Red Rust Disease,5505
C:\Users\Fame IT\Videos\rwn\438\Dataset\Dataset\Red Rust Disease\IMG20250501154514.jpg,Red Rust Disease,5506
C:\Users\Fame IT\Videos\rwn\438\Dataset\Dataset\Red Rust Disease\IMG20250501154516.jpg,Red Rust Disease,5507
C:\Users\Fame IT\Videos\rwn\438\Dataset\Dataset\Red Rust Disease\IMG20250501154523.jpg,Red Rust Disease,5510
C:\Users\Fame IT\Videos\rwn\438\Dataset\Dataset\Red Rust Disease\IMG20250501154525.jpg,Red Rust Disease,5511
C:\Users\Fame IT\Videos\rwn\438\Dataset\Dataset\Red Rust Disease\IMG20250501154531.jpg,Red Rust Disease,5513
C:\Users\Fame IT\Videos\rwn\438\Dataset\Dataset\Red Rust Disease\IMG20250501154534.jpg,Red Rust Disease,5515
C:\Users\Fame IT\Videos\rwn\438\Dataset\Dataset\Red Rust Disease\IMG20250501154537.jpg,Red Rust Disease,5516
C:\Users\Fame IT\Videos\rwn\438\Dataset\Dataset\Red Rust Disease\IMG20250501154555.jpg,Red Rust Disease,5519
C:\Users\Fame IT\Videos\rwn\438\Dataset\Dataset\Red Rust Disease\IMG20250501154627.jpg,Red Rust Disease,5523
C:\Users\Fame IT\Videos\rwn\438\Dataset\Dataset\Red Rust Disease\IMG20250501154628.jpg,Red Rust Disease,5523
C:\Users\Fame IT\Videos\rwn\438\Dataset\Dataset\Red Rust Disease\IMG20250501154629.jpg,Red Rust Disease,5524
C:\Users\Fame IT\Videos\rwn\438\Dataset\Dataset\Red Rust Disease\IMG20250501154630.jpg,Red Rust Disease,5524
C:\Users\Fame IT\Videos\rwn\438\Dataset\Dataset\Red Rust Disease\IMG20250501154631.jpg,Red Rust Disease,5524
C:\Users\Fame IT\Videos\rwn\438\Dataset\Dataset\Red Rust Disease\IMG20250501154633.jpg,Red Rust Disease,5524
C:\Users\Fame IT\Videos\rwn\438\Dataset\Dataset\Red Rust Disease\IMG20250501154634.jpg,Red Rust Disease,5524
C:\Users\Fame IT\Videos\rwn\438\Dataset\Dataset\Red Rust Disease\IMG20250501154635.jpg,Red Rust Disease,5524
C:\Users\Fame IT\Videos\rwn\438\Dataset\Dataset\Red Rust Disease\IMG20250501154637.jpg,Red Rust Disease,5525
C:\Users\Fame IT\Videos\rwn\438\Dataset\Dataset\Red Rust Disease\IMG20250501154638.jpg,Red Rust Disease,5525
C:\Users\Fame IT\Videos\rwn\438\Dataset\Dataset\Red Rust Disease\IMG20250501154640.jpg,Red Rust Disease,5525
C:\Users\Fame IT\Videos\rwn\438\Dataset\Dataset\Red Rust Disease\IMG20250501154641.jpg,Red Rust Disease,5525
C:\Users\Fame IT\Videos\rwn\438\Dataset\Dataset\Red Rust Disease\IMG20250501154642.jpg,Red Rust Disease,5525
C:\Users\Fame IT\Videos\rwn\438\Dataset\Dataset\Red Rust Disease\IMG20250501154644.jpg,Red Rust Disease,5525
C:\Users\Fame IT\Videos\rwn\438\Dataset\Dataset\Red Rust Disease\IMG20250501154646.jpg,Red Rust Disease,5526
C:\Users\Fame IT\Videos\rwn\438\Dataset\Dataset\Red Rust Disease\IMG20250501154652.jpg,Red Rust Disease,5527
C:\Users\Fame IT\Videos\rwn\438\Dataset\Dataset\Red Rust Disease\IMG20250501154655.jpg,Red Rust Disease,5528
C:\Users\Fame IT\Videos\rwn\438\Dataset\Dataset\Red Rust Disease\IMG20250501154658.jpg,Red Rust Disease,5529
C:\Users\Fame IT\Videos\rwn\438\Dataset\Dataset\Red Rust Disease\IMG20250501154659.jpg,Red Rust Disease,5530
C:\Users\Fame IT\Videos\rwn\438\Dataset\Dataset\Red Rust Disease\IMG20250501154701.jpg,Red Rust Disease,5529
C:\Users\Fame IT\Videos\rwn\438\Dataset\Dataset\Red Rust Disease\IMG20250501154702.jpg,Red Rust Disease,5529
C:\Users\Fame IT\Videos\rwn\438\Dataset\Dataset\Red Rust Disease\IMG20250501154704.jpg,Red Rust Disease,5529
C:\Users\Fame IT\Videos\rwn\438\Dataset\Dataset\Red Rust Disease\IMG20250501154705.jpg,Red Rust Disease,5529
C:\Users\Fame IT\Videos\rwn\438\Dataset\Dataset\Red Rust Disease\IMG20250501154706.jpg,Red Rust Disease,5529
C:\Users\Fame IT\Videos\rwn\438\Dataset\Dataset\Red Rust Disease\IMG20250501154708.jpg,Red Rust Disease,5529
C:\Users\Fame IT\Videos\rwn\438\Dataset\Dataset\Red Rust Disease\IMG20250501154710.jpg,Red Rust Disease,5529
C:\Users\Fame IT\Videos\rwn\438\Dataset\Dataset\Red Rust Disease\IMG20250501154717.jpg,Red Rust Disease,5531
C:\Users\Fame IT\Videos\rwn\438\Dataset\Dataset\Red Rust Disease\IMG20250501154718.jpg,Red Rust Disease,5532
C:\Users\Fame IT\Videos\rwn\438\Dataset\Dataset\Red Rust Disease\IMG20250501154719.jpg,Red Rust Disease,5532
C:\Users\Fame IT\Videos\rwn\438\Dataset\Dataset\Red Rust Disease\IMG20250501154721.jpg,Red Rust Disease,5532
C:\Users\Fame IT\Videos\rwn\438\Dataset\Dataset\Red Rust Disease\IMG20250501154722.jpg,Red Rust Disease,5532
C:\Users\Fame IT\Videos\rwn\438\Dataset\Dataset\Red Rust Disease\IMG20250501154723.jpg,Red Rust Disease,5532
C:\Users\Fame IT\Videos\rwn\438\Dataset\Dataset\Red Rust Disease\IMG20250501154725.jpg,Red Rust Disease,5532
C:\Users\Fame IT\Videos\rwn\438\Dataset\Dataset\Red Rust Disease\IMG20250501154727.jpg,Red Rust Disease,5532
C:\Users\Fame IT\Videos\rwn\438\Dataset\Dataset\Red Rust Disease\IMG20250501154728.jpg,Red Rust Disease,5532
C:\Users\Fame IT\Videos\rwn\438\Dataset\Dataset\Red Rust Disease\IMG20250501154729.jpg,Red Rust Disease,5532
C:\Users\Fame IT\Videos\rwn\438\Dataset\Dataset\Red Rust Disease\IMG20250501154730.jpg,Red Rust Disease,5532
C:\Users\Fame IT\Videos\rwn\438\Dataset\Dataset\Red Rust Disease\IMG20250501154732.jpg,Red Rust Disease,5532
C:\Users\Fame IT\Videos\rwn\438\Dataset\Dataset\Red Rust Disease\IMG20250501154733.jpg,Red Rust Disease,5532
C:\Users\Fame IT\Videos\rwn\438\Dataset\Dataset\Red Rust Disease\IMG20250501154734.jpg,Red Rust Disease,5532
C:\Users\Fame IT\Videos\rwn\438\Dataset\Dataset\Red Rust Disease\IMG20250501154736.jpg,Red Rust Disease,5532
C:\Users\Fame IT\Videos\rwn\438\Dataset\Dataset\Red Rust Disease\IMG20250501154737.jpg,Red Rust Disease,5532
C:\Users\Fame IT\Videos\rwn\438\Dataset\Dataset\Red Rust Disease\IMG20250501154739.jpg,Red Rust Disease,5532
C:\Users\Fame IT\Videos\rwn\438\Dataset\Dataset\Red Rust Disease\IMG20250501154740.jpg,Red Rust Disease,5532
C:\Users\Fame IT\Videos\rwn\438\Dataset\Dataset\Red Rust Disease\IMG20250501154746.jpg,Red Rust Disease,5533
C:\Users\Fame IT\Videos\rwn\438\Dataset\Dataset\Red Rust Disease\IMG20250501154757.jpg,Red Rust Disease,5536
C:\Users\Fame IT\Videos\rwn\438\Dataset\Dataset\Red Rust Disease\IMG20250501154758.jpg,Red Rust Disease,5536
C:\Users\Fame IT\Videos\rwn\438\Dataset\Dataset\Red Rust Disease\IMG20250501154759.jpg,Red Rust Disease,5536
C:\Users\Fame IT\Videos\rwn\438\Dataset\Dataset\Red Rust Disease\IMG20250501154801.jpg,Red Rust Disease,5536
C:\Users\Fame IT\Videos\rwn\438\Dataset\Dataset\Red Rust Disease\IMG20250501154805.jpg,Red Rust Disease,5537
C:\Users\Fame IT\Videos\rwn\438\Dataset\Dataset\Red Rust Disease\IMG20250501154808.jpg,Red Rust Disease,5538
C:\Users\Fame IT\Videos\rwn\438\Dataset\Dataset\Red Rust Disease\IMG20250501154810.jpg,Red Rust Disease,5539
C:\Users\Fame IT\Videos\rwn\438\Dataset\Dataset\Red Rust Disease\IMG20250501154811.jpg,Red Rust Disease,5539
C:\Users\Fame IT\Videos\rwn\438\Dataset\Dataset\Red Rust Disease\IMG20250501155517.jpg,Red Rust Disease,5540
C:\Users\Fame IT\Videos\rwn\438\Dataset\Dataset\Red Rust Disease\IMG20250501155526.jpg,Red Rust Disease,5542
C:\Users\Fame IT\Videos\rwn\438\Dataset\Dataset\Red Rust Disease\IMG20250501155527.jpg,Red Rust Disease,5542
C:\Users\Fame IT\Videos\rwn\438\Dataset\Dataset\Red Rust Disease\IMG20250501155528.jpg,Red Rust Disease,5542
C:\Users\Fame IT\Videos\rwn\438\Dataset\Dataset\Red Rust Disease\IMG20250501155529.jpg,Red Rust Disease,5542
C:\Users\Fame IT\Videos\rwn\438\Dataset\Dataset\Red Rust Disease\IMG20250501155531.jpg,Red Rust Disease,5542
C:\Users\Fame IT\Videos\rwn\438\Dataset\Dataset\Red Rust Disease\IMG20250501155532.jpg,Red Rust Disease,5543
C:\Users\Fame IT\Videos\rwn\438\Dataset\Dataset\Red Rust Disease\IMG20250501155533.jpg,Red Rust Disease,5543
C:\Users\Fame IT\Videos\rwn\438\Dataset\Dataset\Red Rust Disease\IMG20250501155535.jpg,Red Rust Disease,5543
C:\Users\Fame IT\Videos\rwn\438\Dataset\Dataset\Red Rust Disease\IMG20250501155536.jpg,Red Rust Disease,5543
C:\Users\Fame IT\Videos\rwn\438\Dataset\Dataset\Red Rust Disease\IMG20250501155537.jpg,Red Rust Disease,5543
C:\Users\Fame IT\Videos\rwn\438\Dataset\Dataset\Red Rust Disease\IMG20250501155538.jpg,Red Rust Disease,5543
C:\Users\Fame IT\Videos\rwn\438\Dataset\Dataset\Red Rust Disease\IMG20250501155540.jpg,Red Rust Disease,5543
C:\Users\Fame IT\Videos\rwn\438\Dataset\Dataset\Red Rust Disease\IMG20250501155541.jpg,Red Rust Disease,5543
C:\Users\Fame IT\Videos\rwn\438\Dataset\Dataset\Red Rust Disease\IMG20250501155542.jpg,Red Rust Disease,5543
C:\Users\Fame IT\Videos\rwn\438\Dataset\Dataset\Red Rust Disease\IMG20250501155543.jpg,Red Rust Disease,5543
C:\Users\Fame IT\Videos\rwn\438\Dataset\Dataset\Red Rust Disease\IMG20250501155544.jpg,Red Rust Disease,5543
C:\Users\Fame IT\Videos\rwn\438\Dataset\Dataset\Red Rust Disease\IMG20250501155545.jpg,Red Rust Disease,5543
C:\Users\Fame IT\Videos\rwn\438\Dataset\Dataset\Red Rust Disease\IMG20250501155554.jpg,Red Rust Disease,5545
C:\Users\Fame IT\Videos\rwn\438\Dataset\Dataset\Red Rust Disease\IMG20250501155555.jpg,Red Rust Disease,5546
C:\Users\Fame IT\Videos\rwn\438\Dataset\Dataset\Red Rust Disease\IMG20250501155556.jpg,Red Rust Disease,5546
C:\Users\Fame IT\Videos\rwn\438\Dataset\Dataset\Red Rust Disease\IMG20250501155558.jpg,Red Rust Disease,5546
C:\Users\Fame IT\Videos\rwn\438\Dataset\Dataset\Red Rust Disease\IMG20250501155619.jpg,Red Rust Disease,5548
C:\Users\Fame IT\Videos\rwn\438\Dataset\Dataset\Red Rust Disease\IMG20250501155620.jpg,Red Rust Disease,5549
C:\Users\Fame IT\Videos\rwn\438\Dataset\Dataset\Red Rust Disease\IMG20250501155627.jpg,Red Rust Disease,5552
C:\Users\Fame IT\Videos\rwn\438\Dataset\Dataset\Red Rust Disease\IMG20250501155628.jpg,Red Rust Disease,5552
C:\Users\Fame IT\Videos\rwn\438\Dataset\Dataset\Red Rust Disease\IMG20250501155632.jpg,Red Rust Disease,5553
C:\Users\Fame IT\Videos\rwn\438\Dataset\Dataset\Red Rust Disease\IMG20250501155633.jpg,Red Rust Disease,5553
C:\Users\Fame IT\Videos\rwn\438\Dataset\Dataset\Red Rust Disease\IMG20250501155640.jpg,Red Rust Disease,5555
C:\Users\Fame IT\Videos\rwn\438\Dataset\Dataset\Red Rust Disease\IMG20250501155641.jpg,Red Rust Disease,5555
C:\Users\Fame IT\Videos\rwn\438\Dataset\Dataset\Red Rust Disease\IMG20250501155643.jpg,Red Rust Disease,5555
C:\Users\Fame IT\Videos\rwn\438\Dataset\Dataset\Red Rust Disease\IMG20250501155645.jpg,Red Rust Disease,5555
C:\Users\Fame IT\Videos\rwn\438\Dataset\Dataset\Red Rust Disease\IMG20250501155659.jpg,Red Rust Disease,5557
C:\Users\Fame IT\Videos\rwn\438\Dataset\Dataset\Red Rust Disease\IMG20250501155706.jpg,Red Rust Disease,5560
C:\Users\Fame IT\Videos\rwn\438\Dataset\Dataset\Red Rust Disease\IMG20250501155707.jpg,Red Rust Disease,5561
C:\Users\Fame IT\Videos\rwn\438\Dataset\Dataset\Red Rust Disease\IMG20250501155709.jpg,Red Rust Disease,5561
C:\Users\Fame IT\Videos\rwn\438\Dataset\Dataset\Red Rust Disease\IMG20250501155711.jpg,Red Rust Disease,5561
C:\Users\Fame IT\Videos\rwn\438\Dataset\Dataset\Red Rust Disease\IMG20250501155722.jpg,Red Rust Disease,5564
C:\Users\Fame IT\Videos\rwn\438\Dataset\Dataset\Red Rust Disease\IMG20250501155724.jpg,Red Rust Disease,5565
C:\Users\Fame IT\Videos\rwn\438\Dataset\Dataset\Red Rust Disease\IMG20250501155725.jpg,Red Rust Disease,5566
C:\Users\Fame IT\Videos\rwn\438\Dataset\Dataset\Red Rust Disease\IMG20250501155726.jpg,Red Rust Disease,5566
C:\Users\Fame IT\Videos\rwn\438\Dataset\Dataset\Red Rust Disease\IMG20250501155727.jpg,Red Rust Disease,5566
C:\Users\Fame IT\Videos\rwn\438\Dataset\Dataset\Red Rust Disease\IMG20250501155729.jpg,Red Rust Disease,5567
C:\Users\Fame IT\Videos\rwn\438\Dataset\Dataset\Red Rust Disease\IMG20250501155730.jpg,Red Rust Disease,5567
C:\Users\Fame IT\Videos\rwn\438\Dataset\Dataset\Red Rust Disease\IMG20250501155731.jpg,Red Rust Disease,5567
C:\Users\Fame IT\Videos\rwn\438\Dataset\Dataset\Red Rust Disease\IMG20250501155826.jpg,Red Rust Disease,5568
C:\Users\Fame IT\Videos\rwn\438\Dataset\Dataset\Red Rust Disease\IMG20250501155828.jpg,Red Rust Disease,5569
C:\Users\Fame IT\Videos\rwn\438\Dataset\Dataset\Red Rust Disease\IMG20250501155841.jpg,Red Rust Disease,5572
C:\Users\Fame IT\Videos\rwn\438\Dataset\Dataset\Red Rust Disease\IMG20250501155842.jpg,Red Rust Disease,5572
C:\Users\Fame IT\Videos\rwn\438\Dataset\Dataset\Red Rust Disease\IMG20250501155854.jpg,Red Rust Disease,5574
C:\Users\Fame IT\Videos\rwn\438\Dataset\Dataset\Red Rust Disease\IMG20250501155856.jpg,Red Rust Disease,5575
C:\Users\Fame IT\Videos\rwn\438\Dataset\Dataset\Red Rust Disease\IMG20250501155857.jpg,Red Rust Disease,5576
C:\Users\Fame IT\Videos\rwn\438\Dataset\Dataset\Red Rust Disease\IMG20250501155906.jpg,Red Rust Disease,5579
C:\Users\Fame IT\Videos\rwn\438\Dataset\Dataset\Red Rust Disease\IMG20250501155907.jpg,Red Rust Disease,5580
C:\Users\Fame IT\Videos\rwn\438\Dataset\Dataset\Red Rust Disease\IMG20250501155910.jpg,Red Rust Disease,5582
C:\Users\Fame IT\Videos\rwn\438\Dataset\Dataset\Red Rust Disease\IMG20250501155911.jpg,Red Rust Disease,5582
C:\Users\Fame IT\Videos\rwn\438\Dataset\Dataset\Red Rust Disease\IMG20250501155913.jpg,Red Rust Disease,5583
C:\Users\Fame IT\Videos\rwn\438\Dataset\Dataset\Red Rust Disease\IMG20250501155914.jpg,Red Rust Disease,5583
C:\Users\Fame IT\Videos\rwn\438\Dataset\Dataset\Red Rust Disease\IMG20250501155920.jpg,Red Rust Disease,5584
C:\Users\Fame IT\Videos\rwn\438\Dataset\Dataset\Red Rust Disease\IMG20250501155922.jpg,Red Rust Disease,5585
C:\Users\Fame IT\Videos\rwn\438\Dataset\Dataset\Red Rust Disease\IMG20250501155924.jpg,Red Rust Disease,5587
C:\Users\Fame IT\Videos\rwn\438\Dataset\Dataset\Red Rust Disease\IMG20250501155925.jpg,Red Rust Disease,5588
C:\Users\Fame IT\Videos\rwn\438\Dataset\Dataset\Red Rust Disease\IMG20250501155927.jpg,Red Rust Disease,5589
C:\Users\Fame IT\Videos\rwn\438\Dataset\Dataset\Red Rust Disease\IMG20250501155929.jpg,Red Rust Disease,5590
C:\Users\Fame IT\Videos\rwn\438\Dataset\Dataset\Red Rust Disease\IMG20250501155933.jpg,Red Rust Disease,5592
C:\Users\Fame IT\Videos\rwn\438\Dataset\Dataset\Red Rust Disease\IMG20250501155934.jpg,Red Rust Disease,5593
C:\Users\Fame IT\Videos\rwn\438\Dataset\Dataset\Red Rust Disease\IMG20250501155935.jpg,Red Rust Disease,5592
C:\Users\Fame IT\Videos\rwn\438\Dataset\Dataset\Red Rust Disease\IMG20250501155937.jpg,Red Rust Disease,5592
C:\Users\Fame IT\Videos\rwn\438\Dataset\Dataset\Red Rust Disease\IMG20250501155938.jpg,Red Rust Disease,5592
C:\Users\Fame IT\Videos\rwn\438\Dataset\Dataset\Red Rust Disease\IMG20250501155939.jpg,Red Rust Disease,5592
C:\Users\Fame IT\Videos\rwn\438\Dataset\Dataset\Red Rust Disease\IMG20250501155945.jpg,Red Rust Disease,5594
C:\Users\Fame IT\Videos\rwn\438\Dataset\Dataset\Red Rust Disease\IMG20250501155946.jpg,Red Rust Disease,5595
C:\Users\Fame IT\Videos\rwn\438\Dataset\Dataset\Red Rust Disease\IMG20250501155957.jpg,Red Rust Disease,5597
C:\Users\Fame IT\Videos\rwn\438\Dataset\Dataset\Red Rust Disease\IMG20250501155958.jpg,Red Rust Disease,5597
C:\Users\Fame IT\Videos\rwn\438\Dataset\Dataset\Red Rust Disease\IMG20250501160008.jpg,Red Rust Disease,5598
C:\Users\Fame IT\Videos\rwn\438\Dataset\Dataset\Red Rust Disease\IMG20250501160009.jpg,Red Rust Disease,5599
C:\Users\Fame IT\Videos\rwn\438\Dataset\Dataset\Red Rust Disease\IMG20250501160011.jpg,Red Rust Disease,5599
C:\Users\Fame IT\Videos\rwn\438\Dataset\Dataset\Red Rust Disease\IMG20250501160012.jpg,Red Rust Disease,5599
C:\Users\Fame IT\Videos\rwn\438\Dataset\Dataset\Red Rust Disease\IMG20250501160014.jpg,Red Rust Disease,5599
C:\Users\Fame IT\Videos\rwn\438\Dataset\Dataset\Red Rust Disease\IMG20250501160015.jpg,Red Rust Disease,5599
C:\Users\Fame IT\Videos\rwn\438\Dataset\Dataset\Red Rust Disease\IMG20250501160023.jpg,Red Rust Disease,5601
C:\Users\Fame IT\Videos\rwn\438\Dataset\Dataset\Red Rust Disease\IMG20250501160024.jpg,Red Rust Disease,5602
C:\Users\Fame IT\Videos\rwn\438\Dataset\Dataset\Red Rust Disease\IMG20250501160026.jpg,Red Rust Disease,5602
C:\Users\Fame IT\Videos\rwn\438\Dataset\Dataset\Red Rust Disease\IMG20250501160032.jpg,Red Rust Disease,5604
C:\Users\Fame IT\Videos\rwn\438\Dataset\Dataset\Red Rust Disease\IMG20250501160033.jpg,Red Rust Disease,5604
C:\Users\Fame IT\Videos\rwn\438\Dataset\Dataset\Red Rust Disease\IMG20250501160035.jpg,Red Rust Disease,5605
C:\Users\Fame IT\Videos\rwn\438\Dataset\Dataset\Red Rust Disease\IMG20250501160036.jpg,Red Rust Disease,5606
C:\Users\Fame IT\Videos\rwn\438\Dataset\Dataset\Red Rust Disease\IMG20250501160037.jpg,Red Rust Disease,5606
C:\Users\Fame IT\Videos\rwn\438\Dataset\Dataset\Red Rust Disease\IMG20250501160038.jpg,Red Rust Disease,5606
C:\Users\Fame IT\Videos\rwn\438\Dataset\Dataset\Red Rust Disease\IMG20250501160039.jpg,Red Rust Disease,5606
C:\Users\Fame IT\Videos\rwn\438\Dataset\Dataset\Red Rust Disease\IMG20250501160131.jpg,Red Rust Disease,5607
C:\Users\Fame IT\Videos\rwn\438\Dataset\Dataset\Red Rust Disease\IMG20250501160145.jpg,Red Rust Disease,5609
C:\Users\Fame IT\Videos\rwn\438\Dataset\Dataset\Red Rust Disease\IMG20250501160146.jpg,Red Rust Disease,5610
C:\Users\Fame IT\Videos\rwn\438\Dataset\Dataset\Red Rust Disease\IMG20250501160152.jpg,Red Rust Disease,5613
C:\Users\Fame IT\Videos\rwn\438\Dataset\Dataset\Red Rust Disease\IMG20250501160154.jpg,Red Rust Disease,5615
C:\Users\Fame IT\Videos\rwn\438\Dataset\Dataset\Red Rust Disease\IMG20250501160156.jpg,Red Rust Disease,5616
C:\Users\Fame IT\Videos\rwn\438\Dataset\Dataset\Red Rust Disease\IMG20250501160157.jpg,Red Rust Disease,5617
C:\Users\Fame IT\Videos\rwn\438\Dataset\Dataset\Red Rust Disease\IMG20250501160158.jpg,Red Rust Disease,5617
C:\Users\Fame IT\Videos\rwn\438\Dataset\Dataset\Red Rust Disease\IMG20250501160201.jpg,Red Rust Disease,5618
C:\Users\Fame IT\Videos\rwn\438\Dataset\Dataset\Red Rust Disease\IMG20250501160202.jpg,Red Rust Disease,5618
C:\Users\Fame IT\Videos\rwn\438\Dataset\Dataset\Red Rust Disease\IMG20250501160204.jpg,Red Rust Disease,5619
C:\Users\Fame IT\Videos\rwn\438\Dataset\Dataset\Red Rust Disease\IMG20250501160205.jpg,Red Rust Disease,5619
C:\Users\Fame IT\Videos\rwn\438\Dataset\Dataset\Red Rust Disease\IMG20250501160207.jpg,Red Rust Disease,5619
C:\Users\Fame IT\Videos\rwn\438\Dataset\Dataset\Red Rust Disease\IMG20250501160228.jpg,Red Rust Disease,5621
C:\Users\Fame IT\Videos\rwn\438\Dataset\Dataset\Red Rust Disease\IMG20250501160229.jpg,Red Rust Disease,5622
C:\Users\Fame IT\Videos\rwn\438\Dataset\Dataset\Red Rust Disease\IMG20250501160231.jpg,Red Rust Disease,5623
C:\Users\Fame IT\Videos\rwn\438\Dataset\Dataset\Red Rust Disease\IMG20250501160233.jpg,Red Rust Disease,5625
C:\Users\Fame IT\Videos\rwn\438\Dataset\Dataset\Red Rust Disease\IMG20250501160235.jpg,Red Rust Disease,5625
C:\Users\Fame IT\Videos\rwn\438\Dataset\Dataset\Red Rust Disease\IMG20250501160238.jpg,Red Rust Disease,5626
C:\Users\Fame IT\Videos\rwn\438\Dataset\Dataset\Red Rust Disease\IMG20250501160239.jpg,Red Rust Disease,5627
C:\Users\Fame IT\Videos\rwn\438\Dataset\Dataset\Red Rust Disease\IMG20250501160242.jpg,Red Rust Disease,5629
C:\Users\Fame IT\Videos\rwn\438\Dataset\Dataset\Red Rust Disease\IMG20250501160243.jpg,Red Rust Disease,5630
C:\Users\Fame IT\Videos\rwn\438\Dataset\Dataset\Red Rust Disease\IMG20250501160249.jpg,Red Rust Disease,5632
C:\Users\Fame IT\Videos\rwn\438\Dataset\Dataset\Red Rust Disease\IMG20250501160252.jpg,Red Rust Disease,5633
C:\Users\Fame IT\Videos\rwn\438\Dataset\Dataset\Red Rust Disease\IMG20250501160253.jpg,Red Rust Disease,5633
C:\Users\Fame IT\Videos\rwn\438\Dataset\Dataset\Red Rust Disease\IMG20250501160255.jpg,Red Rust Disease,5633
C:\Users\Fame IT\Videos\rwn\438\Dataset\Dataset\Red Rust Disease\IMG20250501160257.jpg,Red Rust Disease,5633
C:\Users\Fame IT\Videos\rwn\438\Dataset\Dataset\Red Rust Disease\IMG20250501160259.jpg,Red Rust Disease,5633
C:\Users\Fame IT\Videos\rwn\438\Dataset\Dataset\Red Rust Disease\IMG20250501160301.jpg,Red Rust Disease,5634
C:\Users\Fame IT\Videos\rwn\438\Dataset\Dataset\Red Rust Disease\IMG20250501160338.jpg,Red Rust Disease,5635
C:\Users\Fame IT\Videos\rwn\438\Dataset\Dataset\Red Rust Disease\IMG20250501160344.jpg,Red Rust Disease,5637
C:\Users\Fame IT\Videos\rwn\438\Dataset\Dataset\Red Rust Disease\IMG20250501160349.jpg,Red Rust Disease,5638
C:\Users\Fame IT\Videos\rwn\438\Dataset\Dataset\Red Rust Disease\IMG20250501160350.jpg,Red Rust Disease,5639
C:\Users\Fame IT\Videos\rwn\438\Dataset\Dataset\Red Rust Disease\IMG20250501160352.jpg,Red Rust Disease,5640
C:\Users\Fame IT\Videos\rwn\438\Dataset\Dataset\Red Rust Disease\IMG20250501160354.jpg,Red Rust Disease,5641
C:\Users\Fame IT\Videos\rwn\438\Dataset\Dataset\Red Rust Disease\IMG20250501160358.jpg,Red Rust Disease,5642
C:\Users\Fame IT\Videos\rwn\438\Dataset\Dataset\Red Rust Disease\IMG20250501160400.jpg,Red Rust Disease,5642
C:\Users\Fame IT\Videos\rwn\438\Dataset\Dataset\Red Rust Disease\IMG20250501160401.jpg,Red Rust Disease,5642
C:\Users\Fame IT\Videos\rwn\438\Dataset\Dataset\Red Rust Disease\IMG20250501160402.jpg,Red Rust Disease,5642
C:\Users\Fame IT\Videos\rwn\438\Dataset\Dataset\Red Rust Disease\IMG20250501160403.jpg,Red Rust Disease,5642
C:\Users\Fame IT\Videos\rwn\438\Dataset\Dataset\Red Rust Disease\IMG20250501160405.jpg,Red Rust Disease,5642
C:\Users\Fame IT\Videos\rwn\438\Dataset\Dataset\Red Rust Disease\IMG20250501160406.jpg,Red Rust Disease,5643
C:\Users\Fame IT\Videos\rwn\438\Dataset\Dataset\Red Rust Disease\IMG20250501160407.jpg,Red Rust Disease,5643
C:\Users\Fame IT\Videos\rwn\438\Dataset\Dataset\Red Rust Disease\IMG20250501160409.jpg,Red Rust Disease,5643
C:\Users\Fame IT\Videos\rwn\438\Dataset\Dataset\Red Rust Disease\IMG20250501160410.jpg,Red Rust Disease,5643
C:\Users\Fame IT\Videos\rwn\438\Dataset\Dataset\Red Rust Disease\IMG20250501160411.jpg,Red Rust Disease,5643
C:\Users\Fame IT\Videos\rwn\438\Dataset\Dataset\Red Rust Disease\IMG20250501160412.jpg,Red Rust Disease,5643
C:\Users\Fame IT\Videos\rwn\438\Dataset\Dataset\Red Rust Disease\IMG20250501160414.jpg,Red Rust Disease,5643
C:\Users\Fame IT\Videos\rwn\438\Dataset\Dataset\Red Rust Disease\IMG20250501160415.jpg,Red Rust Disease,5643
C:\Users\Fame IT\Videos\rwn\438\Dataset\Dataset\Red Rust Disease\IMG20250501160417.jpg,Red Rust Disease,5643
C:\Users\Fame IT\Videos\rwn\438\Dataset\Dataset\Red Rust Disease\IMG20250501160426.jpg,Red Rust Disease,5644
C:\Users\Fame IT\Videos\rwn\438\Dataset\Dataset\Red Rust Disease\IMG20250501160427.jpg,Red Rust Disease,5644
C:\Users\Fame IT\Videos\rwn\438\Dataset\Dataset\Red Rust Disease\IMG20250501160428.jpg,Red Rust Disease,5644
C:\Users\Fame IT\Videos\rwn\438\Dataset\Dataset\Red Rust Disease\IMG20250501160430.jpg,Red Rust Disease,5644
C:\Users\Fame IT\Videos\rwn\438\Dataset\Dataset\Red Rust Disease\IMG20250501160431.jpg,Red Rust Disease,5644
C:\Users\Fame IT\Videos\rwn\438\Dataset\Dataset\Red Rust Disease\IMG20250501160432.jpg,Red Rust Disease,5644
C:\Users\Fame IT\Videos\rwn\438\Dataset\Dataset\Red Rust Disease\IMG20250501160434.jpg,Red Rust Disease,5644
C:\Users\Fame IT\Videos\rwn\438\Dataset\Dataset\Red Rust Disease\IMG20250501160436.jpg,Red Rust Disease,5644
C:\Users\Fame IT\Videos\rwn\438\Dataset\Dataset\Red Rust Disease\IMG20250501160439.jpg,Red Rust Disease,5645
C:\Users\Fame IT\Videos\rwn\438\Dataset\Dataset\Red Rust Disease\IMG20250501160440.jpg,Red Rust Disease,5646
C:\Users\Fame IT\Videos\rwn\438\Dataset\Dataset\Red Rust Disease\IMG20250501160441.jpg,Red Rust Disease,5646
C:\Users\Fame IT\Videos\rwn\438\Dataset\Dataset\Red Rust Disease\IMG20250501160442.jpg,Red Rust Disease,5646
C:\Users\Fame IT\Videos\rwn\438\Dataset\Dataset\Red Rust Disease\IMG20250501160444.jpg,Red Rust Disease,5646
C:\Users\Fame IT\Videos\rwn\438\Dataset\Dataset\Red Rust Disease\IMG20250501160445.jpg,Red Rust Disease,5646
C:\Users\Fame IT\Videos\rwn\438\Dataset\Dataset\Red Rust Disease\IMG20250501160449.jpg,Red Rust Disease,5647
C:\Users\Fame IT\Videos\rwn\438\Dataset\Dataset\Red Rust Disease\IMG20250501160450.jpg,Red Rust Disease,5648
C:\Users\Fame IT\Videos\rwn\438\Dataset\Dataset\Red Rust Disease\IMG20250501160451.jpg,Red Rust Disease,5648
C:\Users\Fame IT\Videos\rwn\438\Dataset\Dataset\Red Rust Disease\IMG20250501160452.jpg,Red Rust Disease,5648
C:\Users\Fame IT\Videos\rwn\438\Dataset\Dataset\Red Rust Disease\IMG20250501160453.jpg,Red Rust Disease,5648
C:\Users\Fame IT\Videos\rwn\438\Dataset\Dataset\Red Rust Disease\IMG20250501160455.jpg,Red Rust Disease,5648
C:\Users\Fame IT\Videos\rwn\438\Dataset\Dataset\Red Rust Disease\IMG20250501160515.jpg,Red Rust Disease,5653
C:\Users\Fame IT\Videos\rwn\438\Dataset\Dataset\Red Rust Disease\IMG20250501160516.jpg,Red Rust Disease,5654
C:\Users\Fame IT\Videos\rwn\438\Dataset\Dataset\Red Rust Disease\IMG20250501160517.jpg,Red Rust Disease,5655
C:\Users\Fame IT\Videos\rwn\438\Dataset\Dataset\Red Rust Disease\IMG20250501160518.jpg,Red Rust Disease,5654
C:\Users\Fame IT\Videos\rwn\438\Dataset\Dataset\Red Rust Disease\IMG20250501160522.jpg,Red Rust Disease,5657
C:\Users\Fame IT\Videos\rwn\438\Dataset\Dataset\Red Rust Disease\IMG20250501160523.jpg,Red Rust Disease,5657
C:\Users\Fame IT\Videos\rwn\438\Dataset\Dataset\Red Rust Disease\IMG20250501160525.jpg,Red Rust Disease,5658
C:\Users\Fame IT\Videos\rwn\438\Dataset\Dataset\Red Rust Disease\IMG20250501160526.jpg,Red Rust Disease,5657
C:\Users\Fame IT\Videos\rwn\438\Dataset\Dataset\Red Rust Disease\IMG20250501160527.jpg,Red Rust Disease,5659
C:\Users\Fame IT\Videos\rwn\438\Dataset\Dataset\Red Rust Disease\IMG20250501160528.jpg,Red Rust Disease,5660
C:\Users\Fame IT\Videos\rwn\438\Dataset\Dataset\Red Rust Disease\IMG20250501160529.jpg,Red Rust Disease,5661
C:\Users\Fame IT\Videos\rwn\438\Dataset\Dataset\Red Rust Disease\IMG20250501160551.jpg,Red Rust Disease,5664
C:\Users\Fame IT\Videos\rwn\438\Dataset\Dataset\Red Rust Disease\IMG20250501160552.jpg,Red Rust Disease,5664
C:\Users\Fame IT\Videos\rwn\438\Dataset\Dataset\Red Rust Disease\IMG20250501160553.jpg,Red Rust Disease,5664
C:\Users\Fame IT\Videos\rwn\438\Dataset\Dataset\Red Rust Disease\IMG20250501160555.jpg,Red Rust Disease,5664
C:\Users\Fame IT\Videos\rwn\438\Dataset\Dataset\Red Rust Disease\IMG20250501160556.jpg,Red Rust Disease,5664
C:\Users\Fame IT\Videos\rwn\438\Dataset\Dataset\Red Rust Disease\IMG20250501160557.jpg,Red Rust Disease,5664
C:\Users\Fame IT\Videos\rwn\438\Dataset\Dataset\Red Rust Disease\IMG20250501160558.jpg,Red Rust Disease,5664
C:\Users\Fame IT\Videos\rwn\438\Dataset\Dataset\Red Rust Disease\IMG20250501160600.jpg,Red Rust Disease,5664
C:\Users\Fame IT\Videos\rwn\438\Dataset\Dataset\Red Rust Disease\IMG20250501160604.jpg,Red Rust Disease,5665
C:\Users\Fame IT\Videos\rwn\438\Dataset\Dataset\Red Rust Disease\IMG20250501160607.jpg,Red Rust Disease,5666
C:\Users\Fame IT\Videos\rwn\438\Dataset\Dataset\Red Rust Disease\IMG20250501160608.jpg,Red Rust Disease,5666
C:\Users\Fame IT\Videos\rwn\438\Dataset\Dataset\Red Rust Disease\IMG20250501160609.jpg,Red Rust Disease,5666
C:\Users\Fame IT\Videos\rwn\438\Dataset\Dataset\Red Rust Disease\IMG20250501160611.jpg,Red Rust Disease,5666
C:\Users\Fame IT\Videos\rwn\438\Dataset\Dataset\Red Rust Disease\IMG20250501160612.jpg,Red Rust Disease,5666
C:\Users\Fame IT\Videos\rwn\438\Dataset\Dataset\Red Rust Disease\IMG20250501160613.jpg,Red Rust Disease,5666
C:\Users\Fame IT\Videos\rwn\438\Dataset\Dataset\Red Rust Disease\IMG20250501160614.jpg,Red Rust Disease,5666
C:\Users\Fame IT\Videos\rwn\438\Dataset\Dataset\Red Rust Disease\IMG20250501160616.jpg,Red Rust Disease,5666
C:\Users\Fame IT\Videos\rwn\438\Dataset\Dataset\Red Rust Disease\IMG20250501160617.jpg,Red Rust Disease,5666
C:\Users\Fame IT\Videos\rwn\438\Dataset\Dataset\Red Rust Disease\IMG20250501160619.jpg,Red Rust Disease,5666
C:\Users\Fame IT\Videos\rwn\438\Dataset\Dataset\Red Rust Disease\IMG20250501160620.jpg,Red Rust Disease,5666
C:\Users\Fame IT\Videos\rwn\438\Dataset\Dataset\Red Rust Disease\IMG20250501160621.jpg,Red Rust Disease,5666
C:\Users\Fame IT\Videos\rwn\438\Dataset\Dataset\Red Rust Disease\IMG20250501160622.jpg,Red Rust Disease,5666
C:\Users\Fame IT\Videos\rwn\438\Dataset\Dataset\Red Rust Disease\IMG20250501160624.jpg,Red Rust Disease,5666
C:\Users\Fame IT\Videos\rwn\438\Dataset\Dataset\Red Rust Disease\IMG20250501160625.jpg,Red Rust Disease,5666
C:\Users\Fame IT\Videos\rwn\438\Dataset\Dataset\Red Rust Disease\IMG20250501160627.jpg,Red Rust Disease,5666
C:\Users\Fame IT\Videos\rwn\438\Dataset\Dataset\Red Rust Disease\IMG20250501160628.jpg,Red Rust Disease,5666
C:\Users\Fame IT\Videos\rwn\438\Dataset\Dataset\Red Rust Disease\IMG20250501160629.jpg,Red Rust Disease,5666
C:\Users\Fame IT\Videos\rwn\438\Dataset\Dataset\Red Rust Disease\IMG20250501160631.jpg,Red Rust Disease,5666
C:\Users\Fame IT\Videos\rwn\438\Dataset\Dataset\Red Rust Disease\IMG20250501160633.jpg,Red Rust Disease,5666
C:\Users\Fame IT\Videos\rwn\438\Dataset\Dataset\Red Rust Disease\IMG20250501160643.jpg,Red Rust Disease,5669
C:\Users\Fame IT\Videos\rwn\438\Dataset\Dataset\Red Rust Disease\IMG20250501160644.jpg,Red Rust Disease,5670
C:\Users\Fame IT\Videos\rwn\438\Dataset\Dataset\Red Rust Disease\IMG20250501160645.jpg,Red Rust Disease,5670
C:\Users\Fame IT\Videos\rwn\438\Dataset\Dataset\Red Rust Disease\IMG20250501160646.jpg,Red Rust Disease,5670
C:\Users\Fame IT\Videos\rwn\438\Dataset\Dataset\Red Rust Disease\IMG20250501160648.jpg,Red Rust Disease,5670
C:\Users\Fame IT\Videos\rwn\438\Dataset\Dataset\Red Rust Disease\IMG20250501160649.jpg,Red Rust Disease,5670
C:\Users\Fame IT\Videos\rwn\438\Dataset\Dataset\Red Rust Disease\IMG20250501160651.jpg,Red Rust Disease,5670
C:\Users\Fame IT\Videos\rwn\438\Dataset\Dataset\Red Rust Disease\IMG20250501160652.jpg,Red Rust Disease,5670
C:\Users\Fame IT\Videos\rwn\438\Dataset\Dataset\Red Rust Disease\IMG20250501160653.jpg,Red Rust Disease,5670
C:\Users\Fame IT\Videos\rwn\438\Dataset\Dataset\Red Rust Disease\IMG20250501160657.jpg,Red Rust Disease,5671
C:\Users\Fame IT\Videos\rwn\438\Dataset\Dataset\Red Rust Disease\IMG20250501160700.jpg,Red Rust Disease,5672
C:\Users\Fame IT\Videos\rwn\438\Dataset\Dataset\Red Rust Disease\IMG20250501160701.jpg,Red Rust Disease,5673
C:\Users\Fame IT\Videos\rwn\438\Dataset\Dataset\Red Rust Disease\IMG20250501160706.jpg,Red Rust Disease,5675
C:\Users\Fame IT\Videos\rwn\438\Dataset\Dataset\Red Rust Disease\IMG20250501160710.jpg,Red Rust Disease,5676
C:\Users\Fame IT\Videos\rwn\438\Dataset\Dataset\Red Rust Disease\IMG20250501160718.jpg,Red Rust Disease,5678
C:\Users\Fame IT\Videos\rwn\438\Dataset\Dataset\Red Rust Disease\IMG20250501160721.jpg,Red Rust Disease,5680
C:\Users\Fame IT\Videos\rwn\438\Dataset\Dataset\Red Rust Disease\IMG20250501160722.jpg,Red Rust Disease,5681
C:\Users\Fame IT\Videos\rwn\438\Dataset\Dataset\Red Rust Disease\IMG20250501160727.jpg,Red Rust Disease,5684
C:\Users\Fame IT\Videos\rwn\438\Dataset\Dataset\Red Rust Disease\IMG20250501160728.jpg,Red Rust Disease,5685
C:\Users\Fame IT\Videos\rwn\438\Dataset\Dataset\Red Rust Disease\IMG20250501160730.jpg,Red Rust Disease,5685
C:\Users\Fame IT\Videos\rwn\438\Dataset\Dataset\Red Rust Disease\IMG20250501160731.jpg,Red Rust Disease,5686
C:\Users\Fame IT\Videos\rwn\438\Dataset\Dataset\Red Rust Disease\IMG20250501160736.jpg,Red Rust Disease,5687
C:\Users\Fame IT\Videos\rwn\438\Dataset\Dataset\Red Rust Disease\IMG20250501160739.jpg,Red Rust Disease,5689
C:\Users\Fame IT\Videos\rwn\438\Dataset\Dataset\Red Rust Disease\IMG20250501160740.jpg,Red Rust Disease,5689
C:\Users\Fame IT\Videos\rwn\438\Dataset\Dataset\Red Rust Disease\IMG20250501160745.jpg,Red Rust Disease,5690
C:\Users\Fame IT\Videos\rwn\438\Dataset\Dataset\Red Rust Disease\IMG20250501160747.jpg,Red Rust Disease,5690
C:\Users\Fame IT\Videos\rwn\438\Dataset\Dataset\Red Rust Disease\IMG20250501160749.jpg,Red Rust Disease,5690
C:\Users\Fame IT\Videos\rwn\438\Dataset\Dataset\Red Rust Disease\IMG20250501160750.jpg,Red Rust Disease,5690
C:\Users\Fame IT\Videos\rwn\438\Dataset\Dataset\Red Rust Disease\IMG20250501160751.jpg,Red Rust Disease,5690
C:\Users\Fame IT\Videos\rwn\438\Dataset\Dataset\Red Rust Disease\IMG20250501160752.jpg,Red Rust Disease,5690
C:\Users\Fame IT\Videos\rwn\438\Dataset\Dataset\Red Rust Disease\IMG20250501160754.jpg,Red Rust Disease,5690
C:\Users\Fame IT\Videos\rwn\438\Dataset\Dataset\Red Rust Disease\IMG20250501160755.jpg,Red Rust Disease,5690
C:\Users\Fame IT\Videos\rwn\438\Dataset\Dataset\Red Rust Disease\IMG20250501160756.jpg,Red Rust Disease,5690
C:\Users\Fame IT\Videos\rwn\438\Dataset\Dataset\Red Rust Disease\IMG20250501160757.jpg,Red Rust Disease,5690
C:\Users\Fame IT\Videos\rwn\438\Dataset\Dataset\Red Rust Disease\IMG20250501160801.jpg,Red Rust Disease,5691
C:\Users\Fame IT\Videos\rwn\438\Dataset\Dataset\Red Rust Disease\IMG20250501160802.jpg,Red Rust Disease,5692
C:\Users\Fame IT\Videos\rwn\438\Dataset\Dataset\Red Rust Disease\IMG20250501160804.jpg,Red Rust Disease,5693
C:\Users\Fame IT\Videos\rwn\438\Dataset\Dataset\Red Rust Disease\IMG20250501160805.jpg,Red Rust Disease,5694
C:\Users\Fame IT\Videos\rwn\438\Dataset\Dataset\Red Rust Disease\IMG20250501160807.jpg,Red Rust Disease,5694
C:\Users\Fame IT\Videos\rwn\438\Dataset\Dataset\Red Rust Disease\IMG20250501160808.jpg,Red Rust Disease,5695
C:\Users\Fame IT\Videos\rwn\438\Dataset\Dataset\Red Rust Disease\IMG20250501160810.jpg,Red Rust Disease,5696
C:\Users\Fame IT\Videos\rwn\438\Dataset\Dataset\Red Rust Disease\IMG20250501160811.jpg,Red Rust Disease,5697
C:\Users\Fame IT\Videos\rwn\438\Dataset\Dataset\Red Rust Disease\IMG20250501160927.jpg,Red Rust Disease,5698
C:\Users\Fame IT\Videos\rwn\438\Dataset\Dataset\Red Rust Disease\IMG20250501161004.jpg,Red Rust Disease,5702
C:\Users\Fame IT\Videos\rwn\438\Dataset\Dataset\Red Rust Disease\IMG20250501161005.jpg,Red Rust Disease,5703
C:\Users\Fame IT\Videos\rwn\438\Dataset\Dataset\Red Rust Disease\IMG20250501161008.jpg,Red Rust Disease,5704
C:\Users\Fame IT\Videos\rwn\438\Dataset\Dataset\Red Rust Disease\IMG20250501161011.jpg,Red Rust Disease,5706
C:\Users\Fame IT\Videos\rwn\438\Dataset\Dataset\Red Rust Disease\IMG20250501161012.jpg,Red Rust Disease,5707
C:\Users\Fame IT\Videos\rwn\438\Dataset\Dataset\Red Rust Disease\IMG20250501161015.jpg,Red Rust Disease,5708
C:\Users\Fame IT\Videos\rwn\438\Dataset\Dataset\Red Rust Disease\IMG20250501161017.jpg,Red Rust Disease,5708
C:\Users\Fame IT\Videos\rwn\438\Dataset\Dataset\Red Rust Disease\IMG20250501161031.jpg,Red Rust Disease,5710
C:\Users\Fame IT\Videos\rwn\438\Dataset\Dataset\Red Rust Disease\IMG20250501161041.jpg,Red Rust Disease,5713
C:\Users\Fame IT\Videos\rwn\438\Dataset\Dataset\Red Rust Disease\IMG20250501161050.jpg,Red Rust Disease,5714
C:\Users\Fame IT\Videos\rwn\438\Dataset\Dataset\Red Rust Disease\IMG20250501161052.jpg,Red Rust Disease,5714
C:\Users\Fame IT\Videos\rwn\438\Dataset\Dataset\Red Rust Disease\IMG20250501161054.jpg,Red Rust Disease,5716
C:\Users\Fame IT\Videos\rwn\438\Dataset\Dataset\Red Rust Disease\IMG20250501161056.jpg,Red Rust Disease,5714
C:\Users\Fame IT\Videos\rwn\438\Dataset\Dataset\Red Rust Disease\IMG20250501161058.jpg,Red Rust Disease,5714
C:\Users\Fame IT\Videos\rwn\438\Dataset\Dataset\Red Rust Disease\IMG20250501161103.jpg,Red Rust Disease,5717
C:\Users\Fame IT\Videos\rwn\438\Dataset\Dataset\Red Rust Disease\IMG20250501161119.jpg,Red Rust Disease,5719
C:\Users\Fame IT\Videos\rwn\438\Dataset\Dataset\Red Rust Disease\IMG20250501161120.jpg,Red Rust Disease,5719
C:\Users\Fame IT\Videos\rwn\438\Dataset\Dataset\Red Rust Disease\IMG20250501161131.jpg,Red Rust Disease,5721
C:\Users\Fame IT\Videos\rwn\438\Dataset\Dataset\Red Rust Disease\IMG20250501161134.jpg,Red Rust Disease,5722
C:\Users\Fame IT\Videos\rwn\438\Dataset\Dataset\Red Rust Disease\IMG20250501161136.jpg,Red Rust Disease,5723
C:\Users\Fame IT\Videos\rwn\438\Dataset\Dataset\Red Rust Disease\IMG20250501161140.jpg,Red Rust Disease,5725
C:\Users\Fame IT\Videos\rwn\438\Dataset\Dataset\Red Rust Disease\IMG20250501161143.jpg,Red Rust Disease,5727
C:\Users\Fame IT\Videos\rwn\438\Dataset\Dataset\Red Rust Disease\IMG20250501161145.jpg,Red Rust Disease,5727
C:\Users\Fame IT\Videos\rwn\438\Dataset\Dataset\Red Rust Disease\IMG20250501161146.jpg,Red Rust Disease,5727
C:\Users\Fame IT\Videos\rwn\438\Dataset\Dataset\Red Rust Disease\IMG20250501161233.jpg,Red Rust Disease,5730
C:\Users\Fame IT\Videos\rwn\438\Dataset\Dataset\Red Rust Disease\IMG20250501161234.jpg,Red Rust Disease,5731
C:\Users\Fame IT\Videos\rwn\438\Dataset\Dataset\Red Rust Disease\IMG20250501161302.jpg,Red Rust Disease,5734
C:\Users\Fame IT\Videos\rwn\438\Dataset\Dataset\Red Rust Disease\IMG20250501161304.jpg,Red Rust Disease,5734
C:\Users\Fame IT\Videos\rwn\438\Dataset\Dataset\Red Rust Disease\IMG20250501163713.jpg,Red Rust Disease,5736
C:\Users\Fame IT\Videos\rwn\438\Dataset\Dataset\Red Rust Disease\IMG20250501163719.jpg,Red Rust Disease,5739
C:\Users\Fame IT\Videos\rwn\438\Dataset\Dataset\Red Rust Disease\IMG20250501163728.jpg,Red Rust Disease,5741
C:\Users\Fame IT\Videos\rwn\438\Dataset\Dataset\Red Rust Disease\IMG20250501163730.jpg,Red Rust Disease,5742
C:\Users\Fame IT\Videos\rwn\438\Dataset\Dataset\Red Rust Disease\IMG20250501163807.jpg,Red Rust Disease,5744
C:\Users\Fame IT\Videos\rwn\438\Dataset\Dataset\Red Rust Disease\IMG20250501163811.jpg,Red Rust Disease,5746
C:\Users\Fame IT\Videos\rwn\438\Dataset\Dataset\Red Rust Disease\IMG20250501163814.jpg,Red Rust Disease,5748
C:\Users\Fame IT\Videos\rwn\438\Dataset\Dataset\Red Rust Disease\IMG20250501163829.jpg,Red Rust Disease,5751
C:\Users\Fame IT\Videos\rwn\438\Dataset\Dataset\Red Rust Disease\IMG20250501163830.jpg,Red Rust Disease,5751
C:\Users\Fame IT\Videos\rwn\438\Dataset\Dataset\Red Rust Disease\IMG20250501163831.jpg,Red Rust Disease,5751
C:\Users\Fame IT\Videos\rwn\438\Dataset\Dataset\Red Rust Disease\IMG20250501163833.jpg,Red Rust Disease,5751
C:\Users\Fame IT\Videos\rwn\438\Dataset\Dataset\Red Rust Disease\IMG20250501163839.jpg,Red Rust Disease,5752
C:\Users\Fame IT\Videos\rwn\438\Dataset\Dataset\Red Rust Disease\IMG20250501163840.jpg,Red Rust Disease,5753
C:\Users\Fame IT\Videos\rwn\438\Dataset\Dataset\Red Rust Disease\IMG20250501163841.jpg,Red Rust Disease,5754
C:\Users\Fame IT\Videos\rwn\438\Dataset\Dataset\Red Rust Disease\IMG20250501163843.jpg,Red Rust Disease,5755
C:\Users\Fame IT\Videos\rwn\438\Dataset\Dataset\Red Rust Disease\IMG20250501163844.jpg,Red Rust Disease,5756
C:\Users\Fame IT\Videos\rwn\438\Dataset\Dataset\Red Rust Disease\IMG20250501163857.jpg,Red Rust Disease,5758
C:\Users\Fame IT\Videos\rwn\438\Dataset\Dataset\Red Rust Disease\IMG20250501163900.jpg,Red Rust Disease,5759
C:\Users\Fame IT\Videos\rwn\438\Dataset\Dataset\Red Rust Disease\IMG20250501164022.jpg,Red Rust Disease,5760
C:\Users\Fame IT\Videos\rwn\438\Dataset\Dataset\Red Rust Disease\IMG20250501164023.jpg,Red Rust Disease,5761
C:\Users\Fame IT\Videos\rwn\438\Dataset\Dataset\Red Rust Disease\IMG20250501164025.jpg,Red Rust Disease,5761
C:\Users\Fame IT\Videos\rwn\438\Dataset\Dataset\Red Rust Disease\IMG20250501164026.jpg,Red Rust Disease,5761
C:\Users\Fame IT\Videos\rwn\438\Dataset\Dataset\Red Rust Disease\IMG20250501164028.jpg,Red Rust Disease,5761
C:\Users\Fame IT\Videos\rwn\438\Dataset\Dataset\Red Rust Disease\IMG20250501164029.jpg,Red Rust Disease,5762
C:\Users\Fame IT\Videos\rwn\438\Dataset\Dataset\Red Rust Disease\IMG20250501164031.jpg,Red Rust Disease,5762
C:\Users\Fame IT\Videos\rwn\438\Dataset\Dataset\Red Rust Disease\IMG20250501164033.jpg,Red Rust Disease,5762
C:\Users\Fame IT\Videos\rwn\438\Dataset\Dataset\Red Rust Disease\IMG20250501164036.jpg,Red Rust Disease,5762
C:\Users\Fame IT\Videos\rwn\438\Dataset\Dataset\Red Rust Disease\IMG20250501164105.jpg,Red Rust Disease,5764
C:\Users\Fame IT\Videos\rwn\438\Dataset\Dataset\Red Rust Disease\IMG20250501164108.jpg,Red Rust Disease,5765
C:\Users\Fame IT\Videos\rwn\438\Dataset\Dataset\Red Rust Disease\IMG20250501164109.jpg,Red Rust Disease,5765
C:\Users\Fame IT\Videos\rwn\438\Dataset\Dataset\Red Rust Disease\IMG20250501164111.jpg,Red Rust Disease,5766
C:\Users\Fame IT\Videos\rwn\438\Dataset\Dataset\Red Rust Disease\IMG20250501164113.jpg,Red Rust Disease,5766
C:\Users\Fame IT\Videos\rwn\438\Dataset\Dataset\Red Rust Disease\IMG20250501164114.jpg,Red Rust Disease,5766
C:\Users\Fame IT\Videos\rwn\438\Dataset\Dataset\Red Rust Disease\IMG20250501164119.jpg,Red Rust Disease,5767
C:\Users\Fame IT\Videos\rwn\438\Dataset\Dataset\Red Rust Disease\IMG20250501164147.jpg,Red Rust Disease,5771
C:\Users\Fame IT\Videos\rwn\438\Dataset\Dataset\Red Rust Disease\IMG20250501164151.jpg,Red Rust Disease,5773
C:\Users\Fame IT\Videos\rwn\438\Dataset\Dataset\Red Rust Disease\IMG20250501164152.jpg,Red Rust Disease,5773
C:\Users\Fame IT\Videos\rwn\438\Dataset\Dataset\Red Rust Disease\IMG20250501164154.jpg,Red Rust Disease,5773
C:\Users\Fame IT\Videos\rwn\438\Dataset\Dataset\Red Rust Disease\IMG20250501164155.jpg,Red Rust Disease,5774
C:\Users\Fame IT\Videos\rwn\438\Dataset\Dataset\Red Rust Disease\IMG20250501164156.jpg,Red Rust Disease,5774
C:\Users\Fame IT\Videos\rwn\438\Dataset\Dataset\Red Rust Disease\IMG20250501164158.jpg,Red Rust Disease,5775
C:\Users\Fame IT\Videos\rwn\438\Dataset\Dataset\Red Rust Disease\IMG20250501164200.jpg,Red Rust Disease,5776
C:\Users\Fame IT\Videos\rwn\438\Dataset\Dataset\Red Rust Disease\IMG20250501164226.jpg,Red Rust Disease,5777
C:\Users\Fame IT\Videos\rwn\438\Dataset\Dataset\Red Rust Disease\IMG20250501164228.jpg,Red Rust Disease,5778
C:\Users\Fame IT\Videos\rwn\438\Dataset\Dataset\Red Rust Disease\IMG20250501164230.jpg,Red Rust Disease,5779
C:\Users\Fame IT\Videos\rwn\438\Dataset\Dataset\Red Rust Disease\IMG20250501164231.jpg,Red Rust Disease,5779
C:\Users\Fame IT\Videos\rwn\438\Dataset\Dataset\Red Rust Disease\IMG20250501164232.jpg,Red Rust Disease,5779
C:\Users\Fame IT\Videos\rwn\438\Dataset\Dataset\Red Rust Disease\IMG20250501164234.jpg,Red Rust Disease,5779
C:\Users\Fame IT\Videos\rwn\438\Dataset\Dataset\Red Rust Disease\IMG20250501164235.jpg,Red Rust Disease,5779
C:\Users\Fame IT\Videos\rwn\438\Dataset\Dataset\Red Rust Disease\IMG20250501164236.jpg,Red Rust Disease,5779
C:\Users\Fame IT\Videos\rwn\438\Dataset\Dataset\Red Rust Disease\IMG20250501164238.jpg,Red Rust Disease,5779
C:\Users\Fame IT\Videos\rwn\438\Dataset\Dataset\Red Rust Disease\IMG20250501164239.jpg,Red Rust Disease,5779
C:\Users\Fame IT\Videos\rwn\438\Dataset\Dataset\Red Rust Disease\IMG20250501164243.jpg,Red Rust Disease,5781
C:\Users\Fame IT\Videos\rwn\438\Dataset\Dataset\Red Rust Disease\IMG20250501164249.jpg,Red Rust Disease,5782
C:\Users\Fame IT\Videos\rwn\438\Dataset\Dataset\Red Rust Disease\IMG20250501164250.jpg,Red Rust Disease,5783
C:\Users\Fame IT\Videos\rwn\438\Dataset\Dataset\Red Rust Disease\IMG20250501164252.jpg,Red Rust Disease,5784
C:\Users\Fame IT\Videos\rwn\438\Dataset\Dataset\Red Rust Disease\IMG20250501164256.jpg,Red Rust Disease,5786
C:\Users\Fame IT\Videos\rwn\438\Dataset\Dataset\Red Rust Disease\IMG20250501164258.jpg,Red Rust Disease,5787
C:\Users\Fame IT\Videos\rwn\438\Dataset\Dataset\Red Rust Disease\IMG20250501164311.jpg,Red Rust Disease,5788
C:\Users\Fame IT\Videos\rwn\438\Dataset\Dataset\Red Rust Disease\IMG20250501164314.jpg,Red Rust Disease,5789
C:\Users\Fame IT\Videos\rwn\438\Dataset\Dataset\Red Rust Disease\IMG20250501164316.jpg,Red Rust Disease,5790
C:\Users\Fame IT\Videos\rwn\438\Dataset\Dataset\Red Rust Disease\IMG20250501164331.jpg,Red Rust Disease,5793
C:\Users\Fame IT\Videos\rwn\438\Dataset\Dataset\Red Rust Disease\IMG20250501164333.jpg,Red Rust Disease,5793
C:\Users\Fame IT\Videos\rwn\438\Dataset\Dataset\Red Rust Disease\IMG20250501164338.jpg,Red Rust Disease,5794
C:\Users\Fame IT\Videos\rwn\438\Dataset\Dataset\Red Rust Disease\IMG20250501164341.jpg,Red Rust Disease,5796
C:\Users\Fame IT\Videos\rwn\438\Dataset\Dataset\Red Rust Disease\IMG20250501164342.jpg,Red Rust Disease,5796
C:\Users\Fame IT\Videos\rwn\438\Dataset\Dataset\Red Rust Disease\IMG20250501164344.jpg,Red Rust Disease,5796
C:\Users\Fame IT\Videos\rwn\438\Dataset\Dataset\Red Rust Disease\IMG20250501164345.jpg,Red Rust Disease,5796
C:\Users\Fame IT\Videos\rwn\438\Dataset\Dataset\Red Rust Disease\IMG20250501164347.jpg,Red Rust Disease,5796
C:\Users\Fame IT\Videos\rwn\438\Dataset\Dataset\Red Rust Disease\IMG20250501164348.jpg,Red Rust Disease,5796
C:\Users\Fame IT\Videos\rwn\438\Dataset\Dataset\Red Rust Disease\IMG20250501164357.jpg,Red Rust Disease,5799
C:\Users\Fame IT\Videos\rwn\438\Dataset\Dataset\Red Rust Disease\IMG20250501164400.jpg,Red Rust Disease,5799
C:\Users\Fame IT\Videos\rwn\438\Dataset\Dataset\Red Rust Disease\IMG20250501164402.jpg,Red Rust Disease,5799
C:\Users\Fame IT\Videos\rwn\438\Dataset\Dataset\Red Rust Disease\IMG20250501164405.jpg,Red Rust Disease,5799
C:\Users\Fame IT\Videos\rwn\438\Dataset\Dataset\Red Rust Disease\IMG20250501164409.jpg,Red Rust Disease,5800
C:\Users\Fame IT\Videos\rwn\438\Dataset\Dataset\Red Rust Disease\IMG20250501164410.jpg,Red Rust Disease,5800
C:\Users\Fame IT\Videos\rwn\438\Dataset\Dataset\Red Rust Disease\IMG20250501164412.jpg,Red Rust Disease,5800
C:\Users\Fame IT\Videos\rwn\438\Dataset\Dataset\Red Rust Disease\IMG20250501164414.jpg,Red Rust Disease,5800
C:\Users\Fame IT\Videos\rwn\438\Dataset\Dataset\Red Rust Disease\IMG20250501164417.jpg,Red Rust Disease,5802
C:\Users\Fame IT\Videos\rwn\438\Dataset\Dataset\Red Rust Disease\IMG20250501164426.jpg,Red Rust Disease,5804
C:\Users\Fame IT\Videos\rwn\438\Dataset\Dataset\Red Rust Disease\IMG20250501164427.jpg,Red Rust Disease,5804
C:\Users\Fame IT\Videos\rwn\438\Dataset\Dataset\Red Rust Disease\IMG20250501164428.jpg,Red Rust Disease,5805
C:\Users\Fame IT\Videos\rwn\438\Dataset\Dataset\Red Rust Disease\IMG20250501164430.jpg,Red Rust Disease,5805
C:\Users\Fame IT\Videos\rwn\438\Dataset\Dataset\Red Rust Disease\IMG20250501164431.jpg,Red Rust Disease,5805
C:\Users\Fame IT\Videos\rwn\438\Dataset\Dataset\Red Rust Disease\IMG20250501164433.jpg,Red Rust Disease,5805
C:\Users\Fame IT\Videos\rwn\438\Dataset\Dataset\Red Rust Disease\IMG20250501164435.jpg,Red Rust Disease,5805
C:\Users\Fame IT\Videos\rwn\438\Dataset\Dataset\Red Rust Disease\IMG20250501164438.jpg,Red Rust Disease,5807
C:\Users\Fame IT\Videos\rwn\438\Dataset\Dataset\Red Rust Disease\IMG20250501164439.jpg,Red Rust Disease,5807
C:\Users\Fame IT\Videos\rwn\438\Dataset\Dataset\Red Rust Disease\IMG20250501164441.jpg,Red Rust Disease,5807
C:\Users\Fame IT\Videos\rwn\438\Dataset\Dataset\Red Rust Disease\IMG20250501164442.jpg,Red Rust Disease,5807
C:\Users\Fame IT\Videos\rwn\438\Dataset\Dataset\Red Rust Disease\IMG20250501164444.jpg,Red Rust Disease,5807
C:\Users\Fame IT\Videos\rwn\438\Dataset\Dataset\Red Rust Disease\IMG20250501164445.jpg,Red Rust Disease,5808
C:\Users\Fame IT\Videos\rwn\438\Dataset\Dataset\Red Rust Disease\IMG20250501164447.jpg,Red Rust Disease,5809
C:\Users\Fame IT\Videos\rwn\438\Dataset\Dataset\Red Rust Disease\IMG20250501164448.jpg,Red Rust Disease,5809
C:\Users\Fame IT\Videos\rwn\438\Dataset\Dataset\Red Rust Disease\IMG20250501164458.jpg,Red Rust Disease,5810
C:\Users\Fame IT\Videos\rwn\438\Dataset\Dataset\Red Rust Disease\IMG20250501164501.jpg,Red Rust Disease,5812
C:\Users\Fame IT\Videos\rwn\438\Dataset\Dataset\Red Rust Disease\IMG20250501164504.jpg,Red Rust Disease,5813
C:\Users\Fame IT\Videos\rwn\438\Dataset\Dataset\Red Rust Disease\IMG20250501164506.jpg,Red Rust Disease,5814
C:\Users\Fame IT\Videos\rwn\438\Dataset\Dataset\Red Rust Disease\IMG20250501164507.jpg,Red Rust Disease,5814
C:\Users\Fame IT\Videos\rwn\438\Dataset\Dataset\Red Rust Disease\IMG20250501164508.jpg,Red Rust Disease,5815
C:\Users\Fame IT\Videos\rwn\438\Dataset\Dataset\Red Rust Disease\IMG20250501164510.jpg,Red Rust Disease,5815
C:\Users\Fame IT\Videos\rwn\438\Dataset\Dataset\Red Rust Disease\IMG20250501164518.jpg,Red Rust Disease,5816
C:\Users\Fame IT\Videos\rwn\438\Dataset\Dataset\Red Rust Disease\IMG20250501164519.jpg,Red Rust Disease,5817
C:\Users\Fame IT\Videos\rwn\438\Dataset\Dataset\Red Rust Disease\IMG20250501164520.jpg,Red Rust Disease,5817
C:\Users\Fame IT\Videos\rwn\438\Dataset\Dataset\Red Rust Disease\IMG20250501164627.jpg,Red Rust Disease,5822
C:\Users\Fame IT\Videos\rwn\438\Dataset\Dataset\Red Rust Disease\IMG20250501164629.jpg,Red Rust Disease,5823
C:\Users\Fame IT\Videos\rwn\438\Dataset\Dataset\Red Rust Disease\IMG20250501164630.jpg,Red Rust Disease,5823
C:\Users\Fame IT\Videos\rwn\438\Dataset\Dataset\Red Rust Disease\IMG20250501164632.jpg,Red Rust Disease,5824
C:\Users\Fame IT\Videos\rwn\438\Dataset\Dataset\Red Rust Disease\IMG20250501164633.jpg,Red Rust Disease,5824
C:\Users\Fame IT\Videos\rwn\438\Dataset\Dataset\Red Rust Disease\IMG20250501164634.jpg,Red Rust Disease,5824
C:\Users\Fame IT\Videos\rwn\438\Dataset\Dataset\Red Rust Disease\IMG20250501164638.jpg,Red Rust Disease,5825
C:\Users\Fame IT\Videos\rwn\438\Dataset\Dataset\Red Rust Disease\IMG20250501164639.jpg,Red Rust Disease,5826
C:\Users\Fame IT\Videos\rwn\438\Dataset\Dataset\Red Rust Disease\IMG20250501164641.jpg,Red Rust Disease,5827
C:\Users\Fame IT\Videos\rwn\438\Dataset\Dataset\Red Rust Disease\IMG20250501164642.jpg,Red Rust Disease,5827
C:\Users\Fame IT\Videos\rwn\438\Dataset\Dataset\Red Rust Disease\IMG20250501164645.jpg,Red Rust Disease,5828
C:\Users\Fame IT\Videos\rwn\438\Dataset\Dataset\Red Rust Disease\IMG20250501164647.jpg,Red Rust Disease,5829
C:\Users\Fame IT\Videos\rwn\438\Dataset\Dataset\Red Rust Disease\IMG20250501164648.jpg,Red Rust Disease,5829
C:\Users\Fame IT\Videos\rwn\438\Dataset\Dataset\Red Rust Disease\IMG20250501164650.jpg,Red Rust Disease,5829
C:\Users\Fame IT\Videos\rwn\438\Dataset\Dataset\Red Rust Disease\IMG20250501164651.jpg,Red Rust Disease,5829
C:\Users\Fame IT\Videos\rwn\438\Dataset\Dataset\Red Rust Disease\IMG20250501164655.jpg,Red Rust Disease,5830
C:\Users\Fame IT\Videos\rwn\438\Dataset\Dataset\Red Rust Disease\IMG20250501164656.jpg,Red Rust Disease,5830
C:\Users\Fame IT\Videos\rwn\438\Dataset\Dataset\Red Rust Disease\IMG20250501164658.jpg,Red Rust Disease,5830
C:\Users\Fame IT\Videos\rwn\438\Dataset\Dataset\Red Rust Disease\IMG20250501164659.jpg,Red Rust Disease,5830
C:\Users\Fame IT\Videos\rwn\438\Dataset\Dataset\Red Rust Disease\IMG20250501164700.jpg,Red Rust Disease,5830
C:\Users\Fame IT\Videos\rwn\438\Dataset\Dataset\Red Rust Disease\IMG20250501164702.jpg,Red Rust Disease,5830
C:\Users\Fame IT\Videos\rwn\438\Dataset\Dataset\Red Rust Disease\IMG20250501164703.jpg,Red Rust Disease,5830
C:\Users\Fame IT\Videos\rwn\438\Dataset\Dataset\Red Rust Disease\IMG20250501164705.jpg,Red Rust Disease,5830
C:\Users\Fame IT\Videos\rwn\438\Dataset\Dataset\Red Rust Disease\IMG20250501164706.jpg,Red Rust Disease,5830
C:\Users\Fame IT\Videos\rwn\438\Dataset\Dataset\Red Rust Disease\IMG20250501164707.jpg,Red Rust Disease,5830
C:\Users\Fame IT\Videos\rwn\438\Dataset\Dataset\Red Rust Disease\IMG20250501164708.jpg,Red Rust Disease,5830
C:\Users\Fame IT\Videos\rwn\438\Dataset\Dataset\Red Rust Disease\IMG20250501164710.jpg,Red Rust Disease,5830
C:\Users\Fame IT\Videos\rwn\438\Dataset\Dataset\Red Rust Disease\IMG20250501164711.jpg,Red Rust Disease,5831
C:\Users\Fame IT\Videos\rwn\438\Dataset\Dataset\Red Rust Disease\IMG20250501164712.jpg,Red Rust Disease,5830
C:\Users\Fame IT\Videos\rwn\438\Dataset\Dataset\Red Rust Disease\IMG20250501164714.jpg,Red Rust Disease,5830
C:\Users\Fame IT\Videos\rwn\438\Dataset\Dataset\Red Rust Disease\IMG20250501164716.jpg,Red Rust Disease,5830
C:\Users\Fame IT\Videos\rwn\438\Dataset\Dataset\Red Rust Disease\IMG20250501164718.jpg,Red Rust Disease,5830
C:\Users\Fame IT\Videos\rwn\438\Dataset\Dataset\Red Rust Disease\IMG20250501164719.jpg,Red Rust Disease,5830
C:\Users\Fame IT\Videos\rwn\438\Dataset\Dataset\Red Rust Disease\IMG20250501164724.jpg,Red Rust Disease,5832
C:\Users\Fame IT\Videos\rwn\438\Dataset\Dataset\Red Rust Disease\IMG20250501164726.jpg,Red Rust Disease,5832
C:\Users\Fame IT\Videos\rwn\438\Dataset\Dataset\Red Rust Disease\IMG20250501164727.jpg,Red Rust Disease,5833
C:\Users\Fame IT\Videos\rwn\438\Dataset\Dataset\Red Rust Disease\IMG20250501164728.jpg,Red Rust Disease,5834
C:\Users\Fame IT\Videos\rwn\438\Dataset\Dataset\Red Rust Disease\IMG20250501164729.jpg,Red Rust Disease,5834
C:\Users\Fame IT\Videos\rwn\438\Dataset\Dataset\Red Rust Disease\IMG20250501164731.jpg,Red Rust Disease,5835
C:\Users\Fame IT\Videos\rwn\438\Dataset\Dataset\Red Rust Disease\IMG20250501164732.jpg,Red Rust Disease,5834
C:\Users\Fame IT\Videos\rwn\438\Dataset\Dataset\Red Rust Disease\IMG20250501164740.jpg,Red Rust Disease,5837
C:\Users\Fame IT\Videos\rwn\438\Dataset\Dataset\Red Rust Disease\IMG20250501164741.jpg,Red Rust Disease,5838
C:\Users\Fame IT\Videos\rwn\438\Dataset\Dataset\Red Rust Disease\IMG20250501164743.jpg,Red Rust Disease,5839
C:\Users\Fame IT\Videos\rwn\438\Dataset\Dataset\Red Rust Disease\IMG20250501164744.jpg,Red Rust Disease,5839
C:\Users\Fame IT\Videos\rwn\438\Dataset\Dataset\Red Rust Disease\IMG20250501164745.jpg,Red Rust Disease,5839
C:\Users\Fame IT\Videos\rwn\438\Dataset\Dataset\Red Rust Disease\IMG20250501164747.jpg,Red Rust Disease,5839
C:\Users\Fame IT\Videos\rwn\438\Dataset\Dataset\Red Rust Disease\IMG20250501164748.jpg,Red Rust Disease,5839
C:\Users\Fame IT\Videos\rwn\438\Dataset\Dataset\Red Rust Disease\IMG20250501164749.jpg,Red Rust Disease,5839
C:\Users\Fame IT\Videos\rwn\438\Dataset\Dataset\Red Rust Disease\IMG20250501164751.jpg,Red Rust Disease,5839
C:\Users\Fame IT\Videos\rwn\438\Dataset\Dataset\Red Rust Disease\IMG20250501164756.jpg,Red Rust Disease,5840
C:\Users\Fame IT\Videos\rwn\438\Dataset\Dataset\Red Rust Disease\IMG20250501164759.jpg,Red Rust Disease,5841
C:\Users\Fame IT\Videos\rwn\438\Dataset\Dataset\Red Rust Disease\IMG20250501164800.jpg,Red Rust Disease,5841
C:\Users\Fame IT\Videos\rwn\438\Dataset\Dataset\Red Rust Disease\IMG20250501164801.jpg,Red Rust Disease,5841
C:\Users\Fame IT\Videos\rwn\438\Dataset\Dataset\Red Rust Disease\IMG20250501164803.jpg,Red Rust Disease,5841
C:\Users\Fame IT\Videos\rwn\438\Dataset\Dataset\Red Rust Disease\IMG20250501164805.jpg,Red Rust Disease,5841
C:\Users\Fame IT\Videos\rwn\438\Dataset\Dataset\Red Rust Disease\IMG20250501164813.jpg,Red Rust Disease,5843
C:\Users\Fame IT\Videos\rwn\438\Dataset\Dataset\Red Rust Disease\IMG20250501164815.jpg,Red Rust Disease,5844
C:\Users\Fame IT\Videos\rwn\438\Dataset\Dataset\Red Rust Disease\IMG20250501164818.jpg,Red Rust Disease,5846
C:\Users\Fame IT\Videos\rwn\438\Dataset\Dataset\Red Rust Disease\IMG20250501164819.jpg,Red Rust Disease,5847
C:\Users\Fame IT\Videos\rwn\438\Dataset\Dataset\Red Rust Disease\IMG20250501164820.jpg,Red Rust Disease,5848
C:\Users\Fame IT\Videos\rwn\438\Dataset\Dataset\Red Rust Disease\IMG20250501164822.jpg,Red Rust Disease,5849
C:\Users\Fame IT\Videos\rwn\438\Dataset\Dataset\Red Rust Disease\IMG20250501164828.jpg,Red Rust Disease,5852
C:\Users\Fame IT\Videos\rwn\438\Dataset\Dataset\Red Rust Disease\IMG20250501164829.jpg,Red Rust Disease,5852
C:\Users\Fame IT\Videos\rwn\438\Dataset\Dataset\Red Rust Disease\IMG20250501164831.jpg,Red Rust Disease,5853
C:\Users\Fame IT\Videos\rwn\438\Dataset\Dataset\Red Rust Disease\IMG20250501164833.jpg,Red Rust Disease,5854
C:\Users\Fame IT\Videos\rwn\438\Dataset\Dataset\Red Rust Disease\IMG20250501164848.jpg,Red Rust Disease,5856
C:\Users\Fame IT\Videos\rwn\438\Dataset\Dataset\Red Rust Disease\IMG20250501164849.jpg,Red Rust Disease,5857
C:\Users\Fame IT\Videos\rwn\438\Dataset\Dataset\Red Rust Disease\IMG20250501164850.jpg,Red Rust Disease,5858
C:\Users\Fame IT\Videos\rwn\438\Dataset\Dataset\Red Rust Disease\IMG20250501164852.jpg,Red Rust Disease,5859
C:\Users\Fame IT\Videos\rwn\438\Dataset\Dataset\Red Rust Disease\IMG20250501164854.jpg,Red Rust Disease,5859
C:\Users\Fame IT\Videos\rwn\438\Dataset\Dataset\Red Rust Disease\IMG20250501164856.jpg,Red Rust Disease,5860
C:\Users\Fame IT\Videos\rwn\438\Dataset\Dataset\Red Rust Disease\IMG20250501164901.jpg,Red Rust Disease,5861
C:\Users\Fame IT\Videos\rwn\438\Dataset\Dataset\Red Rust Disease\IMG20250501164906.jpg,Red Rust Disease,5864
C:\Users\Fame IT\Videos\rwn\438\Dataset\Dataset\Red Rust Disease\IMG20250501164910.jpg,Red Rust Disease,5866
C:\Users\Fame IT\Videos\rwn\438\Dataset\Dataset\Red Rust Disease\IMG20250501164915.jpg,Red Rust Disease,5867
C:\Users\Fame IT\Videos\rwn\438\Dataset\Dataset\Red Rust Disease\IMG20250501164918.jpg,Red Rust Disease,5869
C:\Users\Fame IT\Videos\rwn\438\Dataset\Dataset\Red Rust Disease\IMG20250501164919.jpg,Red Rust Disease,5870
C:\Users\Fame IT\Videos\rwn\438\Dataset\Dataset\Red Rust Disease\IMG20250501164920.jpg,Red Rust Disease,5869
C:\Users\Fame IT\Videos\rwn\438\Dataset\Dataset\Red Rust Disease\IMG20250501164922.jpg,Red Rust Disease,5871
C:\Users\Fame IT\Videos\rwn\438\Dataset\Dataset\Red Rust Disease\IMG20250501164923.jpg,Red Rust Disease,5871
C:\Users\Fame IT\Videos\rwn\438\Dataset\Dataset\Red Rust Disease\IMG20250501164925.jpg,Red Rust Disease,5871
C:\Users\Fame IT\Videos\rwn\438\Dataset\Dataset\Red Rust Disease\IMG20250501164928.jpg,Red Rust Disease,5871
C:\Users\Fame IT\Videos\rwn\438\Dataset\Dataset\Red Rust Disease\IMG20250501164929.jpg,Red Rust Disease,5869
C:\Users\Fame IT\Videos\rwn\438\Dataset\Dataset\Red Rust Disease\IMG20250501164931.jpg,Red Rust Disease,5869
C:\Users\Fame IT\Videos\rwn\438\Dataset\Dataset\Red Rust Disease\IMG20250501165003.jpg,Red Rust Disease,5872
C:\Users\Fame IT\Videos\rwn\438\Dataset\Dataset\Red Rust Disease\IMG20250501165005.jpg,Red Rust Disease,5873
C:\Users\Fame IT\Videos\rwn\438\Dataset\Dataset\Red Rust Disease\IMG20250501165006.jpg,Red Rust Disease,5874
C:\Users\Fame IT\Videos\rwn\438\Dataset\Dataset\Red Rust Disease\IMG20250501165008.jpg,Red Rust Disease,5873
C:\Users\Fame IT\Videos\rwn\438\Dataset\Dataset\Red Rust Disease\IMG20250501165010.jpg,Red Rust Disease,5872
C:\Users\Fame IT\Videos\rwn\438\Dataset\Dataset\Red Rust Disease\IMG20250501165014.jpg,Red Rust Disease,5875
C:\Users\Fame IT\Videos\rwn\438\Dataset\Dataset\Red Rust Disease\IMG20250501165016.jpg,Red Rust Disease,5876
C:\Users\Fame IT\Videos\rwn\438\Dataset\Dataset\Red Rust Disease\IMG20250501165020.jpg,Red Rust Disease,5877
C:\Users\Fame IT\Videos\rwn\438\Dataset\Dataset\Red Rust Disease\IMG20250501165022.jpg,Red Rust Disease,5878
C:\Users\Fame IT\Videos\rwn\438\Dataset\Dataset\Red Rust Disease\IMG20250501165023.jpg,Red Rust Disease,5879
C:\Users\Fame IT\Videos\rwn\438\Dataset\Dataset\Red Rust Disease\IMG20250501165026.jpg,Red Rust Disease,5879
C:\Users\Fame IT\Videos\rwn\438\Dataset\Dataset\Red Rust Disease\IMG20250501165031.jpg,Red Rust Disease,5881
C:\Users\Fame IT\Videos\rwn\438\Dataset\Dataset\Red Rust Disease\IMG20250501165032.jpg,Red Rust Disease,5882
C:\Users\Fame IT\Videos\rwn\438\Dataset\Dataset\Red Rust Disease\IMG20250501165034.jpg,Red Rust Disease,5882
C:\Users\Fame IT\Videos\rwn\438\Dataset\Dataset\Red Rust Disease\IMG20250501165039.jpg,Red Rust Disease,5884
C:\Users\Fame IT\Videos\rwn\438\Dataset\Dataset\Red Rust Disease\IMG20250501165040.jpg,Red Rust Disease,5885
C:\Users\Fame IT\Videos\rwn\438\Dataset\Dataset\Red Rust Disease\IMG20250501165042.jpg,Red Rust Disease,5886
C:\Users\Fame IT\Videos\rwn\438\Dataset\Dataset\Red Rust Disease\IMG20250501165043.jpg,Red Rust Disease,5886
C:\Users\Fame IT\Videos\rwn\438\Dataset\Dataset\Red Rust Disease\IMG20250501165045.jpg,Red Rust Disease,5886
C:\Users\Fame IT\Videos\rwn\438\Dataset\Dataset\Red Rust Disease\IMG20250501165050.jpg,Red Rust Disease,5888
C:\Users\Fame IT\Videos\rwn\438\Dataset\Dataset\Red Rust Disease\IMG20250501165051.jpg,Red Rust Disease,5889
C:\Users\Fame IT\Videos\rwn\438\Dataset\Dataset\Red Rust Disease\IMG20250501165052.jpg,Red Rust Disease,5889
C:\Users\Fame IT\Videos\rwn\438\Dataset\Dataset\Red Rust Disease\IMG20250501165054.jpg,Red Rust Disease,5890
C:\Users\Fame IT\Videos\rwn\438\Dataset\Dataset\Red Rust Disease\IMG20250501165057.jpg,Red Rust Disease,5891
C:\Users\Fame IT\Videos\rwn\438\Dataset\Dataset\Red Rust Disease\IMG20250501165104.jpg,Red Rust Disease,5894
C:\Users\Fame IT\Videos\rwn\438\Dataset\Dataset\Red Rust Disease\IMG20250501165105.jpg,Red Rust Disease,5894
C:\Users\Fame IT\Videos\rwn\438\Dataset\Dataset\Red Rust Disease\IMG20250501165106.jpg,Red Rust Disease,5894
C:\Users\Fame IT\Videos\rwn\438\Dataset\Dataset\Red Rust Disease\IMG20250501165112.jpg,Red Rust Disease,5896
C:\Users\Fame IT\Videos\rwn\438\Dataset\Dataset\Red Rust Disease\IMG20250501165117.jpg,Red Rust Disease,5898
C:\Users\Fame IT\Videos\rwn\438\Dataset\Dataset\Red Rust Disease\IMG20250501165118.jpg,Red Rust Disease,5898
C:\Users\Fame IT\Videos\rwn\438\Dataset\Dataset\Red Rust Disease\IMG20250501165120.jpg,Red Rust Disease,5899
C:\Users\Fame IT\Videos\rwn\438\Dataset\Dataset\Red Rust Disease\IMG20250501165122.jpg,Red Rust Disease,5900
C:\Users\Fame IT\Videos\rwn\438\Dataset\Dataset\Red Rust Disease\IMG20250501165127.jpg,Red Rust Disease,5902
C:\Users\Fame IT\Videos\rwn\438\Dataset\Dataset\Red Rust Disease\IMG20250501165129.jpg,Red Rust Disease,5903
C:\Users\Fame IT\Videos\rwn\438\Dataset\Dataset\Red Rust Disease\IMG20250501165131.jpg,Red Rust Disease,5903
C:\Users\Fame IT\Videos\rwn\438\Dataset\Dataset\Red Rust Disease\IMG20250501165132.jpg,Red Rust Disease,5903
C:\Users\Fame IT\Videos\rwn\438\Dataset\Dataset\Red Rust Disease\IMG20250501165134.jpg,Red Rust Disease,5904
C:\Users\Fame IT\Videos\rwn\438\Dataset\Dataset\Red Rust Disease\IMG20250501165140.jpg,Red Rust Disease,5906
C:\Users\Fame IT\Videos\rwn\438\Dataset\Dataset\Red Rust Disease\IMG20250501165142.jpg,Red Rust Disease,5907
C:\Users\Fame IT\Videos\rwn\438\Dataset\Dataset\Red Rust Disease\IMG20250501165143.jpg,Red Rust Disease,5907
C:\Users\Fame IT\Videos\rwn\438\Dataset\Dataset\Red Rust Disease\IMG20250501165145.jpg,Red Rust Disease,5907
C:\Users\Fame IT\Videos\rwn\438\Dataset\Dataset\Red Rust Disease\IMG20250501165147.jpg,Red Rust Disease,5908
C:\Users\Fame IT\Videos\rwn\438\Dataset\Dataset\Red Rust Disease\IMG20250501165157.jpg,Red Rust Disease,5911
C:\Users\Fame IT\Videos\rwn\438\Dataset\Dataset\Red Rust Disease\IMG20250501165159.jpg,Red Rust Disease,5912
C:\Users\Fame IT\Videos\rwn\438\Dataset\Dataset\Red Rust Disease\IMG20250501165200.jpg,Red Rust Disease,5913
C:\Users\Fame IT\Videos\rwn\438\Dataset\Dataset\Red Rust Disease\IMG20250501165202.jpg,Red Rust Disease,5914
C:\Users\Fame IT\Videos\rwn\438\Dataset\Dataset\Red Rust Disease\IMG20250501165207.jpg,Red Rust Disease,5915
C:\Users\Fame IT\Videos\rwn\438\Dataset\Dataset\Red Rust Disease\IMG20250501165209.jpg,Red Rust Disease,5916
C:\Users\Fame IT\Videos\rwn\438\Dataset\Dataset\Red Rust Disease\IMG20250501165211.jpg,Red Rust Disease,5917
C:\Users\Fame IT\Videos\rwn\438\Dataset\Dataset\Red Rust Disease\IMG20250501165215.jpg,Red Rust Disease,5919
C:\Users\Fame IT\Videos\rwn\438\Dataset\Dataset\Red Rust Disease\IMG20250501165220.jpg,Red Rust Disease,5919
C:\Users\Fame IT\Videos\rwn\438\Dataset\Dataset\Red Rust Disease\IMG20250501165224.jpg,Red Rust Disease,5922
C:\Users\Fame IT\Videos\rwn\438\Dataset\Dataset\Red Rust Disease\IMG20250501165230.jpg,Red Rust Disease,5924
C:\Users\Fame IT\Videos\rwn\438\Dataset\Dataset\Red Rust Disease\IMG20250501165234.jpg,Red Rust Disease,5926
C:\Users\Fame IT\Videos\rwn\438\Dataset\Dataset\Red Rust Disease\IMG20250501165235.jpg,Red Rust Disease,5927
C:\Users\Fame IT\Videos\rwn\438\Dataset\Dataset\Red Rust Disease\IMG20250501165242.jpg,Red Rust Disease,5928
C:\Users\Fame IT\Videos\rwn\438\Dataset\Dataset\Red Rust Disease\IMG20250501165244.jpg,Red Rust Disease,5929
C:\Users\Fame IT\Videos\rwn\438\Dataset\Dataset\Red Rust Disease\IMG20250501165245.jpg,Red Rust Disease,5930
C:\Users\Fame IT\Videos\rwn\438\Dataset\Dataset\Red Rust Disease\IMG20250501165246.jpg,Red Rust Disease,5930
C:\Users\Fame IT\Videos\rwn\438\Dataset\Dataset\Red Rust Disease\IMG20250501165248.jpg,Red Rust Disease,5931
C:\Users\Fame IT\Videos\rwn\438\Dataset\Dataset\Red Rust Disease\IMG20250501165317.jpg,Red Rust Disease,5932
C:\Users\Fame IT\Videos\rwn\438\Dataset\Dataset\Red Rust Disease\IMG20250501165320.jpg,Red Rust Disease,5933
C:\Users\Fame IT\Videos\rwn\438\Dataset\Dataset\Red Rust Disease\IMG20250501165322.jpg,Red Rust Disease,5934
C:\Users\Fame IT\Videos\rwn\438\Dataset\Dataset\Red Rust Disease\IMG20250501165324.jpg,Red Rust Disease,5934
C:\Users\Fame IT\Videos\rwn\438\Dataset\Dataset\Red Rust Disease\IMG20250501165330.jpg,Red Rust Disease,5936
C:\Users\Fame IT\Videos\rwn\438\Dataset\Dataset\Red Rust Disease\IMG20250501165331.jpg,Red Rust Disease,5937
C:\Users\Fame IT\Videos\rwn\438\Dataset\Dataset\Red Rust Disease\IMG20250501165333.jpg,Red Rust Disease,5938
C:\Users\Fame IT\Videos\rwn\438\Dataset\Dataset\Red Rust Disease\IMG20250501165335.jpg,Red Rust Disease,5938
C:\Users\Fame IT\Videos\rwn\438\Dataset\Dataset\Red Rust Disease\IMG20250501165336.jpg,Red Rust Disease,5939
C:\Users\Fame IT\Videos\rwn\438\Dataset\Dataset\Red Rust Disease\IMG20250501165338.jpg,Red Rust Disease,5938
C:\Users\Fame IT\Videos\rwn\438\Dataset\Dataset\Red Rust Disease\IMG20250501165340.jpg,Red Rust Disease,5938
C:\Users\Fame IT\Videos\rwn\438\Dataset\Dataset\Red Rust Disease\IMG20250501165356.jpg,Red Rust Disease,5941
C:\Users\Fame IT\Videos\rwn\438\Dataset\Dataset\Red Rust Disease\IMG20250501165358.jpg,Red Rust Disease,5942
C:\Users\Fame IT\Videos\rwn\438\Dataset\Dataset\Red Rust Disease\IMG20250501165359.jpg,Red Rust Disease,5942
C:\Users\Fame IT\Videos\rwn\438\Dataset\Dataset\Red Rust Disease\IMG20250501165401.jpg,Red Rust Disease,5943
C:\Users\Fame IT\Videos\rwn\438\Dataset\Dataset\Red Rust Disease\IMG20250501165402.jpg,Red Rust Disease,5944
C:\Users\Fame IT\Videos\rwn\438\Dataset\Dataset\Red Rust Disease\IMG20250501165406.jpg,Red Rust Disease,5945
C:\Users\Fame IT\Videos\rwn\438\Dataset\Dataset\Red Rust Disease\IMG20250501165416.jpg,Red Rust Disease,5949
C:\Users\Fame IT\Videos\rwn\438\Dataset\Dataset\Red Rust Disease\IMG20250501165417.jpg,Red Rust Disease,5950
C:\Users\Fame IT\Videos\rwn\438\Dataset\Dataset\Red Rust Disease\IMG20250501165432.jpg,Red Rust Disease,5953
C:\Users\Fame IT\Videos\rwn\438\Dataset\Dataset\Red Rust Disease\IMG20250501165434.jpg,Red Rust Disease,5954
C:\Users\Fame IT\Videos\rwn\438\Dataset\Dataset\Red Rust Disease\IMG20250501165435.jpg,Red Rust Disease,5954
C:\Users\Fame IT\Videos\rwn\438\Dataset\Dataset\Red Rust Disease\IMG20250501165437.jpg,Red Rust Disease,5954
C:\Users\Fame IT\Videos\rwn\438\Dataset\Dataset\Red Rust Disease\IMG20250501165441.jpg,Red Rust Disease,5955
C:\Users\Fame IT\Videos\rwn\438\Dataset\Dataset\Red Rust Disease\IMG20250501165443.jpg,Red Rust Disease,5956
C:\Users\Fame IT\Videos\rwn\438\Dataset\Dataset\Red Rust Disease\IMG20250501165444.jpg,Red Rust Disease,5955
C:\Users\Fame IT\Videos\rwn\438\Dataset\Dataset\Red Rust Disease\IMG20250501165446.jpg,Red Rust Disease,5955
C:\Users\Fame IT\Videos\rwn\438\Dataset\Dataset\Red Rust Disease\IMG20250501165447.jpg,Red Rust Disease,5955
C:\Users\Fame IT\Videos\rwn\438\Dataset\Dataset\Red Rust Disease\IMG20250501165450.jpg,Red Rust Disease,5955
C:\Users\Fame IT\Videos\rwn\438\Dataset\Dataset\Red Rust Disease\IMG20250501165452.jpg,Red Rust Disease,5955
C:\Users\Fame IT\Videos\rwn\438\Dataset\Dataset\Red Rust Disease\IMG20250501165454.jpg,Red Rust Disease,5955
C:\Users\Fame IT\Videos\rwn\438\Dataset\Dataset\Red Rust Disease\IMG20250501165455.jpg,Red Rust Disease,5957
C:\Users\Fame IT\Videos\rwn\438\Dataset\Dataset\Red Rust Disease\IMG20250501165500.jpg,Red Rust Disease,5958
C:\Users\Fame IT\Videos\rwn\438\Dataset\Dataset\Red Rust Disease\IMG20250501165502.jpg,Red Rust Disease,5959
C:\Users\Fame IT\Videos\rwn\438\Dataset\Dataset\Red Rust Disease\IMG20250501165503.jpg,Red Rust Disease,5959
C:\Users\Fame IT\Videos\rwn\438\Dataset\Dataset\Red Rust Disease\IMG20250501165505.jpg,Red Rust Disease,5959
C:\Users\Fame IT\Videos\rwn\438\Dataset\Dataset\Red Rust Disease\IMG20250501165516.jpg,Red Rust Disease,5962
C:\Users\Fame IT\Videos\rwn\438\Dataset\Dataset\Red Rust Disease\IMG20250501165520.jpg,Red Rust Disease,5963
C:\Users\Fame IT\Videos\rwn\438\Dataset\Dataset\Red Rust Disease\IMG20250501165521.jpg,Red Rust Disease,5964
C:\Users\Fame IT\Videos\rwn\438\Dataset\Dataset\Red Rust Disease\IMG20250501165522.jpg,Red Rust Disease,5964
C:\Users\Fame IT\Videos\rwn\438\Dataset\Dataset\Red Rust Disease\IMG20250501165524.jpg,Red Rust Disease,5965
C:\Users\Fame IT\Videos\rwn\438\Dataset\Dataset\Red Rust Disease\IMG20250603172726.jpg,Red Rust Disease,5967
C:\Users\Fame IT\Videos\rwn\438\Dataset\Dataset\Red Rust Disease\IMG20250603172730.jpg,Red Rust Disease,5968
C:\Users\Fame IT\Videos\rwn\438\Dataset\Dataset\Red Rust Disease\IMG20250603172936.jpg,Red Rust Disease,5971
C:\Users\Fame IT\Videos\rwn\438\Dataset\Dataset\Red Rust Disease\IMG20250603172940.jpg,Red Rust Disease,5972
C:\Users\Fame IT\Videos\rwn\438\Dataset\Dataset\Red Rust Disease\IMG20250603172943.jpg,Red Rust Disease,5973
C:\Users\Fame IT\Videos\rwn\438\Dataset\Dataset\Red Rust Disease\IMG20250603172946.jpg,Red Rust Disease,5974
C:\Users\Fame IT\Videos\rwn\438\Dataset\Dataset\Red Rust Disease\IMG20250603172950.jpg,Red Rust Disease,5975
C:\Users\Fame IT\Videos\rwn\438\Dataset\Dataset\Red Rust Disease\IMG20250603173059.jpg,Red Rust Disease,5983
C:\Users\Fame IT\Videos\rwn\438\Dataset\Dataset\Red Rust Disease\IMG20250603173102.jpg,Red Rust Disease,5984
C:\Users\Fame IT\Videos\rwn\438\Dataset\Dataset\Red Rust Disease\IMG20250603173105.jpg,Red Rust Disease,5985
C:\Users\Fame IT\Videos\rwn\438\Dataset\Dataset\Red Rust Disease\IMG20250603173109.jpg,Red Rust Disease,5986
C:\Users\Fame IT\Videos\rwn\438\Dataset\Dataset\Red Rust Disease\IMG20250603173112.jpg,Red Rust Disease,5987
C:\Users\Fame IT\Videos\rwn\438\Dataset\Dataset\Red Rust Disease\IMG20250603173116.jpg,Red Rust Disease,5988
C:\Users\Fame IT\Videos\rwn\438\Dataset\Dataset\Red Rust Disease\IMG20250603173125.jpg,Red Rust Disease,5989
C:\Users\Fame IT\Videos\rwn\438\Dataset\Dataset\Red Rust Disease\IMG20250603173134.jpg,Red Rust Disease,5991
C:\Users\Fame IT\Videos\rwn\438\Dataset\Dataset\Red Rust Disease\IMG20250603173137.jpg,Red Rust Disease,5992
C:\Users\Fame IT\Videos\rwn\438\Dataset\Dataset\Red Rust Disease\IMG20250603173140.jpg,Red Rust Disease,5993
C:\Users\Fame IT\Videos\rwn\438\Dataset\Dataset\Red Rust Disease\IMG20250603173146.jpg,Red Rust Disease,5995
C:\Users\Fame IT\Videos\rwn\438\Dataset\Dataset\Red Rust Disease\IMG20250603173154.jpg,Red Rust Disease,5996
C:\Users\Fame IT\Videos\rwn\438\Dataset\Dataset\Red Rust Disease\IMG20250603173158.jpg,Red Rust Disease,5997
C:\Users\Fame IT\Videos\rwn\438\Dataset\Dataset\Red Rust Disease\IMG20250603173201.jpg,Red Rust Disease,5998
C:\Users\Fame IT\Videos\rwn\438\Dataset\Dataset\Red Rust Disease\IMG20250603173205.jpg,Red Rust Disease,5999
C:\Users\Fame IT\Videos\rwn\438\Dataset\Dataset\Red Rust Disease\IMG20250603173212.jpg,Red Rust Disease,6001
C:\Users\Fame IT\Videos\rwn\438\Dataset\Dataset\Red Rust Disease\IMG20250603173215.jpg,Red Rust Disease,6002
C:\Users\Fame IT\Videos\rwn\438\Dataset\Dataset\Red Rust Disease\IMG20250603173222.jpg,Red Rust Disease,6003
C:\Users\Fame IT\Videos\rwn\438\Dataset\Dataset\Red Rust Disease\IMG20250603173226.jpg,Red Rust Disease,6004
C:\Users\Fame IT\Videos\rwn\438\Dataset\Dataset\Red Rust Disease\IMG20250603173233.jpg,Red Rust Disease,6006
C:\Users\Fame IT\Videos\rwn\438\Dataset\Dataset\Red Rust Disease\IMG20250603173248.jpg,Red Rust Disease,6008
C:\Users\Fame IT\Videos\rwn\438\Dataset\Dataset\Red Rust Disease\IMG20250603173252.jpg,Red Rust Disease,6009
C:\Users\Fame IT\Videos\rwn\438\Dataset\Dataset\Red Rust Disease\IMG20250603173318.jpg,Red Rust Disease,6012
C:\Users\Fame IT\Videos\rwn\438\Dataset\Dataset\Red Rust Disease\IMG20250603173320.jpg,Red Rust Disease,6013
C:\Users\Fame IT\Videos\rwn\438\Dataset\Dataset\Red Rust Disease\IMG20250603173324.jpg,Red Rust Disease,6014
C:\Users\Fame IT\Videos\rwn\438\Dataset\Dataset\Red Rust Disease\IMG20250603173327.jpg,Red Rust Disease,6015
C:\Users\Fame IT\Videos\rwn\438\Dataset\Dataset\Red Rust Disease\IMG20250603173330.jpg,Red Rust Disease,6016
C:\Users\Fame IT\Videos\rwn\438\Dataset\Dataset\Red Rust Disease\IMG20250603173336.jpg,Red Rust Disease,6018
C:\Users\Fame IT\Videos\rwn\438\Dataset\Dataset\Red Rust Disease\IMG20250603173341.jpg,Red Rust Disease,6019
C:\Users\Fame IT\Videos\rwn\438\Dataset\Dataset\Red Rust Disease\IMG20250603173352.jpg,Red Rust Disease,6022
C:\Users\Fame IT\Videos\rwn\438\Dataset\Dataset\Red Rust Disease\IMG20250603173355.jpg,Red Rust Disease,6023
C:\Users\Fame IT\Videos\rwn\438\Dataset\Dataset\Red Rust Disease\IMG20250603173359.jpg,Red Rust Disease,6024
C:\Users\Fame IT\Videos\rwn\438\Dataset\Dataset\Red Rust Disease\IMG20250603173409.jpg,Red Rust Disease,6026
C:\Users\Fame IT\Videos\rwn\438\Dataset\Dataset\Red Rust Disease\IMG20250603173412.jpg,Red Rust Disease,6027
C:\Users\Fame IT\Videos\rwn\438\Dataset\Dataset\Red Rust Disease\IMG20250603173430.jpg,Red Rust Disease,6030
C:\Users\Fame IT\Videos\rwn\438\Dataset\Dataset\Red Rust Disease\IMG20250603173433.jpg,Red Rust Disease,6031
C:\Users\Fame IT\Videos\rwn\438\Dataset\Dataset\Red Rust Disease\IMG20250603173440.jpg,Red Rust Disease,6033
C:\Users\Fame IT\Videos\rwn\438\Dataset\Dataset\Red Rust Disease\IMG20250603173453.jpg,Red Rust Disease,6034
C:\Users\Fame IT\Videos\rwn\438\Dataset\Dataset\Red Rust Disease\IMG20250603173459.jpg,Red Rust Disease,6036
C:\Users\Fame IT\Videos\rwn\438\Dataset\Dataset\Red Rust Disease\IMG20250603173502.jpg,Red Rust Disease,6037
C:\Users\Fame IT\Videos\rwn\438\Dataset\Dataset\Red Rust Disease\IMG20250603173505.jpg,Red Rust Disease,6038
C:\Users\Fame IT\Videos\rwn\438\Dataset\Dataset\Red Rust Disease\IMG20250603173513.jpg,Red Rust Disease,6039
C:\Users\Fame IT\Videos\rwn\438\Dataset\Dataset\Red Rust Disease\IMG20250603173516.jpg,Red Rust Disease,6040
C:\Users\Fame IT\Videos\rwn\438\Dataset\Dataset\Red Rust Disease\IMG20250603173519.jpg,Red Rust Disease,6041
C:\Users\Fame IT\Videos\rwn\438\Dataset\Dataset\Red Rust Disease\IMG20250603173529.jpg,Red Rust Disease,6044
C:\Users\Fame IT\Videos\rwn\438\Dataset\Dataset\Red Rust Disease\IMG20250603173532.jpg,Red Rust Disease,6045
C:\Users\Fame IT\Videos\rwn\438\Dataset\Dataset\Red Rust Disease\IMG20250603173536.jpg,Red Rust Disease,6046
C:\Users\Fame IT\Videos\rwn\438\Dataset\Dataset\Red Rust Disease\IMG20250603173540.jpg,Red Rust Disease,6047
C:\Users\Fame IT\Videos\rwn\438\Dataset\Dataset\Red Rust Disease\IMG20250603173543.jpg,Red Rust Disease,6048
C:\Users\Fame IT\Videos\rwn\438\Dataset\Dataset\Red Rust Disease\IMG20250603173547.jpg,Red Rust Disease,6049
C:\Users\Fame IT\Videos\rwn\438\Dataset\Dataset\Red Rust Disease\IMG20250603173550.jpg,Red Rust Disease,6050
C:\Users\Fame IT\Videos\rwn\438\Dataset\Dataset\Red Rust Disease\IMG20250603173602.jpg,Red Rust Disease,6052
C:\Users\Fame IT\Videos\rwn\438\Dataset\Dataset\Red Rust Disease\IMG20250603173605.jpg,Red Rust Disease,6053
C:\Users\Fame IT\Videos\rwn\438\Dataset\Dataset\Red Rust Disease\IMG20250603173611.jpg,Red Rust Disease,6055
C:\Users\Fame IT\Videos\rwn\438\Dataset\Dataset\Red Rust Disease\IMG20250603173615.jpg,Red Rust Disease,6056
C:\Users\Fame IT\Videos\rwn\438\Dataset\Dataset\Red Rust Disease\IMG20250603173630.jpg,Red Rust Disease,6058
C:\Users\Fame IT\Videos\rwn\438\Dataset\Dataset\Red Rust Disease\IMG20250603173633.jpg,Red Rust Disease,6059
C:\Users\Fame IT\Videos\rwn\438\Dataset\Dataset\Red Rust Disease\IMG20250603173643.jpg,Red Rust Disease,6061
C:\Users\Fame IT\Videos\rwn\438\Dataset\Dataset\Red Rust Disease\IMG20250603173647.jpg,Red Rust Disease,6062
C:\Users\Fame IT\Videos\rwn\438\Dataset\Dataset\Red Rust Disease\IMG20250603173711.jpg,Red Rust Disease,6065
C:\Users\Fame IT\Videos\rwn\438\Dataset\Dataset\Red Rust Disease\IMG20250603173714.jpg,Red Rust Disease,6066
C:\Users\Fame IT\Videos\rwn\438\Dataset\Dataset\Red Rust Disease\IMG20250603173717.jpg,Red Rust Disease,6067
C:\Users\Fame IT\Videos\rwn\438\Dataset\Dataset\Red Rust Disease\IMG20250603173719.jpg,Red Rust Disease,6068
C:\Users\Fame IT\Videos\rwn\438\Dataset\Dataset\Red Rust Disease\IMG20250603173724.jpg,Red Rust Disease,6069
C:\Users\Fame IT\Videos\rwn\438\Dataset\Dataset\Red Rust Disease\IMG20250603173728.jpg,Red Rust Disease,6070
C:\Users\Fame IT\Videos\rwn\438\Dataset\Dataset\Red Rust Disease\IMG20250603173731.jpg,Red Rust Disease,6071
C:\Users\Fame IT\Videos\rwn\438\Dataset\Dataset\Red Rust Disease\IMG20250603173747.jpg,Red Rust Disease,6075
C:\Users\Fame IT\Videos\rwn\438\Dataset\Dataset\Red Rust Disease\IMG20250603173750.jpg,Red Rust Disease,6076
C:\Users\Fame IT\Videos\rwn\438\Dataset\Dataset\Red Rust Disease\IMG20250603173753.jpg,Red Rust Disease,6077
C:\Users\Fame IT\Videos\rwn\438\Dataset\Dataset\Red Rust Disease\IMG20250603173756.jpg,Red Rust Disease,6078
C:\Users\Fame IT\Videos\rwn\438\Dataset\Dataset\Red Rust Disease\IMG20250603173805.jpg,Red Rust Disease,6080
C:\Users\Fame IT\Videos\rwn\438\Dataset\Dataset\Red Rust Disease\IMG20250603173810.jpg,Red Rust Disease,6081
C:\Users\Fame IT\Videos\rwn\438\Dataset\Dataset\Red Rust Disease\IMG20250603173812.jpg,Red Rust Disease,6082
C:\Users\Fame IT\Videos\rwn\438\Dataset\Dataset\Red Rust Disease\IMG20250603173817.jpg,Red Rust Disease,6083
C:\Users\Fame IT\Videos\rwn\438\Dataset\Dataset\Red Rust Disease\IMG20250603173820.jpg,Red Rust Disease,6084
C:\Users\Fame IT\Videos\rwn\438\Dataset\Dataset\Red Rust Disease\IMG20250603173828.jpg,Red Rust Disease,6085
C:\Users\Fame IT\Videos\rwn\438\Dataset\Dataset\Red Rust Disease\IMG20250603173845.jpg,Red Rust Disease,6089
C:\Users\Fame IT\Videos\rwn\438\Dataset\Dataset\Red Rust Disease\IMG20250603173848.jpg,Red Rust Disease,6090
C:\Users\Fame IT\Videos\rwn\438\Dataset\Dataset\Red Rust Disease\IMG20250603173854.jpg,Red Rust Disease,6092
C:\Users\Fame IT\Videos\rwn\438\Dataset\Dataset\Red Rust Disease\IMG20250603173907.jpg,Red Rust Disease,6095
C:\Users\Fame IT\Videos\rwn\438\Dataset\Dataset\Red Rust Disease\IMG20250603173911.jpg,Red Rust Disease,6096
C:\Users\Fame IT\Videos\rwn\438\Dataset\Dataset\Red Rust Disease\IMG20250603173918.jpg,Red Rust Disease,6097
C:\Users\Fame IT\Videos\rwn\438\Dataset\Dataset\Red Rust Disease\IMG20250603173922.jpg,Red Rust Disease,6098
C:\Users\Fame IT\Videos\rwn\438\Dataset\Dataset\Red Rust Disease\IMG20250603173928.jpg,Red Rust Disease,6100
C:\Users\Fame IT\Videos\rwn\438\Dataset\Dataset\Red Rust Disease\IMG20250603173931.jpg,Red Rust Disease,6101
C:\Users\Fame IT\Videos\rwn\438\Dataset\Dataset\Red Rust Disease\IMG20250603173940.jpg,Red Rust Disease,6102
C:\Users\Fame IT\Videos\rwn\438\Dataset\Dataset\Red Rust Disease\IMG20250603173943.jpg,Red Rust Disease,6103
C:\Users\Fame IT\Videos\rwn\438\Dataset\Dataset\Red Rust Disease\IMG20250603173950.jpg,Red Rust Disease,6105
C:\Users\Fame IT\Videos\rwn\438\Dataset\Dataset\Red Rust Disease\IMG20250603173953.jpg,Red Rust Disease,6106
C:\Users\Fame IT\Videos\rwn\438\Dataset\Dataset\Red Rust Disease\IMG20250603173956.jpg,Red Rust Disease,6107
C:\Users\Fame IT\Videos\rwn\438\Dataset\Dataset\Red Rust Disease\IMG20250603174006.jpg,Red Rust Disease,6108
C:\Users\Fame IT\Videos\rwn\438\Dataset\Dataset\Red Rust Disease\IMG20250603174010.jpg,Red Rust Disease,6109
C:\Users\Fame IT\Videos\rwn\438\Dataset\Dataset\Red Rust Disease\IMG20250603174020.jpg,Red Rust Disease,6112
C:\Users\Fame IT\Videos\rwn\438\Dataset\Dataset\Red Rust Disease\IMG20250603174030.jpg,Red Rust Disease,6113
C:\Users\Fame IT\Videos\rwn\438\Dataset\Dataset\Red Rust Disease\IMG20250603174036.jpg,Red Rust Disease,6115
C:\Users\Fame IT\Videos\rwn\438\Dataset\Dataset\Red Rust Disease\IMG20250603174039.jpg,Red Rust Disease,6116
C:\Users\Fame IT\Videos\rwn\438\Dataset\Dataset\White Spot\IMG20250531145203.jpg,White Spot,6118
C:\Users\Fame IT\Videos\rwn\438\Dataset\Dataset\White Spot\IMG20250531145209.jpg,White Spot,6119
C:\Users\Fame IT\Videos\rwn\438\Dataset\Dataset\White Spot\IMG20250531145214.jpg,White Spot,6120
C:\Users\Fame IT\Videos\rwn\438\Dataset\Dataset\White Spot\IMG20250531145218.jpg,White Spot,6121
C:\Users\Fame IT\Videos\rwn\438\Dataset\Dataset\White Spot\IMG20250531145235.jpg,White Spot,6124
C:\Users\Fame IT\Videos\rwn\438\Dataset\Dataset\White Spot\IMG20250531145329.jpg,White Spot,6126
C:\Users\Fame IT\Videos\rwn\438\Dataset\Dataset\White Spot\IMG20250531145333.jpg,White Spot,6127
C:\Users\Fame IT\Videos\rwn\438\Dataset\Dataset\White Spot\IMG20250531145343.jpg,White Spot,6129
C:\Users\Fame IT\Videos\rwn\438\Dataset\Dataset\White Spot\IMG20250531145352.jpg,White Spot,6131
C:\Users\Fame IT\Videos\rwn\438\Dataset\Dataset\White Spot\IMG20250531145404.jpg,White Spot,6133
C:\Users\Fame IT\Videos\rwn\438\Dataset\Dataset\White Spot\IMG20250531145415.jpg,White Spot,6134
C:\Users\Fame IT\Videos\rwn\438\Dataset\Dataset\White Spot\IMG20250531145500.jpg,White Spot,6135
C:\Users\Fame IT\Videos\rwn\438\Dataset\Dataset\White Spot\IMG20250531145506.jpg,White Spot,6136
C:\Users\Fame IT\Videos\rwn\438\Dataset\Dataset\White Spot\IMG20250531145510.jpg,White Spot,6137
C:\Users\Fame IT\Videos\rwn\438\Dataset\Dataset\White Spot\IMG20250531145523.jpg,White Spot,6139
C:\Users\Fame IT\Videos\rwn\438\Dataset\Dataset\White Spot\IMG20250531145527.jpg,White Spot,6140
C:\Users\Fame IT\Videos\rwn\438\Dataset\Dataset\White Spot\IMG20250531145538.jpg,White Spot,6143
C:\Users\Fame IT\Videos\rwn\438\Dataset\Dataset\White Spot\IMG20250531145617.jpg,White Spot,6144
C:\Users\Fame IT\Videos\rwn\438\Dataset\Dataset\White Spot\IMG20250531145622.jpg,White Spot,6145
C:\Users\Fame IT\Videos\rwn\438\Dataset\Dataset\White Spot\IMG20250531145633.jpg,White Spot,6147
C:\Users\Fame IT\Videos\rwn\438\Dataset\Dataset\White Spot\IMG20250531145640.jpg,White Spot,6148
C:\Users\Fame IT\Videos\rwn\438\Dataset\Dataset\White Spot\IMG20250531145645.jpg,White Spot,6149
C:\Users\Fame IT\Videos\rwn\438\Dataset\Dataset\White Spot\IMG20250531145701.jpg,White Spot,6152
C:\Users\Fame IT\Videos\rwn\438\Dataset\Dataset\White Spot\IMG20250531145907.jpg,White Spot,6154
C:\Users\Fame IT\Videos\rwn\438\Dataset\Dataset\White Spot\IMG20250531145915.jpg,White Spot,6155
C:\Users\Fame IT\Videos\rwn\438\Dataset\Dataset\White Spot\IMG20250531145921.jpg,White Spot,6156
C:\Users\Fame IT\Videos\rwn\438\Dataset\Dataset\White Spot\IMG20250531145926.jpg,White Spot,6157
C:\Users\Fame IT\Videos\rwn\438\Dataset\Dataset\White Spot\IMG20250531145929.jpg,White Spot,6158
C:\Users\Fame IT\Videos\rwn\438\Dataset\Dataset\White Spot\IMG20250531145945.jpg,White Spot,6159
C:\Users\Fame IT\Videos\rwn\438\Dataset\Dataset\White Spot\IMG20250531145950.jpg,White Spot,6160
C:\Users\Fame IT\Videos\rwn\438\Dataset\Dataset\White Spot\IMG20250531145955.jpg,White Spot,6161
C:\Users\Fame IT\Videos\rwn\438\Dataset\Dataset\White Spot\IMG20250531150028.jpg,White Spot,6162
C:\Users\Fame IT\Videos\rwn\438\Dataset\Dataset\White Spot\IMG20250531150031.jpg,White Spot,6163
C:\Users\Fame IT\Videos\rwn\438\Dataset\Dataset\White Spot\IMG20250531150036.jpg,White Spot,6164
C:\Users\Fame IT\Videos\rwn\438\Dataset\Dataset\White Spot\IMG20250531150041.jpg,White Spot,6165
C:\Users\Fame IT\Videos\rwn\438\Dataset\Dataset\White Spot\IMG20250531150051.jpg,White Spot,6167
C:\Users\Fame IT\Videos\rwn\438\Dataset\Dataset\White Spot\IMG20250531150054.jpg,White Spot,6168
C:\Users\Fame IT\Videos\rwn\438\Dataset\Dataset\White Spot\IMG20250531150059.jpg,White Spot,6169
C:\Users\Fame IT\Videos\rwn\438\Dataset\Dataset\White Spot\IMG20250531150105.jpg,White Spot,6170
C:\Users\Fame IT\Videos\rwn\438\Dataset\Dataset\White Spot\IMG20250531150119.jpg,White Spot,6171
C:\Users\Fame IT\Videos\rwn\438\Dataset\Dataset\White Spot\IMG20250531150134.jpg,White Spot,6174
C:\Users\Fame IT\Videos\rwn\438\Dataset\Dataset\White Spot\IMG20250531150139.jpg,White Spot,6175
C:\Users\Fame IT\Videos\rwn\438\Dataset\Dataset\White Spot\IMG20250531150145.jpg,White Spot,6176
C:\Users\Fame IT\Videos\rwn\438\Dataset\Dataset\White Spot\IMG20250531150150.jpg,White Spot,6177
C:\Users\Fame IT\Videos\rwn\438\Dataset\Dataset\White Spot\IMG20250531150154.jpg,White Spot,6178
C:\Users\Fame IT\Videos\rwn\438\Dataset\Dataset\White Spot\IMG20250531150321.jpg,White Spot,6183
C:\Users\Fame IT\Videos\rwn\438\Dataset\Dataset\White Spot\IMG20250531150328.jpg,White Spot,6185
C:\Users\Fame IT\Videos\rwn\438\Dataset\Dataset\White Spot\IMG20250531150333.jpg,White Spot,6186
C:\Users\Fame IT\Videos\rwn\438\Dataset\Dataset\White Spot\IMG20250531150341.jpg,White Spot,6188
C:\Users\Fame IT\Videos\rwn\438\Dataset\Dataset\White Spot\IMG20250531150351.jpg,White Spot,6189
C:\Users\Fame IT\Videos\rwn\438\Dataset\Dataset\White Spot\IMG20250531150355.jpg,White Spot,6190
C:\Users\Fame IT\Videos\rwn\438\Dataset\Dataset\White Spot\IMG20250531150359.jpg,White Spot,6191
C:\Users\Fame IT\Videos\rwn\438\Dataset\Dataset\White Spot\IMG20250531150437.jpg,White Spot,6194
C:\Users\Fame IT\Videos\rwn\438\Dataset\Dataset\White Spot\IMG20250531150441.jpg,White Spot,6195
C:\Users\Fame IT\Videos\rwn\438\Dataset\Dataset\White Spot\IMG20250531150446.jpg,White Spot,6196
C:\Users\Fame IT\Videos\rwn\438\Dataset\Dataset\White Spot\IMG20250531150449.jpg,White Spot,6197
C:\Users\Fame IT\Videos\rwn\438\Dataset\Dataset\White Spot\IMG20250531150455.jpg,White Spot,6198
C:\Users\Fame IT\Videos\rwn\438\Dataset\Dataset\White Spot\IMG20250531150502.jpg,White Spot,6199
C:\Users\Fame IT\Videos\rwn\438\Dataset\Dataset\White Spot\IMG20250531150526.jpg,White Spot,6202
C:\Users\Fame IT\Videos\rwn\438\Dataset\Dataset\White Spot\IMG20250531150530.jpg,White Spot,6203
C:\Users\Fame IT\Videos\rwn\438\Dataset\Dataset\White Spot\IMG20250531150536.jpg,White Spot,6204
C:\Users\Fame IT\Videos\rwn\438\Dataset\Dataset\White Spot\IMG20250531150543.jpg,White Spot,6205
C:\Users\Fame IT\Videos\rwn\438\Dataset\Dataset\White Spot\IMG20250531150550.jpg,White Spot,6206
C:\Users\Fame IT\Videos\rwn\438\Dataset\Dataset\White Spot\IMG20250531150556.jpg,White Spot,6207
C:\Users\Fame IT\Videos\rwn\438\Dataset\Dataset\White Spot\IMG20250531150606.jpg,White Spot,6209
C:\Users\Fame IT\Videos\rwn\438\Dataset\Dataset\White Spot\IMG20250531150610.jpg,White Spot,6210
C:\Users\Fame IT\Videos\rwn\438\Dataset\Dataset\White Spot\IMG20250531150615.jpg,White Spot,6211
C:\Users\Fame IT\Videos\rwn\438\Dataset\Dataset\White Spot\IMG20250531150619.jpg,White Spot,6212
C:\Users\Fame IT\Videos\rwn\438\Dataset\Dataset\White Spot\IMG20250531150623.jpg,White Spot,6213
C:\Users\Fame IT\Videos\rwn\438\Dataset\Dataset\White Spot\IMG20250531150628.jpg,White Spot,6214
C:\Users\Fame IT\Videos\rwn\438\Dataset\Dataset\White Spot\IMG20250531150757.jpg,White Spot,6215
C:\Users\Fame IT\Videos\rwn\438\Dataset\Dataset\White Spot\IMG20250531150802.jpg,White Spot,6216
C:\Users\Fame IT\Videos\rwn\438\Dataset\Dataset\White Spot\IMG20250531150810.jpg,White Spot,6217
C:\Users\Fame IT\Videos\rwn\438\Dataset\Dataset\White Spot\IMG20250531150814.jpg,White Spot,6218
C:\Users\Fame IT\Videos\rwn\438\Dataset\Dataset\White Spot\IMG20250531150818.jpg,White Spot,6219
C:\Users\Fame IT\Videos\rwn\438\Dataset\Dataset\White Spot\IMG20250531150824.jpg,White Spot,6220
C:\Users\Fame IT\Videos\rwn\438\Dataset\Dataset\White Spot\IMG20250531150835.jpg,White Spot,6222
C:\Users\Fame IT\Videos\rwn\438\Dataset\Dataset\White Spot\IMG20250531150841.jpg,White Spot,6223
C:\Users\Fame IT\Videos\rwn\438\Dataset\Dataset\White Spot\IMG20250531150915.jpg,White Spot,6224
C:\Users\Fame IT\Videos\rwn\438\Dataset\Dataset\White Spot\IMG20250531150920.jpg,White Spot,6225
C:\Users\Fame IT\Videos\rwn\438\Dataset\Dataset\White Spot\IMG20250531150927.jpg,White Spot,6226
C:\Users\Fame IT\Videos\rwn\438\Dataset\Dataset\White Spot\IMG20250531150952.jpg,White Spot,6228
C:\Users\Fame IT\Videos\rwn\438\Dataset\Dataset\White Spot\IMG20250531151016.jpg,White Spot,6231
C:\Users\Fame IT\Videos\rwn\438\Dataset\Dataset\White Spot\IMG20250531151026.jpg,White Spot,6232
C:\Users\Fame IT\Videos\rwn\438\Dataset\Dataset\White Spot\IMG20250531151032.jpg,White Spot,6233
C:\Users\Fame IT\Videos\rwn\438\Dataset\Dataset\White Spot\IMG20250531151116.jpg,White Spot,6235
C:\Users\Fame IT\Videos\rwn\438\Dataset\Dataset\White Spot\IMG20250531151119.jpg,White Spot,6236
C:\Users\Fame IT\Videos\rwn\438\Dataset\Dataset\White Spot\IMG20250531151122.jpg,White Spot,6237
C:\Users\Fame IT\Videos\rwn\438\Dataset\Dataset\White Spot\IMG20250531151125.jpg,White Spot,6238
C:\Users\Fame IT\Videos\rwn\438\Dataset\Dataset\White Spot\IMG20250531151128.jpg,White Spot,6239
C:\Users\Fame IT\Videos\rwn\438\Dataset\Dataset\White Spot\IMG20250531151132.jpg,White Spot,6240
C:\Users\Fame IT\Videos\rwn\438\Dataset\Dataset\White Spot\IMG20250531151135.jpg,White Spot,6241
C:\Users\Fame IT\Videos\rwn\438\Dataset\Dataset\White Spot\IMG20250531151322.jpg,White Spot,6245
C:\Users\Fame IT\Videos\rwn\438\Dataset\Dataset\White Spot\IMG20250531151421.jpg,White Spot,6246
C:\Users\Fame IT\Videos\rwn\438\Dataset\Dataset\White Spot\IMG20250531151430.jpg,White Spot,6248
C:\Users\Fame IT\Videos\rwn\438\Dataset\Dataset\White Spot\IMG20250531151433.jpg,White Spot,6249
C:\Users\Fame IT\Videos\rwn\438\Dataset\Dataset\White Spot\IMG20250531151443.jpg,White Spot,6251
C:\Users\Fame IT\Videos\rwn\438\Dataset\Dataset\White Spot\IMG20250531151455.jpg,White Spot,6252
C:\Users\Fame IT\Videos\rwn\438\Dataset\Dataset\White Spot\IMG20250531151504.jpg,White Spot,6254
C:\Users\Fame IT\Videos\rwn\438\Dataset\Dataset\White Spot\IMG20250531151507.jpg,White Spot,6255
C:\Users\Fame IT\Videos\rwn\438\Dataset\Dataset\White Spot\IMG20250531151511.jpg,White Spot,6256
C:\Users\Fame IT\Videos\rwn\438\Dataset\Dataset\White Spot\IMG20250531151520.jpg,White Spot,6258
C:\Users\Fame IT\Videos\rwn\438\Dataset\Dataset\White Spot\IMG20250531151525.jpg,White Spot,6259
C:\Users\Fame IT\Videos\rwn\438\Dataset\Dataset\White Spot\IMG20250531151529.jpg,White Spot,6260
C:\Users\Fame IT\Videos\rwn\438\Dataset\Dataset\White Spot\IMG20250531151540.jpg,White Spot,6262
C:\Users\Fame IT\Videos\rwn\438\Dataset\Dataset\White Spot\IMG20250531151557.jpg,White Spot,6265
C:\Users\Fame IT\Videos\rwn\438\Dataset\Dataset\White Spot\IMG20250531151601.jpg,White Spot,6266
C:\Users\Fame IT\Videos\rwn\438\Dataset\Dataset\White Spot\IMG20250531151606.jpg,White Spot,6267
C:\Users\Fame IT\Videos\rwn\438\Dataset\Dataset\White Spot\IMG20250531151610.jpg,White Spot,6268
C:\Users\Fame IT\Videos\rwn\438\Dataset\Dataset\White Spot\IMG20250531151814.jpg,White Spot,6270
C:\Users\Fame IT\Videos\rwn\438\Dataset\Dataset\White Spot\IMG20250531151829.jpg,White Spot,6272
C:\Users\Fame IT\Videos\rwn\438\Dataset\Dataset\White Spot\IMG20250531151833.jpg,White Spot,6273
C:\Users\Fame IT\Videos\rwn\438\Dataset\Dataset\White Spot\IMG20250531151837.jpg,White Spot,6274
C:\Users\Fame IT\Videos\rwn\438\Dataset\Dataset\White Spot\IMG20250531151841.jpg,White Spot,6275
C:\Users\Fame IT\Videos\rwn\438\Dataset\Dataset\White Spot\IMG20250531151849.jpg,White Spot,6276
C:\Users\Fame IT\Videos\rwn\438\Dataset\Dataset\White Spot\IMG20250531152005.jpg,White Spot,6277
C:\Users\Fame IT\Videos\rwn\438\Dataset\Dataset\White Spot\IMG20250531152009.jpg,White Spot,6278
C:\Users\Fame IT\Videos\rwn\438\Dataset\Dataset\White Spot\IMG20250531152014.jpg,White Spot,6279
C:\Users\Fame IT\Videos\rwn\438\Dataset\Dataset\White Spot\IMG20250531152024.jpg,White Spot,6281
C:\Users\Fame IT\Videos\rwn\438\Dataset\Dataset\White Spot\IMG20250531152028.jpg,White Spot,6282
C:\Users\Fame IT\Videos\rwn\438\Dataset\Dataset\White Spot\IMG20250531152043.jpg,White Spot,6285
C:\Users\Fame IT\Videos\rwn\438\Dataset\Dataset\White Spot\IMG20250531152049.jpg,White Spot,6286
C:\Users\Fame IT\Videos\rwn\438\Dataset\Dataset\White Spot\IMG20250531152056.jpg,White Spot,6288
C:\Users\Fame IT\Videos\rwn\438\Dataset\Dataset\White Spot\IMG20250531152216.jpg,White Spot,6292
C:\Users\Fame IT\Videos\rwn\438\Dataset\Dataset\White Spot\IMG20250531152226.jpg,White Spot,6294
C:\Users\Fame IT\Videos\rwn\438\Dataset\Dataset\White Spot\IMG20250531152236.jpg,White Spot,6296
C:\Users\Fame IT\Videos\rwn\438\Dataset\Dataset\White Spot\IMG20250531152240.jpg,White Spot,6297
C:\Users\Fame IT\Videos\rwn\438\Dataset\Dataset\White Spot\IMG20250531152244.jpg,White Spot,6298
C:\Users\Fame IT\Videos\rwn\438\Dataset\Dataset\White Spot\IMG20250531152347.jpg,White Spot,6299
C:\Users\Fame IT\Videos\rwn\438\Dataset\Dataset\White Spot\IMG20250531152355.jpg,White Spot,6300
C:\Users\Fame IT\Videos\rwn\438\Dataset\Dataset\White Spot\IMG20250531152400.jpg,White Spot,6301
C:\Users\Fame IT\Videos\rwn\438\Dataset\Dataset\White Spot\IMG20250531152405.jpg,White Spot,6302
C:\Users\Fame IT\Videos\rwn\438\Dataset\Dataset\White Spot\IMG20250531152410.jpg,White Spot,6303
C:\Users\Fame IT\Videos\rwn\438\Dataset\Dataset\White Spot\IMG20250531152415.jpg,White Spot,6304
C:\Users\Fame IT\Videos\rwn\438\Dataset\Dataset\White Spot\IMG20250531152420.jpg,White Spot,6305
C:\Users\Fame IT\Videos\rwn\438\Dataset\Dataset\White Spot\IMG20250531152432.jpg,White Spot,6307
C:\Users\Fame IT\Videos\rwn\438\Dataset\Dataset\White Spot\IMG20250531152641.jpg,White Spot,6308
C:\Users\Fame IT\Videos\rwn\438\Dataset\Dataset\White Spot\IMG20250531152648.jpg,White Spot,6309
C:\Users\Fame IT\Videos\rwn\438\Dataset\Dataset\White Spot\IMG20250531152652.jpg,White Spot,6310
C:\Users\Fame IT\Videos\rwn\438\Dataset\Dataset\White Spot\IMG20250531152702.jpg,White Spot,6313
C:\Users\Fame IT\Videos\rwn\438\Dataset\Dataset\White Spot\IMG20250531152712.jpg,White Spot,6315
C:\Users\Fame IT\Videos\rwn\438\Dataset\Dataset\White Spot\IMG20250531152905.jpg,White Spot,6316
C:\Users\Fame IT\Videos\rwn\438\Dataset\Dataset\White Spot\IMG20250531152909.jpg,White Spot,6317
C:\Users\Fame IT\Videos\rwn\438\Dataset\Dataset\White Spot\IMG20250531152913.jpg,White Spot,6318
C:\Users\Fame IT\Videos\rwn\438\Dataset\Dataset\White Spot\IMG20250531152919.jpg,White Spot,6319
C:\Users\Fame IT\Videos\rwn\438\Dataset\Dataset\White Spot\IMG20250531152923.jpg,White Spot,6320
C:\Users\Fame IT\Videos\rwn\438\Dataset\Dataset\White Spot\IMG20250531152926.jpg,White Spot,6321
C:\Users\Fame IT\Videos\rwn\438\Dataset\Dataset\White Spot\IMG20250531152931.jpg,White Spot,6322
C:\Users\Fame IT\Videos\rwn\438\Dataset\Dataset\White Spot\IMG20250531152934.jpg,White Spot,6323
C:\Users\Fame IT\Videos\rwn\438\Dataset\Dataset\White Spot\IMG20250531153201.jpg,White Spot,6325
C:\Users\Fame IT\Videos\rwn\438\Dataset\Dataset\White Spot\IMG20250531153206.jpg,White Spot,6326
C:\Users\Fame IT\Videos\rwn\438\Dataset\Dataset\White Spot\IMG20250531153215.jpg,White Spot,6327
C:\Users\Fame IT\Videos\rwn\438\Dataset\Dataset\White Spot\IMG20250531153218.jpg,White Spot,6328
C:\Users\Fame IT\Videos\rwn\438\Dataset\Dataset\White Spot\IMG20250531153231.jpg,White Spot,6331
C:\Users\Fame IT\Videos\rwn\438\Dataset\Dataset\White Spot\IMG20250531153235.jpg,White Spot,6332
C:\Users\Fame IT\Videos\rwn\438\Dataset\Dataset\White Spot\IMG20250531153613.jpg,White Spot,6333
C:\Users\Fame IT\Videos\rwn\438\Dataset\Dataset\White Spot\IMG20250531153617.jpg,White Spot,6334
C:\Users\Fame IT\Videos\rwn\438\Dataset\Dataset\White Spot\IMG20250531153620.jpg,White Spot,6335
C:\Users\Fame IT\Videos\rwn\438\Dataset\Dataset\White Spot\IMG20250531153623.jpg,White Spot,6336
C:\Users\Fame IT\Videos\rwn\438\Dataset\Dataset\White Spot\IMG20250531153628.jpg,White Spot,6338
C:\Users\Fame IT\Videos\rwn\438\Dataset\Dataset\White Spot\IMG20250531153635.jpg,White Spot,6339
C:\Users\Fame IT\Videos\rwn\438\Dataset\Dataset\White Spot\IMG20250531153807.jpg,White Spot,6343
C:\Users\Fame IT\Videos\rwn\438\Dataset\Dataset\White Spot\IMG20250531153811.jpg,White Spot,6344
C:\Users\Fame IT\Videos\rwn\438\Dataset\Dataset\White Spot\IMG20250531153815.jpg,White Spot,6345
C:\Users\Fame IT\Videos\rwn\438\Dataset\Dataset\White Spot\IMG20250531153819.jpg,White Spot,6346
C:\Users\Fame IT\Videos\rwn\438\Dataset\Dataset\White Spot\IMG20250531154001.jpg,White Spot,6350
C:\Users\Fame IT\Videos\rwn\438\Dataset\Dataset\White Spot\IMG20250531154004.jpg,White Spot,6351
C:\Users\Fame IT\Videos\rwn\438\Dataset\Dataset\White Spot\IMG20250531154015.jpg,White Spot,6353
C:\Users\Fame IT\Videos\rwn\438\Dataset\Dataset\White Spot\IMG20250531154018.jpg,White Spot,6354
C:\Users\Fame IT\Videos\rwn\438\Dataset\Dataset\White Spot\IMG20250531154021.jpg,White Spot,6355
C:\Users\Fame IT\Videos\rwn\438\Dataset\Dataset\White Spot\IMG20250531154028.jpg,White Spot,6357
C:\Users\Fame IT\Videos\rwn\438\Dataset\Dataset\White Spot\IMG20250531154146.jpg,White Spot,6358
C:\Users\Fame IT\Videos\rwn\438\Dataset\Dataset\White Spot\IMG20250531154150.jpg,White Spot,6359
C:\Users\Fame IT\Videos\rwn\438\Dataset\Dataset\White Spot\IMG20250531154155.jpg,White Spot,6360
C:\Users\Fame IT\Videos\rwn\438\Dataset\Dataset\White Spot\IMG20250531154208.jpg,White Spot,6363
C:\Users\Fame IT\Videos\rwn\438\Dataset\Dataset\White Spot\IMG20250531154211.jpg,White Spot,6364
C:\Users\Fame IT\Videos\rwn\438\Dataset\Dataset\White Spot\IMG20250531154312.jpg,White Spot,6366
C:\Users\Fame IT\Videos\rwn\438\Dataset\Dataset\White Spot\IMG20250531154317.jpg,White Spot,6367
C:\Users\Fame IT\Videos\rwn\438\Dataset\Dataset\White Spot\IMG20250531154322.jpg,White Spot,6368
C:\Users\Fame IT\Videos\rwn\438\Dataset\Dataset\White Spot\IMG20250531154331.jpg,White Spot,6370
C:\Users\Fame IT\Videos\rwn\438\Dataset\Dataset\White Spot\IMG20250531154334.jpg,White Spot,6371
C:\Users\Fame IT\Videos\rwn\438\Dataset\Dataset\White Spot\IMG20250531154344.jpg,White Spot,6373
C:\Users\Fame IT\Videos\rwn\438\Dataset\Dataset\White Spot\IMG20250531154348.jpg,White Spot,6374
C:\Users\Fame IT\Videos\rwn\438\Dataset\Dataset\White Spot\IMG20250531154503.jpg,White Spot,6375
C:\Users\Fame IT\Videos\rwn\438\Dataset\Dataset\White Spot\IMG20250531154507.jpg,White Spot,6376
C:\Users\Fame IT\Videos\rwn\438\Dataset\Dataset\White Spot\IMG20250531154511.jpg,White Spot,6377
C:\Users\Fame IT\Videos\rwn\438\Dataset\Dataset\White Spot\IMG20250531154515.jpg,White Spot,6378
C:\Users\Fame IT\Videos\rwn\438\Dataset\Dataset\White Spot\IMG20250531154518.jpg,White Spot,6379
C:\Users\Fame IT\Videos\rwn\438\Dataset\Dataset\White Spot\IMG20250531154522.jpg,White Spot,6380
C:\Users\Fame IT\Videos\rwn\438\Dataset\Dataset\White Spot\IMG20250531154527.jpg,White Spot,6381
C:\Users\Fame IT\Videos\rwn\438\Dataset\Dataset\White Spot\IMG20250531154608.jpg,White Spot,6383
C:\Users\Fame IT\Videos\rwn\438\Dataset\Dataset\White Spot\IMG20250531154613.jpg,White Spot,6384
C:\Users\Fame IT\Videos\rwn\438\Dataset\Dataset\White Spot\IMG20250531154621.jpg,White Spot,6386
C:\Users\Fame IT\Videos\rwn\438\Dataset\Dataset\White Spot\IMG20250531154624.jpg,White Spot,6387
C:\Users\Fame IT\Videos\rwn\438\Dataset\Dataset\White Spot\IMG20250531154627.jpg,White Spot,6388
C:\Users\Fame IT\Videos\rwn\438\Dataset\Dataset\White Spot\IMG20250531154630.jpg,White Spot,6389
C:\Users\Fame IT\Videos\rwn\438\Dataset\Dataset\White Spot\IMG20250531154633.jpg,White Spot,6390
C:\Users\Fame IT\Videos\rwn\438\Dataset\Dataset\White Spot\IMG20250531154754.jpg,White Spot,6392
C:\Users\Fame IT\Videos\rwn\438\Dataset\Dataset\White Spot\IMG20250531154758.jpg,White Spot,6393
C:\Users\Fame IT\Videos\rwn\438\Dataset\Dataset\White Spot\IMG20250531154801.jpg,White Spot,6394
C:\Users\Fame IT\Videos\rwn\438\Dataset\Dataset\White Spot\IMG20250531154808.jpg,White Spot,6396
C:\Users\Fame IT\Videos\rwn\438\Dataset\Dataset\White Spot\IMG20250531154815.jpg,White Spot,6398
C:\Users\Fame IT\Videos\rwn\438\Dataset\Dataset\White Spot\IMG20250531154822.jpg,White Spot,6399
C:\Users\Fame IT\Videos\rwn\438\Dataset\Dataset\White Spot\IMG20250531154830.jpg,White Spot,6401
C:\Users\Fame IT\Videos\rwn\438\Dataset\Dataset\White Spot\IMG20250531154833.jpg,White Spot,6402
C:\Users\Fame IT\Videos\rwn\438\Dataset\Dataset\White Spot\IMG20250531154840.jpg,White Spot,6404
C:\Users\Fame IT\Videos\rwn\438\Dataset\Dataset\White Spot\IMG20250531154857.jpg,White Spot,6407
C:\Users\Fame IT\Videos\rwn\438\Dataset\Dataset\White Spot\IMG20250531154904.jpg,White Spot,6409
C:\Users\Fame IT\Videos\rwn\438\Dataset\Dataset\White Spot\IMG20250531154911.jpg,White Spot,6411
C:\Users\Fame IT\Videos\rwn\438\Dataset\Dataset\White Spot\IMG20250531154959.jpg,White Spot,6412
C:\Users\Fame IT\Videos\rwn\438\Dataset\Dataset\White Spot\IMG20250531155002.jpg,White Spot,6413
C:\Users\Fame IT\Videos\rwn\438\Dataset\Dataset\White Spot\IMG20250531155006.jpg,White Spot,6414
C:\Users\Fame IT\Videos\rwn\438\Dataset\Dataset\White Spot\IMG20250531155011.jpg,White Spot,6415
C:\Users\Fame IT\Videos\rwn\438\Dataset\Dataset\White Spot\IMG20250531155015.jpg,White Spot,6416
C:\Users\Fame IT\Videos\rwn\438\Dataset\Dataset\White Spot\IMG20250531155019.jpg,White Spot,6417
C:\Users\Fame IT\Videos\rwn\438\Dataset\Dataset\White Spot\IMG20250531155022.jpg,White Spot,6418
C:\Users\Fame IT\Videos\rwn\438\Dataset\Dataset\White Spot\IMG20250531155025.jpg,White Spot,6419
C:\Users\Fame IT\Videos\rwn\438\Dataset\Dataset\White Spot\IMG20250531155036.jpg,White Spot,6420
C:\Users\Fame IT\Videos\rwn\438\Dataset\Dataset\White Spot\IMG20250531155039.jpg,White Spot,6421
C:\Users\Fame IT\Videos\rwn\438\Dataset\Dataset\White Spot\IMG20250531155046.jpg,White Spot,6423
C:\Users\Fame IT\Videos\rwn\438\Dataset\Dataset\White Spot\IMG20250531155049.jpg,White Spot,6424
C:\Users\Fame IT\Videos\rwn\438\Dataset\Dataset\White Spot\IMG20250531155100.jpg,White Spot,6427
C:\Users\Fame IT\Videos\rwn\438\Dataset\Dataset\White Spot\IMG20250531155108.jpg,White Spot,6428
C:\Users\Fame IT\Videos\rwn\438\Dataset\Dataset\White Spot\IMG20250531155111.jpg,White Spot,6429
C:\Users\Fame IT\Videos\rwn\438\Dataset\Dataset\White Spot\IMG20250531155210.jpg,White Spot,6430
C:\Users\Fame IT\Videos\rwn\438\Dataset\Dataset\White Spot\IMG20250531155218.jpg,White Spot,6432
C:\Users\Fame IT\Videos\rwn\438\Dataset\Dataset\White Spot\IMG20250531155224.jpg,White Spot,6434
C:\Users\Fame IT\Videos\rwn\438\Dataset\Dataset\White Spot\IMG20250531155235.jpg,White Spot,6436
C:\Users\Fame IT\Videos\rwn\438\Dataset\Dataset\White Spot\IMG20250531155239.jpg,White Spot,6437
C:\Users\Fame IT\Videos\rwn\438\Dataset\Dataset\White Spot\IMG20250531155243.jpg,White Spot,6438
C:\Users\Fame IT\Videos\rwn\438\Dataset\Dataset\White Spot\IMG20250531155248.jpg,White Spot,6440
C:\Users\Fame IT\Videos\rwn\438\Dataset\Dataset\White Spot\IMG20250531155252.jpg,White Spot,6441
C:\Users\Fame IT\Videos\rwn\438\Dataset\Dataset\White Spot\IMG20250531155256.jpg,White Spot,6442
C:\Users\Fame IT\Videos\rwn\438\Dataset\Dataset\White Spot\IMG20250531155300.jpg,White Spot,6443
C:\Users\Fame IT\Videos\rwn\438\Dataset\Dataset\White Spot\IMG20250531155659.jpg,White Spot,6445
C:\Users\Fame IT\Videos\rwn\438\Dataset\Dataset\White Spot\IMG20250531155702.jpg,White Spot,6446
C:\Users\Fame IT\Videos\rwn\438\Dataset\Dataset\White Spot\IMG20250531155705.jpg,White Spot,6447
C:\Users\Fame IT\Videos\rwn\438\Dataset\Dataset\White Spot\IMG20250531155707.jpg,White Spot,6448
C:\Users\Fame IT\Videos\rwn\438\Dataset\Dataset\White Spot\IMG20250531155710.jpg,White Spot,6449
C:\Users\Fame IT\Videos\rwn\438\Dataset\Dataset\White Spot\IMG20250531155716.jpg,White Spot,6451
C:\Users\Fame IT\Videos\rwn\438\Dataset\Dataset\White Spot\IMG20250531155839.jpg,White Spot,6452
C:\Users\Fame IT\Videos\rwn\438\Dataset\Dataset\White Spot\IMG20250531155848.jpg,White Spot,6453
C:\Users\Fame IT\Videos\rwn\438\Dataset\Dataset\White Spot\IMG20250531155853.jpg,White Spot,6454
C:\Users\Fame IT\Videos\rwn\438\Dataset\Dataset\White Spot\IMG20250531155856.jpg,White Spot,6455
C:\Users\Fame IT\Videos\rwn\438\Dataset\Dataset\White Spot\IMG20250531155900.jpg,White Spot,6456
C:\Users\Fame IT\Videos\rwn\438\Dataset\Dataset\White Spot\IMG20250531155904.jpg,White Spot,6457
C:\Users\Fame IT\Videos\rwn\438\Dataset\Dataset\White Spot\IMG20250531155909.jpg,White Spot,6458
C:\Users\Fame IT\Videos\rwn\438\Dataset\Dataset\White Spot\IMG20250531160537.jpg,White Spot,6460
C:\Users\Fame IT\Videos\rwn\438\Dataset\Dataset\White Spot\IMG20250531160544.jpg,White Spot,6462
C:\Users\Fame IT\Videos\rwn\438\Dataset\Dataset\White Spot\IMG20250531160548.jpg,White Spot,6463
C:\Users\Fame IT\Videos\rwn\438\Dataset\Dataset\White Spot\IMG20250531160551.jpg,White Spot,6464
C:\Users\Fame IT\Videos\rwn\438\Dataset\Dataset\White Spot\IMG20250531160555.jpg,White Spot,6465
C:\Users\Fame IT\Videos\rwn\438\Dataset\Dataset\White Spot\IMG20250531160640.jpg,White Spot,6466
C:\Users\Fame IT\Videos\rwn\438\Dataset\Dataset\White Spot\IMG20250531160643.jpg,White Spot,6467
C:\Users\Fame IT\Videos\rwn\438\Dataset\Dataset\White Spot\IMG20250531160646.jpg,White Spot,6468
C:\Users\Fame IT\Videos\rwn\438\Dataset\Dataset\White Spot\IMG20250531160649.jpg,White Spot,6469
C:\Users\Fame IT\Videos\rwn\438\Dataset\Dataset\White Spot\IMG20250531160657.jpg,White Spot,6470
C:\Users\Fame IT\Videos\rwn\438\Dataset\Dataset\White Spot\IMG20250531160703.jpg,White Spot,6471
C:\Users\Fame IT\Videos\rwn\438\Dataset\Dataset\White Spot\IMG20250531160707.jpg,White Spot,6472
C:\Users\Fame IT\Videos\rwn\438\Dataset\Dataset\White Spot\IMG20250531160709.jpg,White Spot,6473
C:\Users\Fame IT\Videos\rwn\438\Dataset\Dataset\White Spot\IMG20250531160712.jpg,White Spot,6474
C:\Users\Fame IT\Videos\rwn\438\Dataset\Dataset\White Spot\IMG20250531160715.jpg,White Spot,6475
C:\Users\Fame IT\Videos\rwn\438\Dataset\Dataset\White Spot\IMG20250531160718.jpg,White Spot,6476
C:\Users\Fame IT\Videos\rwn\438\Dataset\Dataset\White Spot\IMG20250531160749.jpg,White Spot,6477
C:\Users\Fame IT\Videos\rwn\438\Dataset\Dataset\White Spot\IMG20250531160752.jpg,White Spot,6478
C:\Users\Fame IT\Videos\rwn\438\Dataset\Dataset\White Spot\IMG20250531160758.jpg,White Spot,6480
C:\Users\Fame IT\Videos\rwn\438\Dataset\Dataset\White Spot\IMG20250531160801.jpg,White Spot,6481
C:\Users\Fame IT\Videos\rwn\438\Dataset\Dataset\White Spot\IMG20250531160804.jpg,White Spot,6482
C:\Users\Fame IT\Videos\rwn\438\Dataset\Dataset\White Spot\IMG20250531160820.jpg,White Spot,6487
C:\Users\Fame IT\Videos\rwn\438\Dataset\Dataset\White Spot\IMG20250531160822.jpg,White Spot,6488
C:\Users\Fame IT\Videos\rwn\438\Dataset\Dataset\White Spot\IMG20250531160832.jpg,White Spot,6491
C:\Users\Fame IT\Videos\rwn\438\Dataset\Dataset\White Spot\IMG20250531160917.jpg,White Spot,6492
C:\Users\Fame IT\Videos\rwn\438\Dataset\Dataset\White Spot\IMG20250531160923.jpg,White Spot,6493
C:\Users\Fame IT\Videos\rwn\438\Dataset\Dataset\White Spot\IMG20250531160926.jpg,White Spot,6494
C:\Users\Fame IT\Videos\rwn\438\Dataset\Dataset\White Spot\IMG20250531160930.jpg,White Spot,6495
C:\Users\Fame IT\Videos\rwn\438\Dataset\Dataset\White Spot\IMG20250531160933.jpg,White Spot,6496
C:\Users\Fame IT\Videos\rwn\438\Dataset\Dataset\White Spot\IMG20250531160936.jpg,White Spot,6497
C:\Users\Fame IT\Videos\rwn\438\Dataset\Dataset\White Spot\IMG20250531160941.jpg,White Spot,6498
C:\Users\Fame IT\Videos\rwn\438\Dataset\Dataset\White Spot\IMG20250531161010.jpg,White Spot,6499
C:\Users\Fame IT\Videos\rwn\438\Dataset\Dataset\White Spot\IMG20250531161017.jpg,White Spot,6501
C:\Users\Fame IT\Videos\rwn\438\Dataset\Dataset\White Spot\IMG20250531161020.jpg,White Spot,6502
C:\Users\Fame IT\Videos\rwn\438\Dataset\Dataset\White Spot\IMG20250531161024.jpg,White Spot,6503
C:\Users\Fame IT\Videos\rwn\438\Dataset\Dataset\White Spot\IMG20250531161027.jpg,White Spot,6504
C:\Users\Fame IT\Videos\rwn\438\Dataset\Dataset\White Spot\IMG20250531161031.jpg,White Spot,6505
C:\Users\Fame IT\Videos\rwn\438\Dataset\Dataset\White Spot\IMG20250531161037.jpg,White Spot,6506
C:\Users\Fame IT\Videos\rwn\438\Dataset\Dataset\White Spot\IMG20250531161040.jpg,White Spot,6507
C:\Users\Fame IT\Videos\rwn\438\Dataset\Dataset\White Spot\IMG20250531161046.jpg,White Spot,6509
C:\Users\Fame IT\Videos\rwn\438\Dataset\Dataset\White Spot\IMG20250531161054.jpg,White Spot,6511
C:\Users\Fame IT\Videos\rwn\438\Dataset\Dataset\White Spot\IMG20250531161057.jpg,White Spot,6512
C:\Users\Fame IT\Videos\rwn\438\Dataset\Dataset\White Spot\IMG20250531161100.jpg,White Spot,6513
C:\Users\Fame IT\Videos\rwn\438\Dataset\Dataset\White Spot\IMG20250531161103.jpg,White Spot,6514
C:\Users\Fame IT\Videos\rwn\438\Dataset\Dataset\White Spot\IMG20250531161106.jpg,White Spot,6515
C:\Users\Fame IT\Videos\rwn\438\Dataset\Dataset\White Spot\IMG20250531161109.jpg,White Spot,6516
C:\Users\Fame IT\Videos\rwn\438\Dataset\Dataset\White Spot\IMG20250531161112.jpg,White Spot,6517
C:\Users\Fame IT\Videos\rwn\438\Dataset\Dataset\White Spot\IMG20250531161147.jpg,White Spot,6519
C:\Users\Fame IT\Videos\rwn\438\Dataset\Dataset\White Spot\IMG20250531161150.jpg,White Spot,6520
C:\Users\Fame IT\Videos\rwn\438\Dataset\Dataset\White Spot\IMG20250531161153.jpg,White Spot,6521
C:\Users\Fame IT\Videos\rwn\438\Dataset\Dataset\White Spot\IMG20250531161156.jpg,White Spot,6522
C:\Users\Fame IT\Videos\rwn\438\Dataset\Dataset\White Spot\IMG20250531161159.jpg,White Spot,6523
C:\Users\Fame IT\Videos\rwn\438\Dataset\Dataset\White Spot\IMG20250531161202.jpg,White Spot,6524
C:\Users\Fame IT\Videos\rwn\438\Dataset\Dataset\White Spot\IMG20250531161205.jpg,White Spot,6525
C:\Users\Fame IT\Videos\rwn\438\Dataset\Dataset\White Spot\IMG20250531161212.jpg,White Spot,6527
C:\Users\Fame IT\Videos\rwn\438\Dataset\Dataset\White Spot\IMG20250531161215.jpg,White Spot,6528
C:\Users\Fame IT\Videos\rwn\438\Dataset\Dataset\White Spot\IMG20250531161221.jpg,White Spot,6530
C:\Users\Fame IT\Videos\rwn\438\Dataset\Dataset\White Spot\IMG20250531161224.jpg,White Spot,6531
C:\Users\Fame IT\Videos\rwn\438\Dataset\Dataset\White Spot\IMG20250531161228.jpg,White Spot,6532
C:\Users\Fame IT\Videos\rwn\438\Dataset\Dataset\White Spot\IMG20250531161231.jpg,White Spot,6533
C:\Users\Fame IT\Videos\rwn\438\Dataset\Dataset\White Spot\IMG20250531161341.jpg,White Spot,6537
C:\Users\Fame IT\Videos\rwn\438\Dataset\Dataset\White Spot\IMG20250531161344.jpg,White Spot,6538
C:\Users\Fame IT\Videos\rwn\438\Dataset\Dataset\White Spot\IMG20250531161350.jpg,White Spot,6540
C:\Users\Fame IT\Videos\rwn\438\Dataset\Dataset\White Spot\IMG20250531161352.jpg,White Spot,6541
C:\Users\Fame IT\Videos\rwn\438\Dataset\Dataset\White Spot\IMG20250531161440.jpg,White Spot,6546
C:\Users\Fame IT\Videos\rwn\438\Dataset\Dataset\White Spot\IMG20250531161444.jpg,White Spot,6547
C:\Users\Fame IT\Videos\rwn\438\Dataset\Dataset\White Spot\IMG20250531161450.jpg,White Spot,6549
C:\Users\Fame IT\Videos\rwn\438\Dataset\Dataset\White Spot\IMG20250531161456.jpg,White Spot,6550
C:\Users\Fame IT\Videos\rwn\438\Dataset\Dataset\White Spot\IMG20250531161458.jpg,White Spot,6551
C:\Users\Fame IT\Videos\rwn\438\Dataset\Dataset\White Spot\IMG20250531161501.jpg,White Spot,6552
C:\Users\Fame IT\Videos\rwn\438\Dataset\Dataset\White Spot\IMG20250531161504.jpg,White Spot,6553
C:\Users\Fame IT\Videos\rwn\438\Dataset\Dataset\White Spot\IMG20250531161507.jpg,White Spot,6554
C:\Users\Fame IT\Videos\rwn\438\Dataset\Dataset\White Spot\IMG20250531161521.jpg,White Spot,6558
C:\Users\Fame IT\Videos\rwn\438\Dataset\Dataset\White Spot\IMG20250531161524.jpg,White Spot,6559
C:\Users\Fame IT\Videos\rwn\438\Dataset\Dataset\White Spot\IMG20250531161529.jpg,White Spot,6561
C:\Users\Fame IT\Videos\rwn\438\Dataset\Dataset\White Spot\IMG20250531161533.jpg,White Spot,6562
C:\Users\Fame IT\Videos\rwn\438\Dataset\Dataset\White Spot\IMG20250531161535.jpg,White Spot,6563
C:\Users\Fame IT\Videos\rwn\438\Dataset\Dataset\White Spot\IMG20250531161553.jpg,White Spot,6564
C:\Users\Fame IT\Videos\rwn\438\Dataset\Dataset\White Spot\IMG20250531161603.jpg,White Spot,6566
C:\Users\Fame IT\Videos\rwn\438\Dataset\Dataset\White Spot\IMG20250531161606.jpg,White Spot,6567
C:\Users\Fame IT\Videos\rwn\438\Dataset\Dataset\White Spot\IMG20250531161615.jpg,White Spot,6570
C:\Users\Fame IT\Videos\rwn\438\Dataset\Dataset\White Spot\IMG20250531161622.jpg,White Spot,6571
C:\Users\Fame IT\Videos\rwn\438\Dataset\Dataset\White Spot\IMG20250531161627.jpg,White Spot,6573
C:\Users\Fame IT\Videos\rwn\438\Dataset\Dataset\White Spot\IMG20250531161635.jpg,White Spot,6575
C:\Users\Fame IT\Videos\rwn\438\Dataset\Dataset\White Spot\IMG20250531161638.jpg,White Spot,6576
C:\Users\Fame IT\Videos\rwn\438\Dataset\Dataset\White Spot\IMG20250531161641.jpg,White Spot,6577
C:\Users\Fame IT\Videos\rwn\438\Dataset\Dataset\White Spot\IMG20250531161644.jpg,White Spot,6578
C:\Users\Fame IT\Videos\rwn\438\Dataset\Dataset\White Spot\IMG20250531161647.jpg,White Spot,6579
C:\Users\Fame IT\Videos\rwn\438\Dataset\Dataset\White Spot\IMG20250531161653.jpg,White Spot,6580
C:\Users\Fame IT\Videos\rwn\438\Dataset\Dataset\White Spot\IMG20250531161725.jpg,White Spot,6582
C:\Users\Fame IT\Videos\rwn\438\Dataset\Dataset\White Spot\IMG20250531161740.jpg,White Spot,6586
C:\Users\Fame IT\Videos\rwn\438\Dataset\Dataset\White Spot\IMG20250531161825.jpg,White Spot,6587
C:\Users\Fame IT\Videos\rwn\438\Dataset\Dataset\White Spot\IMG20250531161828.jpg,White Spot,6588
C:\Users\Fame IT\Videos\rwn\438\Dataset\Dataset\White Spot\IMG20250531161832.jpg,White Spot,6589
C:\Users\Fame IT\Videos\rwn\438\Dataset\Dataset\White Spot\IMG20250531161835.jpg,White Spot,6590
C:\Users\Fame IT\Videos\rwn\438\Dataset\Dataset\White Spot\IMG20250531161841.jpg,White Spot,6592
C:\Users\Fame IT\Videos\rwn\438\Dataset\Dataset\White Spot\IMG20250531161847.jpg,White Spot,6594
C:\Users\Fame IT\Videos\rwn\438\Dataset\Dataset\White Spot\IMG20250531161850.jpg,White Spot,6595
C:\Users\Fame IT\Videos\rwn\438\Dataset\Dataset\White Spot\IMG20250531161856.jpg,White Spot,6596
C:\Users\Fame IT\Videos\rwn\438\Dataset\Dataset\White Spot\IMG20250531161905.jpg,White Spot,6598
C:\Users\Fame IT\Videos\rwn\438\Dataset\Dataset\White Spot\IMG20250531161915.jpg,White Spot,6600
C:\Users\Fame IT\Videos\rwn\438\Dataset\Dataset\White Spot\IMG20250531161917.jpg,White Spot,6601
C:\Users\Fame IT\Videos\rwn\438\Dataset\Dataset\White Spot\IMG20250531161920.jpg,White Spot,6602
C:\Users\Fame IT\Videos\rwn\438\Dataset\Dataset\White Spot\IMG20250531162027.jpg,White Spot,6606
C:\Users\Fame IT\Videos\rwn\438\Dataset\Dataset\White Spot\IMG20250531162034.jpg,White Spot,6608
C:\Users\Fame IT\Videos\rwn\438\Dataset\Dataset\White Spot\IMG20250531162037.jpg,White Spot,6609
C:\Users\Fame IT\Videos\rwn\438\Dataset\Dataset\White Spot\IMG20250531162211.jpg,White Spot,6613
C:\Users\Fame IT\Videos\rwn\438\Dataset\Dataset\White Spot\IMG20250531162214.jpg,White Spot,6614
C:\Users\Fame IT\Videos\rwn\438\Dataset\Dataset\White Spot\IMG20250531162218.jpg,White Spot,6615
C:\Users\Fame IT\Videos\rwn\438\Dataset\Dataset\White Spot\IMG20250531162220.jpg,White Spot,6616
C:\Users\Fame IT\Videos\rwn\438\Dataset\Dataset\White Spot\IMG20250531162223.jpg,White Spot,6617
C:\Users\Fame IT\Videos\rwn\438\Dataset\Dataset\White Spot\IMG20250531162230.jpg,White Spot,6619
C:\Users\Fame IT\Videos\rwn\438\Dataset\Dataset\White Spot\IMG20250531162235.jpg,White Spot,6621
C:\Users\Fame IT\Videos\rwn\438\Dataset\Dataset\White Spot\IMG20250531162238.jpg,White Spot,6622
C:\Users\Fame IT\Videos\rwn\438\Dataset\Dataset\White Spot\IMG20250531162244.jpg,White Spot,6624
C:\Users\Fame IT\Videos\rwn\438\Dataset\Dataset\White Spot\IMG20250531162246.jpg,White Spot,6625
C:\Users\Fame IT\Videos\rwn\438\Dataset\Dataset\White Spot\IMG20250531162253.jpg,White Spot,6627
C:\Users\Fame IT\Videos\rwn\438\Dataset\Dataset\White Spot\IMG20250531162257.jpg,White Spot,6628
C:\Users\Fame IT\Videos\rwn\438\Dataset\Dataset\White Spot\IMG20250531162300.jpg,White Spot,6629
C:\Users\Fame IT\Videos\rwn\438\Dataset\Dataset\White Spot\IMG20250531162303.jpg,White Spot,6630
C:\Users\Fame IT\Videos\rwn\438\Dataset\Dataset\White Spot\IMG20250531162305.jpg,White Spot,6631
C:\Users\Fame IT\Videos\rwn\438\Dataset\Dataset\White Spot\IMG20250531162320.jpg,White Spot,6635
C:\Users\Fame IT\Videos\rwn\438\Dataset\Dataset\White Spot\IMG20250531162323.jpg,White Spot,6636
C:\Users\Fame IT\Videos\rwn\438\Dataset\Dataset\White Spot\IMG20250531162326.jpg,White Spot,6637
C:\Users\Fame IT\Videos\rwn\438\Dataset\Dataset\White Spot\IMG20250531162331.jpg,White Spot,6639
C:\Users\Fame IT\Videos\rwn\438\Dataset\Dataset\White Spot\IMG20250531162339.jpg,White Spot,6641
C:\Users\Fame IT\Videos\rwn\438\Dataset\Dataset\White Spot\IMG20250531162342.jpg,White Spot,6642
C:\Users\Fame IT\Videos\rwn\438\Dataset\Dataset\White Spot\IMG20250531162404.jpg,White Spot,6647
C:\Users\Fame IT\Videos\rwn\438\Dataset\Dataset\White Spot\IMG20250531162408.jpg,White Spot,6648
C:\Users\Fame IT\Videos\rwn\438\Dataset\Dataset\White Spot\IMG20250531162411.jpg,White Spot,6649
C:\Users\Fame IT\Videos\rwn\438\Dataset\Dataset\White Spot\IMG20250531162414.jpg,White Spot,6650
C:\Users\Fame IT\Videos\rwn\438\Dataset\Dataset\White Spot\IMG20250531162421.jpg,White Spot,6651
C:\Users\Fame IT\Videos\rwn\438\Dataset\Dataset\White Spot\IMG20250531162425.jpg,White Spot,6652
C:\Users\Fame IT\Videos\rwn\438\Dataset\Dataset\White Spot\IMG20250531162438.jpg,White Spot,6655
C:\Users\Fame IT\Videos\rwn\438\Dataset\Dataset\White Spot\IMG20250531162449.jpg,White Spot,6658
C:\Users\Fame IT\Videos\rwn\438\Dataset\Dataset\White Spot\IMG20250531162456.jpg,White Spot,6659
C:\Users\Fame IT\Videos\rwn\438\Dataset\Dataset\White Spot\IMG20250531162459.jpg,White Spot,6660
C:\Users\Fame IT\Videos\rwn\438\Dataset\Dataset\White Spot\IMG20250531162503.jpg,White Spot,6661
C:\Users\Fame IT\Videos\rwn\438\Dataset\Dataset\White Spot\IMG20250531162512.jpg,White Spot,6664
C:\Users\Fame IT\Videos\rwn\438\Dataset\Dataset\White Spot\IMG20250531162514.jpg,White Spot,6665
C:\Users\Fame IT\Videos\rwn\438\Dataset\Dataset\White Spot\IMG20250531162517.jpg,White Spot,6666
C:\Users\Fame IT\Videos\rwn\438\Dataset\Dataset\White Spot\IMG20250531162524.jpg,White Spot,6667
C:\Users\Fame IT\Videos\rwn\438\Dataset\Dataset\White Spot\IMG20250531162527.jpg,White Spot,6668
C:\Users\Fame IT\Videos\rwn\438\Dataset\Dataset\White Spot\IMG20250531162530.jpg,White Spot,6669
C:\Users\Fame IT\Videos\rwn\438\Dataset\Dataset\White Spot\IMG20250531162533.jpg,White Spot,6670
C:\Users\Fame IT\Videos\rwn\438\Dataset\Dataset\White Spot\IMG20250531162538.jpg,White Spot,6672
C:\Users\Fame IT\Videos\rwn\438\Dataset\Dataset\White Spot\IMG20250531162554.jpg,White Spot,6675
C:\Users\Fame IT\Videos\rwn\438\Dataset\Dataset\White Spot\IMG20250531162558.jpg,White Spot,6676
C:\Users\Fame IT\Videos\rwn\438\Dataset\Dataset\White Spot\IMG20250531162601.jpg,White Spot,6677
C:\Users\Fame IT\Videos\rwn\438\Dataset\Dataset\White Spot\IMG20250531162604.jpg,White Spot,6678
C:\Users\Fame IT\Videos\rwn\438\Dataset\Dataset\White Spot\IMG20250531162610.jpg,White Spot,6680
C:\Users\Fame IT\Videos\rwn\438\Dataset\Dataset\White Spot\IMG20250531162612.jpg,White Spot,6681
C:\Users\Fame IT\Videos\rwn\438\Dataset\Dataset\White Spot\IMG20250531162617.jpg,White Spot,6682
C:\Users\Fame IT\Videos\rwn\438\Dataset\Dataset\White Spot\IMG20250531162624.jpg,White Spot,6683
C:\Users\Fame IT\Videos\rwn\438\Dataset\Dataset\White Spot\IMG20250531162628.jpg,White Spot,6684
C:\Users\Fame IT\Videos\rwn\438\Dataset\Dataset\White Spot\IMG20250531162632.jpg,White Spot,6685
C:\Users\Fame IT\Videos\rwn\438\Dataset\Dataset\White Spot\IMG20250531162636.jpg,White Spot,6686
C:\Users\Fame IT\Videos\rwn\438\Dataset\Dataset\White Spot\IMG20250531162639.jpg,White Spot,6687
C:\Users\Fame IT\Videos\rwn\438\Dataset\Dataset\White Spot\IMG20250531162642.jpg,White Spot,6688
C:\Users\Fame IT\Videos\rwn\438\Dataset\Dataset\White Spot\IMG20250531162648.jpg,White Spot,6689
C:\Users\Fame IT\Videos\rwn\438\Dataset\Dataset\White Spot\IMG20250531162652.jpg,White Spot,6690
C:\Users\Fame IT\Videos\rwn\438\Dataset\Dataset\White Spot\IMG20250531162704.jpg,White Spot,6691
C:\Users\Fame IT\Videos\rwn\438\Dataset\Dataset\White Spot\IMG20250531162709.jpg,White Spot,6692
C:\Users\Fame IT\Videos\rwn\438\Dataset\Dataset\White Spot\IMG20250531162713.jpg,White Spot,6693
C:\Users\Fame IT\Videos\rwn\438\Dataset\Dataset\White Spot\IMG20250531162734.jpg,White Spot,6696
C:\Users\Fame IT\Videos\rwn\438\Dataset\Dataset\White Spot\IMG20250531162738.jpg,White Spot,6697
C:\Users\Fame IT\Videos\rwn\438\Dataset\Dataset\White Spot\IMG20250531162743.jpg,White Spot,6698
C:\Users\Fame IT\Videos\rwn\438\Dataset\Dataset\White Spot\IMG20250531162819.jpg,White Spot,6701
C:\Users\Fame IT\Videos\rwn\438\Dataset\Dataset\White Spot\IMG20250531162823.jpg,White Spot,6702
C:\Users\Fame IT\Videos\rwn\438\Dataset\Dataset\White Spot\IMG20250531162826.jpg,White Spot,6703
C:\Users\Fame IT\Videos\rwn\438\Dataset\Dataset\White Spot\IMG20250531162834.jpg,White Spot,6705
C:\Users\Fame IT\Videos\rwn\438\Dataset\Dataset\White Spot\IMG20250531162837.jpg,White Spot,6706
C:\Users\Fame IT\Videos\rwn\438\Dataset\Dataset\White Spot\IMG20250531162841.jpg,White Spot,6707
C:\Users\Fame IT\Videos\rwn\438\Dataset\Dataset\White Spot\IMG20250531162851.jpg,White Spot,6710
C:\Users\Fame IT\Videos\rwn\438\Dataset\Dataset\White Spot\IMG20250531162854.jpg,White Spot,6711
C:\Users\Fame IT\Videos\rwn\438\Dataset\Dataset\White Spot\IMG20250531162857.jpg,White Spot,6712
C:\Users\Fame IT\Videos\rwn\438\Dataset\Dataset\White Spot\IMG20250531162900.jpg,White Spot,6713
C:\Users\Fame IT\Videos\rwn\438\Dataset\Dataset\White Spot\IMG20250531162902.jpg,White Spot,6714
C:\Users\Fame IT\Videos\rwn\438\Dataset\Dataset\White Spot\IMG20250531163014.jpg,White Spot,6716
C:\Users\Fame IT\Videos\rwn\438\Dataset\Dataset\White Spot\IMG20250531163017.jpg,White Spot,6717
C:\Users\Fame IT\Videos\rwn\438\Dataset\Dataset\White Spot\IMG20250531163020.jpg,White Spot,6718
C:\Users\Fame IT\Videos\rwn\438\Dataset\Dataset\White Spot\IMG20250531163025.jpg,White Spot,6719
C:\Users\Fame IT\Videos\rwn\438\Dataset\Dataset\White Spot\IMG20250531163032.jpg,White Spot,6721
C:\Users\Fame IT\Videos\rwn\438\Dataset\Dataset\White Spot\IMG20250531163043.jpg,White Spot,6723
C:\Users\Fame IT\Videos\rwn\438\Dataset\Dataset\White Spot\IMG20250531163046.jpg,White Spot,6724
C:\Users\Fame IT\Videos\rwn\438\Dataset\Dataset\White Spot\IMG20250531163049.jpg,White Spot,6725
C:\Users\Fame IT\Videos\rwn\438\Dataset\Dataset\White Spot\IMG20250531163102.jpg,White Spot,6728
C:\Users\Fame IT\Videos\rwn\438\Dataset\Dataset\White Spot\IMG20250531163107.jpg,White Spot,6729
C:\Users\Fame IT\Videos\rwn\438\Dataset\Dataset\White Spot\IMG20250531163110.jpg,White Spot,6730
C:\Users\Fame IT\Videos\rwn\438\Dataset\Dataset\White Spot\IMG20250531163118.jpg,White Spot,6731
C:\Users\Fame IT\Videos\rwn\438\Dataset\Dataset\White Spot\IMG20250531163123.jpg,White Spot,6732
C:\Users\Fame IT\Videos\rwn\438\Dataset\Dataset\White Spot\IMG20250531163129.jpg,White Spot,6733
C:\Users\Fame IT\Videos\rwn\438\Dataset\Dataset\White Spot\IMG20250531163132.jpg,White Spot,6734
C:\Users\Fame IT\Videos\rwn\438\Dataset\Dataset\White Spot\IMG20250531163138.jpg,White Spot,6736
C:\Users\Fame IT\Videos\rwn\438\Dataset\Dataset\White Spot\IMG20250531163144.jpg,White Spot,6737
C:\Users\Fame IT\Videos\rwn\438\Dataset\Dataset\White Spot\IMG20250531163204.jpg,White Spot,6741
C:\Users\Fame IT\Videos\rwn\438\Dataset\Dataset\White Spot\IMG20250531163214.jpg,White Spot,6744
C:\Users\Fame IT\Videos\rwn\438\Dataset\Dataset\White Spot\IMG20250531163220.jpg,White Spot,6745
C:\Users\Fame IT\Videos\rwn\438\Dataset\Dataset\White Spot\IMG20250531163223.jpg,White Spot,6746
C:\Users\Fame IT\Videos\rwn\438\Dataset\Dataset\White Spot\IMG20250531163226.jpg,White Spot,6747
C:\Users\Fame IT\Videos\rwn\438\Dataset\Dataset\White Spot\IMG20250531163236.jpg,White Spot,6748
C:\Users\Fame IT\Videos\rwn\438\Dataset\Dataset\White Spot\IMG20250531163241.jpg,White Spot,6749
C:\Users\Fame IT\Videos\rwn\438\Dataset\Dataset\White Spot\IMG20250531163244.jpg,White Spot,6750
C:\Users\Fame IT\Videos\rwn\438\Dataset\Dataset\White Spot\IMG20250531163249.jpg,White Spot,6751
C:\Users\Fame IT\Videos\rwn\438\Dataset\Dataset\White Spot\IMG20250531163252.jpg,White Spot,6752
C:\Users\Fame IT\Videos\rwn\438\Dataset\Dataset\White Spot\IMG20250531163259.jpg,White Spot,6753
C:\Users\Fame IT\Videos\rwn\438\Dataset\Dataset\White Spot\IMG20250531163308.jpg,White Spot,6756
C:\Users\Fame IT\Videos\rwn\438\Dataset\Dataset\White Spot\IMG20250531163314.jpg,White Spot,6757
C:\Users\Fame IT\Videos\rwn\438\Dataset\Dataset\White Spot\IMG20250531163317.jpg,White Spot,6758
C:\Users\Fame IT\Videos\rwn\438\Dataset\Dataset\White Spot\IMG20250531163320.jpg,White Spot,6759
C:\Users\Fame IT\Videos\rwn\438\Dataset\Dataset\White Spot\IMG20250531163324.jpg,White Spot,6760
C:\Users\Fame IT\Videos\rwn\438\Dataset\Dataset\White Spot\IMG20250531163336.jpg,White Spot,6763
C:\Users\Fame IT\Videos\rwn\438\Dataset\Dataset\White Spot\IMG20250531163342.jpg,White Spot,6764
C:\Users\Fame IT\Videos\rwn\438\Dataset\Dataset\White Spot\IMG20250531163351.jpg,White Spot,6766
C:\Users\Fame IT\Videos\rwn\438\Dataset\Dataset\White Spot\IMG20250531163354.jpg,White Spot,6767
C:\Users\Fame IT\Videos\rwn\438\Dataset\Dataset\White Spot\IMG20250531163359.jpg,White Spot,6768
C:\Users\Fame IT\Videos\rwn\438\Dataset\Dataset\White Spot\IMG20250531163415.jpg,White Spot,6770
C:\Users\Fame IT\Videos\rwn\438\Dataset\Dataset\White Spot\IMG20250531163421.jpg,White Spot,6771
C:\Users\Fame IT\Videos\rwn\438\Dataset\Dataset\White Spot\IMG20250531163424.jpg,White Spot,6772
C:\Users\Fame IT\Videos\rwn\438\Dataset\Dataset\White Spot\IMG20250531163427.jpg,White Spot,6773
C:\Users\Fame IT\Videos\rwn\438\Dataset\Dataset\White Spot\IMG20250531163436.jpg,White Spot,6775
C:\Users\Fame IT\Videos\rwn\438\Dataset\Dataset\White Spot\IMG20250531163443.jpg,White Spot,6776
C:\Users\Fame IT\Videos\rwn\438\Dataset\Dataset\White Spot\IMG20250531163446.jpg,White Spot,6777
C:\Users\Fame IT\Videos\rwn\438\Dataset\Dataset\White Spot\IMG20250531163502.jpg,White Spot,6781
C:\Users\Fame IT\Videos\rwn\438\Dataset\Dataset\White Spot\IMG20250531163510.jpg,White Spot,6783
C:\Users\Fame IT\Videos\rwn\438\Dataset\Dataset\White Spot\IMG20250531163514.jpg,White Spot,6784
C:\Users\Fame IT\Videos\rwn\438\Dataset\Dataset\White Spot\IMG20250531163517.jpg,White Spot,6785
C:\Users\Fame IT\Videos\rwn\438\Dataset\Dataset\White Spot\IMG20250531163527.jpg,White Spot,6786
C:\Users\Fame IT\Videos\rwn\438\Dataset\Dataset\White Spot\IMG20250531163547.jpg,White Spot,6790
C:\Users\Fame IT\Videos\rwn\438\Dataset\Dataset\White Spot\IMG20250531163553.jpg,White Spot,6792
C:\Users\Fame IT\Videos\rwn\438\Dataset\Dataset\White Spot\IMG20250531163610.jpg,White Spot,6794
C:\Users\Fame IT\Videos\rwn\438\Dataset\Dataset\White Spot\IMG20250531163614.jpg,White Spot,6795
C:\Users\Fame IT\Videos\rwn\438\Dataset\Dataset\White Spot\IMG20250531163619.jpg,White Spot,6796
C:\Users\Fame IT\Videos\rwn\438\Dataset\Dataset\White Spot\IMG20250531163623.jpg,White Spot,6797
C:\Users\Fame IT\Videos\rwn\438\Dataset\Dataset\White Spot\IMG20250531163626.jpg,White Spot,6798
C:\Users\Fame IT\Videos\rwn\438\Dataset\Dataset\White Spot\IMG20250531163629.jpg,White Spot,6799
C:\Users\Fame IT\Videos\rwn\438\Dataset\Dataset\White Spot\IMG20250531163632.jpg,White Spot,6800
C:\Users\Fame IT\Videos\rwn\438\Dataset\Dataset\White Spot\IMG20250531163640.jpg,White Spot,6802
C:\Users\Fame IT\Videos\rwn\438\Dataset\Dataset\White Spot\IMG20250531163644.jpg,White Spot,6803
C:\Users\Fame IT\Videos\rwn\438\Dataset\Dataset\White Spot\IMG20250531163701.jpg,White Spot,6805
C:\Users\Fame IT\Videos\rwn\438\Dataset\Dataset\White Spot\IMG20250531163704.jpg,White Spot,6806
C:\Users\Fame IT\Videos\rwn\438\Dataset\Dataset\White Spot\IMG20250531163715.jpg,White Spot,6809
C:\Users\Fame IT\Videos\rwn\438\Dataset\Dataset\White Spot\IMG20250531163722.jpg,White Spot,6811
C:\Users\Fame IT\Videos\rwn\438\Dataset\Dataset\White Spot\IMG20250531163726.jpg,White Spot,6812
C:\Users\Fame IT\Videos\rwn\438\Dataset\Dataset\White Spot\IMG20250531163731.jpg,White Spot,6813
C:\Users\Fame IT\Videos\rwn\438\Dataset\Dataset\White Spot\IMG20250531163735.jpg,White Spot,6814
C:\Users\Fame IT\Videos\rwn\438\Dataset\Dataset\White Spot\IMG20250531163749.jpg,White Spot,6817
C:\Users\Fame IT\Videos\rwn\438\Dataset\Dataset\White Spot\IMG20250531163752.jpg,White Spot,6818
C:\Users\Fame IT\Videos\rwn\438\Dataset\Dataset\White Spot\IMG20250531163754.jpg,White Spot,6819
C:\Users\Fame IT\Videos\rwn\438\Dataset\Dataset\White Spot\IMG20250531163800.jpg,White Spot,6820
C:\Users\Fame IT\Videos\rwn\438\Dataset\Dataset\White Spot\IMG20250531163808.jpg,White Spot,6822
C:\Users\Fame IT\Videos\rwn\438\Dataset\Dataset\White Spot\IMG20250531163812.jpg,White Spot,6823
C:\Users\Fame IT\Videos\rwn\438\Dataset\Dataset\White Spot\IMG20250531163816.jpg,White Spot,6824
C:\Users\Fame IT\Videos\rwn\438\Dataset\Dataset\White Spot\IMG20250531163828.jpg,White Spot,6827
C:\Users\Fame IT\Videos\rwn\438\Dataset\Dataset\White Spot\IMG20250531163838.jpg,White Spot,6829
C:\Users\Fame IT\Videos\rwn\438\Dataset\Dataset\White Spot\IMG20250531163841.jpg,White Spot,6830
C:\Users\Fame IT\Videos\rwn\438\Dataset\Dataset\White Spot\IMG20250531163854.jpg,White Spot,6833
C:\Users\Fame IT\Videos\rwn\438\Dataset\Dataset\White Spot\IMG20250531163858.jpg,White Spot,6834
C:\Users\Fame IT\Videos\rwn\438\Dataset\Dataset\White Spot\IMG20250531163907.jpg,White Spot,6835
C:\Users\Fame IT\Videos\rwn\438\Dataset\Dataset\White Spot\IMG20250531163910.jpg,White Spot,6836
C:\Users\Fame IT\Videos\rwn\438\Dataset\Dataset\White Spot\IMG20250531164004.jpg,White Spot,6840
C:\Users\Fame IT\Videos\rwn\438\Dataset\Dataset\White Spot\IMG20250531164016.jpg,White Spot,6843
C:\Users\Fame IT\Videos\rwn\438\Dataset\Dataset\White Spot\IMG20250531164023.jpg,White Spot,6845
C:\Users\Fame IT\Videos\rwn\438\Dataset\Dataset\White Spot\IMG20250531164027.jpg,White Spot,6846
C:\Users\Fame IT\Videos\rwn\438\Dataset\Dataset\White Spot\IMG20250531164030.jpg,White Spot,6847
C:\Users\Fame IT\Videos\rwn\438\Dataset\Dataset\White Spot\IMG20250531164037.jpg,White Spot,6849
C:\Users\Fame IT\Videos\rwn\438\Dataset\Dataset\White Spot\IMG20250531164040.jpg,White Spot,6850
C:\Users\Fame IT\Videos\rwn\438\Dataset\Dataset\White Spot\IMG20250531164047.jpg,White Spot,6851
C:\Users\Fame IT\Videos\rwn\438\Dataset\Dataset\White Spot\IMG20250531164050.jpg,White Spot,6852
C:\Users\Fame IT\Videos\rwn\438\Dataset\Dataset\White Spot\IMG20250531164053.jpg,White Spot,6853
C:\Users\Fame IT\Videos\rwn\438\Dataset\Dataset\White Spot\IMG20250531164057.jpg,White Spot,6854
C:\Users\Fame IT\Videos\rwn\438\Dataset\Dataset\White Spot\IMG20250531164100.jpg,White Spot,6855
C:\Users\Fame IT\Videos\rwn\438\Dataset\Dataset\White Spot\IMG20250531164105.jpg,White Spot,6856
C:\Users\Fame IT\Videos\rwn\438\Dataset\Dataset\White Spot\IMG20250531164108.jpg,White Spot,6857
C:\Users\Fame IT\Videos\rwn\438\Dataset\Dataset\White Spot\IMG20250531164114.jpg,White Spot,6858
C:\Users\Fame IT\Videos\rwn\438\Dataset\Dataset\White Spot\IMG20250531164117.jpg,White Spot,6859
C:\Users\Fame IT\Videos\rwn\438\Dataset\Dataset\White Spot\IMG20250531164129.jpg,White Spot,6861
C:\Users\Fame IT\Videos\rwn\438\Dataset\Dataset\White Spot\IMG20250531164325.jpg,White Spot,6862
C:\Users\Fame IT\Videos\rwn\438\Dataset\Dataset\White Spot\IMG20250531164329.jpg,White Spot,6863
C:\Users\Fame IT\Videos\rwn\438\Dataset\Dataset\White Spot\IMG20250531164333.jpg,White Spot,6864
C:\Users\Fame IT\Videos\rwn\438\Dataset\Dataset\White Spot\IMG20250531164341.jpg,White Spot,6865
C:\Users\Fame IT\Videos\rwn\438\Dataset\Dataset\White Spot\IMG20250531164356.jpg,White Spot,6867
C:\Users\Fame IT\Videos\rwn\438\Dataset\Dataset\White Spot\IMG20250531164407.jpg,White Spot,6868
C:\Users\Fame IT\Videos\rwn\438\Dataset\Dataset\White Spot\IMG20250531164419.jpg,White Spot,6871
C:\Users\Fame IT\Videos\rwn\438\Dataset\Dataset\White Spot\IMG20250531164422.jpg,White Spot,6872
C:\Users\Fame IT\Videos\rwn\438\Dataset\Dataset\White Spot\IMG20250531164425.jpg,White Spot,6873
C:\Users\Fame IT\Videos\rwn\438\Dataset\Dataset\White Spot\IMG20250531164431.jpg,White Spot,6874
C:\Users\Fame IT\Videos\rwn\438\Dataset\Dataset\White Spot\IMG20250531164435.jpg,White Spot,6875
C:\Users\Fame IT\Videos\rwn\438\Dataset\Dataset\White Spot\IMG20250531164438.jpg,White Spot,6876
C:\Users\Fame IT\Videos\rwn\438\Dataset\Dataset\White Spot\IMG20250531164450.jpg,White Spot,6878
C:\Users\Fame IT\Videos\rwn\438\Dataset\Dataset\White Spot\IMG20250531164454.jpg,White Spot,6879
C:\Users\Fame IT\Videos\rwn\438\Dataset\Dataset\White Spot\IMG20250531164457.jpg,White Spot,6880
C:\Users\Fame IT\Videos\rwn\438\Dataset\Dataset\White Spot\IMG20250531164502.jpg,White Spot,6881
C:\Users\Fame IT\Videos\rwn\438\Dataset\Dataset\White Spot\IMG20250531164512.jpg,White Spot,6883
C:\Users\Fame IT\Videos\rwn\438\Dataset\Dataset\White Spot\IMG20250531164520.jpg,White Spot,6884
C:\Users\Fame IT\Videos\rwn\438\Dataset\Dataset\White Spot\IMG20250531164525.jpg,White Spot,6885
C:\Users\Fame IT\Videos\rwn\438\Dataset\Dataset\White Spot\IMG20250531164531.jpg,White Spot,6887
C:\Users\Fame IT\Videos\rwn\438\Dataset\Dataset\White Spot\IMG20250531164539.jpg,White Spot,6889
C:\Users\Fame IT\Videos\rwn\438\Dataset\Dataset\White Spot\IMG20250531164552.jpg,White Spot,6891
C:\Users\Fame IT\Videos\rwn\438\Dataset\Dataset\White Spot\IMG20250531164557.jpg,White Spot,6892
C:\Users\Fame IT\Videos\rwn\438\Dataset\Dataset\White Spot\IMG20250531164601.jpg,White Spot,6893
C:\Users\Fame IT\Videos\rwn\438\Dataset\Dataset\White Spot\IMG20250531164608.jpg,White Spot,6895
C:\Users\Fame IT\Videos\rwn\438\Dataset\Dataset\White Spot\IMG20250531164621.jpg,White Spot,6898
C:\Users\Fame IT\Videos\rwn\438\Dataset\Dataset\White Spot\IMG20250531164631.jpg,White Spot,6899
C:\Users\Fame IT\Videos\rwn\438\Dataset\Dataset\White Spot\IMG20250531164636.jpg,White Spot,6900
C:\Users\Fame IT\Videos\rwn\438\Dataset\Dataset\White Spot\IMG20250531164651.jpg,White Spot,6902
C:\Users\Fame IT\Videos\rwn\438\Dataset\Dataset\White Spot\IMG20250531164655.jpg,White Spot,6903
C:\Users\Fame IT\Videos\rwn\438\Dataset\Dataset\White Spot\IMG20250531164705.jpg,White Spot,6904
C:\Users\Fame IT\Videos\rwn\438\Dataset\Dataset\White Spot\IMG20250531165018.jpg,White Spot,6909
C:\Users\Fame IT\Videos\rwn\438\Dataset\Dataset\White Spot\IMG20250531165050.jpg,White Spot,6910
C:\Users\Fame IT\Videos\rwn\438\Dataset\Dataset\White Spot\IMG20250531165108.jpg,White Spot,6914
C:\Users\Fame IT\Videos\rwn\438\Dataset\Dataset\White Spot\IMG20250531165113.jpg,White Spot,6915
C:\Users\Fame IT\Videos\rwn\438\Dataset\Dataset\White Spot\IMG20250531165119.jpg,White Spot,6916
C:\Users\Fame IT\Videos\rwn\438\Dataset\Dataset\White Spot\IMG20250531165130.jpg,White Spot,6918
C:\Users\Fame IT\Videos\rwn\438\Dataset\Dataset\White Spot\IMG20250531165133.jpg,White Spot,6919
C:\Users\Fame IT\Videos\rwn\438\Dataset\Dataset\White Spot\IMG20250531165136.jpg,White Spot,6920
C:\Users\Fame IT\Videos\rwn\438\Dataset\Dataset\White Spot\IMG20250531165142.jpg,White Spot,6921
C:\Users\Fame IT\Videos\rwn\438\Dataset\Dataset\White Spot\IMG20250531165148.jpg,White Spot,6923
C:\Users\Fame IT\Videos\rwn\438\Dataset\Dataset\White Spot\IMG20250531165154.jpg,White Spot,6924
C:\Users\Fame IT\Videos\rwn\438\Dataset\Dataset\White Spot\IMG20250531165157.jpg,White Spot,6925
C:\Users\Fame IT\Videos\rwn\438\Dataset\Dataset\White Spot\IMG20250531165200.jpg,White Spot,6926
C:\Users\Fame IT\Videos\rwn\438\Dataset\Dataset\White Spot\IMG20250531165203.jpg,White Spot,6927
C:\Users\Fame IT\Videos\rwn\438\Dataset\Dataset\White Spot\IMG20250531165208.jpg,White Spot,6928
C:\Users\Fame IT\Videos\rwn\438\Dataset\Dataset\White Spot\IMG20250531165219.jpg,White Spot,6931
C:\Users\Fame IT\Videos\rwn\438\Dataset\Dataset\White Spot\IMG20250531165226.jpg,White Spot,6932
C:\Users\Fame IT\Videos\rwn\438\Dataset\Dataset\White Spot\IMG20250531165230.jpg,White Spot,6933
C:\Users\Fame IT\Videos\rwn\438\Dataset\Dataset\White Spot\IMG20250531165234.jpg,White Spot,6934
C:\Users\Fame IT\Videos\rwn\438\Dataset\Dataset\White Spot\IMG20250531165243.jpg,White Spot,6936
C:\Users\Fame IT\Videos\rwn\438\Dataset\Dataset\White Spot\IMG20250531165247.jpg,White Spot,6937
C:\Users\Fame IT\Videos\rwn\438\Dataset\Dataset\White Spot\IMG20250531165255.jpg,White Spot,6939
C:\Users\Fame IT\Videos\rwn\438\Dataset\Dataset\White Spot\IMG20250531165306.jpg,White Spot,6941
C:\Users\Fame IT\Videos\rwn\438\Dataset\Dataset\White Spot\IMG20250531165313.jpg,White Spot,6943
C:\Users\Fame IT\Videos\rwn\438\Dataset\Dataset\White Spot\IMG20250531165320.jpg,White Spot,6944
C:\Users\Fame IT\Videos\rwn\438\Dataset\Dataset\White Spot\IMG20250531165325.jpg,White Spot,6945
C:\Users\Fame IT\Videos\rwn\438\Dataset\Dataset\White Spot\IMG20250531165330.jpg,White Spot,6946
C:\Users\Fame IT\Videos\rwn\438\Dataset\Dataset\White Spot\IMG20250531165334.jpg,White Spot,6947
C:\Users\Fame IT\Videos\rwn\438\Dataset\Dataset\White Spot\IMG20250531165337.jpg,White Spot,6948
C:\Users\Fame IT\Videos\rwn\438\Dataset\Dataset\White Spot\IMG20250531165346.jpg,White Spot,6950
C:\Users\Fame IT\Videos\rwn\438\Dataset\Dataset\White Spot\IMG20250531165349.jpg,White Spot,6951
C:\Users\Fame IT\Videos\rwn\438\Dataset\Dataset\White Spot\IMG20250531165420.jpg,White Spot,6952
C:\Users\Fame IT\Videos\rwn\438\Dataset\Dataset\White Spot\IMG20250531165441.jpg,White Spot,6957
C:\Users\Fame IT\Videos\rwn\438\Dataset\Dataset\White Spot\IMG20250531165444.jpg,White Spot,6958
C:\Users\Fame IT\Videos\rwn\438\Dataset\Dataset\White Spot\IMG20250531165447.jpg,White Spot,6959
C:\Users\Fame IT\Videos\rwn\438\Dataset\Dataset\White Spot\IMG20250531165450.jpg,White Spot,6960
C:\Users\Fame IT\Videos\rwn\438\Dataset\Dataset\White Spot\IMG20250531165512.jpg,White Spot,6963
C:\Users\Fame IT\Videos\rwn\438\Dataset\Dataset\White Spot\IMG20250531165519.jpg,White Spot,6965
C:\Users\Fame IT\Videos\rwn\438\Dataset\Dataset\White Spot\IMG20250531165525.jpg,White Spot,6966
C:\Users\Fame IT\Videos\rwn\438\Dataset\Dataset\White Spot\IMG20250531165529.jpg,White Spot,6967
C:\Users\Fame IT\Videos\rwn\438\Dataset\Dataset\White Spot\IMG20250531165534.jpg,White Spot,6968
C:\Users\Fame IT\Videos\rwn\438\Dataset\Dataset\White Spot\IMG20250531165540.jpg,White Spot,6969
C:\Users\Fame IT\Videos\rwn\438\Dataset\Dataset\White Spot\IMG20250531165544.jpg,White Spot,6970
C:\Users\Fame IT\Videos\rwn\438\Dataset\Dataset\White Spot\IMG20250531165551.jpg,White Spot,6971
C:\Users\Fame IT\Videos\rwn\438\Dataset\Dataset\White Spot\IMG20250531165608.jpg,White Spot,6975
C:\Users\Fame IT\Videos\rwn\438\Dataset\Dataset\White Spot\IMG20250531165616.jpg,White Spot,6977
C:\Users\Fame IT\Videos\rwn\438\Dataset\Dataset\White Spot\IMG20250531165619.jpg,White Spot,6978
C:\Users\Fame IT\Videos\rwn\438\Dataset\Dataset\White Spot\IMG20250531165623.jpg,White Spot,6979
C:\Users\Fame IT\Videos\rwn\438\Dataset\Dataset\White Spot\IMG20250531165628.jpg,White Spot,6980
C:\Users\Fame IT\Videos\rwn\438\Dataset\Dataset\White Spot\IMG20250531165631.jpg,White Spot,6981
C:\Users\Fame IT\Videos\rwn\438\Dataset\Dataset\White Spot\IMG20250531165634.jpg,White Spot,6982
C:\Users\Fame IT\Videos\rwn\438\Dataset\Dataset\White Spot\IMG20250531165638.jpg,White Spot,6983
C:\Users\Fame IT\Videos\rwn\438\Dataset\Dataset\White Spot\IMG20250531165642.jpg,White Spot,6984
C:\Users\Fame IT\Videos\rwn\438\Dataset\Dataset\White Spot\IMG20250531165656.jpg,White Spot,6987
C:\Users\Fame IT\Videos\rwn\438\Dataset\Dataset\White Spot\IMG20250531165700.jpg,White Spot,6988
C:\Users\Fame IT\Videos\rwn\438\Dataset\Dataset\White Spot\IMG20250531165708.jpg,White Spot,6990
C:\Users\Fame IT\Videos\rwn\438\Dataset\Dataset\White Spot\IMG20250531165714.jpg,White Spot,6991
C:\Users\Fame IT\Videos\rwn\438\Dataset\Dataset\White Spot\IMG20250531165728.jpg,White Spot,6993
C:\Users\Fame IT\Videos\rwn\438\Dataset\Dataset\Yellow Mosaic Virus\.trashed-1754897586-IMG20250712133256.jpg,Yellow Mosaic Virus,6996
C:\Users\Fame IT\Videos\rwn\438\Dataset\Dataset\Yellow Mosaic Virus\.trashed-1754900377-IMG20250712141931.jpg,Yellow Mosaic Virus,6997
C:\Users\Fame IT\Videos\rwn\438\Dataset\Dataset\Yellow Mosaic Virus\IMG20250712121016.jpg,Yellow Mosaic Virus,6998
C:\Users\Fame IT\Videos\rwn\438\Dataset\Dataset\Yellow Mosaic Virus\IMG20250712121022.jpg,Yellow Mosaic Virus,6999
C:\Users\Fame IT\Videos\rwn\438\Dataset\Dataset\Yellow Mosaic Virus\IMG20250712121027.jpg,Yellow Mosaic Virus,7000
C:\Users\Fame IT\Videos\rwn\438\Dataset\Dataset\Yellow Mosaic Virus\IMG20250712121039.jpg,Yellow Mosaic Virus,7002
C:\Users\Fame IT\Videos\rwn\438\Dataset\Dataset\Yellow Mosaic Virus\IMG20250712121052.jpg,Yellow Mosaic Virus,7003
C:\Users\Fame IT\Videos\rwn\438\Dataset\Dataset\Yellow Mosaic Virus\IMG20250712121110.jpg,Yellow Mosaic Virus,7005
C:\Users\Fame IT\Videos\rwn\438\Dataset\Dataset\Yellow Mosaic Virus\IMG20250712121152.jpg,Yellow Mosaic Virus,7006
C:\Users\Fame IT\Videos\rwn\438\Dataset\Dataset\Yellow Mosaic Virus\IMG20250712121219.jpg,Yellow Mosaic Virus,7008
C:\Users\Fame IT\Videos\rwn\438\Dataset\Dataset\Yellow Mosaic Virus\IMG20250712121230.jpg,Yellow Mosaic Virus,7009
C:\Users\Fame IT\Videos\rwn\438\Dataset\Dataset\Yellow Mosaic Virus\IMG20250712121346.jpg,Yellow Mosaic Virus,7015
C:\Users\Fame IT\Videos\rwn\438\Dataset\Dataset\Yellow Mosaic Virus\IMG20250712121357.jpg,Yellow Mosaic Virus,7016
C:\Users\Fame IT\Videos\rwn\438\Dataset\Dataset\Yellow Mosaic Virus\IMG20250712121416.jpg,Yellow Mosaic Virus,7017
C:\Users\Fame IT\Videos\rwn\438\Dataset\Dataset\Yellow Mosaic Virus\IMG20250712121459.jpg,Yellow Mosaic Virus,7019
C:\Users\Fame IT\Videos\rwn\438\Dataset\Dataset\Yellow Mosaic Virus\IMG20250712121506.jpg,Yellow Mosaic Virus,7020
C:\Users\Fame IT\Videos\rwn\438\Dataset\Dataset\Yellow Mosaic Virus\IMG20250712121516.jpg,Yellow Mosaic Virus,7022
C:\Users\Fame IT\Videos\rwn\438\Dataset\Dataset\Yellow Mosaic Virus\IMG20250712121523.jpg,Yellow Mosaic Virus,7023
C:\Users\Fame IT\Videos\rwn\438\Dataset\Dataset\Yellow Mosaic Virus\IMG20250712121558.jpg,Yellow Mosaic Virus,7025
C:\Users\Fame IT\Videos\rwn\438\Dataset\Dataset\Yellow Mosaic Virus\IMG20250712121606.jpg,Yellow Mosaic Virus,7026
C:\Users\Fame IT\Videos\rwn\438\Dataset\Dataset\Yellow Mosaic Virus\IMG20250712121612.jpg,Yellow Mosaic Virus,7027
C:\Users\Fame IT\Videos\rwn\438\Dataset\Dataset\Yellow Mosaic Virus\IMG20250712121627.jpg,Yellow Mosaic Virus,7029
C:\Users\Fame IT\Videos\rwn\438\Dataset\Dataset\Yellow Mosaic Virus\IMG20250712121630.jpg,Yellow Mosaic Virus,7030
C:\Users\Fame IT\Videos\rwn\438\Dataset\Dataset\Yellow Mosaic Virus\IMG20250712121633.jpg,Yellow Mosaic Virus,7031
C:\Users\Fame IT\Videos\rwn\438\Dataset\Dataset\Yellow Mosaic Virus\IMG20250712121646.jpg,Yellow Mosaic Virus,7033
C:\Users\Fame IT\Videos\rwn\438\Dataset\Dataset\Yellow Mosaic Virus\IMG20250712121718.jpg,Yellow Mosaic Virus,7034
C:\Users\Fame IT\Videos\rwn\438\Dataset\Dataset\Yellow Mosaic Virus\IMG20250712121809.jpg,Yellow Mosaic Virus,7036
C:\Users\Fame IT\Videos\rwn\438\Dataset\Dataset\Yellow Mosaic Virus\IMG20250712121815.jpg,Yellow Mosaic Virus,7037
C:\Users\Fame IT\Videos\rwn\438\Dataset\Dataset\Yellow Mosaic Virus\IMG20250712121820.jpg,Yellow Mosaic Virus,7038
C:\Users\Fame IT\Videos\rwn\438\Dataset\Dataset\Yellow Mosaic Virus\IMG20250712121825.jpg,Yellow Mosaic Virus,7039
C:\Users\Fame IT\Videos\rwn\438\Dataset\Dataset\Yellow Mosaic Virus\IMG20250712121829.jpg,Yellow Mosaic Virus,7040
C:\Users\Fame IT\Videos\rwn\438\Dataset\Dataset\Yellow Mosaic Virus\IMG20250712121855.jpg,Yellow Mosaic Virus,7041
C:\Users\Fame IT\Videos\rwn\438\Dataset\Dataset\Yellow Mosaic Virus\IMG20250712121859.jpg,Yellow Mosaic Virus,7042
C:\Users\Fame IT\Videos\rwn\438\Dataset\Dataset\Yellow Mosaic Virus\IMG20250712121914.jpg,Yellow Mosaic Virus,7043
C:\Users\Fame IT\Videos\rwn\438\Dataset\Dataset\Yellow Mosaic Virus\IMG20250712121928.jpg,Yellow Mosaic Virus,7045
C:\Users\Fame IT\Videos\rwn\438\Dataset\Dataset\Yellow Mosaic Virus\IMG20250712121939.jpg,Yellow Mosaic Virus,7046
C:\Users\Fame IT\Videos\rwn\438\Dataset\Dataset\Yellow Mosaic Virus\IMG20250712121946.jpg,Yellow Mosaic Virus,7047
C:\Users\Fame IT\Videos\rwn\438\Dataset\Dataset\Yellow Mosaic Virus\IMG20250712122055.jpg,Yellow Mosaic Virus,7048
C:\Users\Fame IT\Videos\rwn\438\Dataset\Dataset\Yellow Mosaic Virus\IMG20250712122102.jpg,Yellow Mosaic Virus,7049
C:\Users\Fame IT\Videos\rwn\438\Dataset\Dataset\Yellow Mosaic Virus\IMG20250712122122.jpg,Yellow Mosaic Virus,7051
C:\Users\Fame IT\Videos\rwn\438\Dataset\Dataset\Yellow Mosaic Virus\IMG20250712122127.jpg,Yellow Mosaic Virus,7052
C:\Users\Fame IT\Videos\rwn\438\Dataset\Dataset\Yellow Mosaic Virus\IMG20250712122131.jpg,Yellow Mosaic Virus,7053
C:\Users\Fame IT\Videos\rwn\438\Dataset\Dataset\Yellow Mosaic Virus\IMG20250712122134.jpg,Yellow Mosaic Virus,7054
C:\Users\Fame IT\Videos\rwn\438\Dataset\Dataset\Yellow Mosaic Virus\IMG20250712122156.jpg,Yellow Mosaic Virus,7056
C:\Users\Fame IT\Videos\rwn\438\Dataset\Dataset\Yellow Mosaic Virus\IMG20250712122204.jpg,Yellow Mosaic Virus,7057
C:\Users\Fame IT\Videos\rwn\438\Dataset\Dataset\Yellow Mosaic Virus\IMG20250712122215.jpg,Yellow Mosaic Virus,7059
C:\Users\Fame IT\Videos\rwn\438\Dataset\Dataset\Yellow Mosaic Virus\IMG20250712122225.jpg,Yellow Mosaic Virus,7060
C:\Users\Fame IT\Videos\rwn\438\Dataset\Dataset\Yellow Mosaic Virus\IMG20250712122247.jpg,Yellow Mosaic Virus,7061
C:\Users\Fame IT\Videos\rwn\438\Dataset\Dataset\Yellow Mosaic Virus\IMG20250712122251.jpg,Yellow Mosaic Virus,7062
C:\Users\Fame IT\Videos\rwn\438\Dataset\Dataset\Yellow Mosaic Virus\IMG20250712122301.jpg,Yellow Mosaic Virus,7064
C:\Users\Fame IT\Videos\rwn\438\Dataset\Dataset\Yellow Mosaic Virus\IMG20250712122346.jpg,Yellow Mosaic Virus,7065
C:\Users\Fame IT\Videos\rwn\438\Dataset\Dataset\Yellow Mosaic Virus\IMG20250712122350.jpg,Yellow Mosaic Virus,7066
C:\Users\Fame IT\Videos\rwn\438\Dataset\Dataset\Yellow Mosaic Virus\IMG20250712122358.jpg,Yellow Mosaic Virus,7067
C:\Users\Fame IT\Videos\rwn\438\Dataset\Dataset\Yellow Mosaic Virus\IMG20250712122403.jpg,Yellow Mosaic Virus,7068
C:\Users\Fame IT\Videos\rwn\438\Dataset\Dataset\Yellow Mosaic Virus\IMG20250712122408.jpg,Yellow Mosaic Virus,7069
C:\Users\Fame IT\Videos\rwn\438\Dataset\Dataset\Yellow Mosaic Virus\IMG20250712122503.jpg,Yellow Mosaic Virus,7072
C:\Users\Fame IT\Videos\rwn\438\Dataset\Dataset\Yellow Mosaic Virus\IMG20250712122510_BURST001_COVER.jpg,Yellow Mosaic Virus,7073
C:\Users\Fame IT\Videos\rwn\438\Dataset\Dataset\Yellow Mosaic Virus\IMG20250712122605.jpg,Yellow Mosaic Virus,7074
C:\Users\Fame IT\Videos\rwn\438\Dataset\Dataset\Yellow Mosaic Virus\IMG20250712122612.jpg,Yellow Mosaic Virus,7075
C:\Users\Fame IT\Videos\rwn\438\Dataset\Dataset\Yellow Mosaic Virus\IMG20250712122618.jpg,Yellow Mosaic Virus,7076
C:\Users\Fame IT\Videos\rwn\438\Dataset\Dataset\Yellow Mosaic Virus\IMG20250712122621.jpg,Yellow Mosaic Virus,7077
C:\Users\Fame IT\Videos\rwn\438\Dataset\Dataset\Yellow Mosaic Virus\IMG20250712122625.jpg,Yellow Mosaic Virus,7078
C:\Users\Fame IT\Videos\rwn\438\Dataset\Dataset\Yellow Mosaic Virus\IMG20250712122637.jpg,Yellow Mosaic Virus,7080
C:\Users\Fame IT\Videos\rwn\438\Dataset\Dataset\Yellow Mosaic Virus\IMG20250712122700.jpg,Yellow Mosaic Virus,7081
C:\Users\Fame IT\Videos\rwn\438\Dataset\Dataset\Yellow Mosaic Virus\IMG20250712122708.jpg,Yellow Mosaic Virus,7082
C:\Users\Fame IT\Videos\rwn\438\Dataset\Dataset\Yellow Mosaic Virus\IMG20250712122712.jpg,Yellow Mosaic Virus,7083
C:\Users\Fame IT\Videos\rwn\438\Dataset\Dataset\Yellow Mosaic Virus\IMG20250712122717.jpg,Yellow Mosaic Virus,7084
C:\Users\Fame IT\Videos\rwn\438\Dataset\Dataset\Yellow Mosaic Virus\IMG20250712122721.jpg,Yellow Mosaic Virus,7085
C:\Users\Fame IT\Videos\rwn\438\Dataset\Dataset\Yellow Mosaic Virus\IMG20250712122733.jpg,Yellow Mosaic Virus,7087
C:\Users\Fame IT\Videos\rwn\438\Dataset\Dataset\Yellow Mosaic Virus\IMG20250712122739.jpg,Yellow Mosaic Virus,7088
C:\Users\Fame IT\Videos\rwn\438\Dataset\Dataset\Yellow Mosaic Virus\IMG20250712122816.jpg,Yellow Mosaic Virus,7089
C:\Users\Fame IT\Videos\rwn\438\Dataset\Dataset\Yellow Mosaic Virus\IMG20250712122825.jpg,Yellow Mosaic Virus,7091
C:\Users\Fame IT\Videos\rwn\438\Dataset\Dataset\Yellow Mosaic Virus\IMG20250712122830.jpg,Yellow Mosaic Virus,7092
C:\Users\Fame IT\Videos\rwn\438\Dataset\Dataset\Yellow Mosaic Virus\IMG20250712122834.jpg,Yellow Mosaic Virus,7093
C:\Users\Fame IT\Videos\rwn\438\Dataset\Dataset\Yellow Mosaic Virus\IMG20250712122838.jpg,Yellow Mosaic Virus,7094
C:\Users\Fame IT\Videos\rwn\438\Dataset\Dataset\Yellow Mosaic Virus\IMG20250712122842.jpg,Yellow Mosaic Virus,7095
C:\Users\Fame IT\Videos\rwn\438\Dataset\Dataset\Yellow Mosaic Virus\IMG20250712122910.jpg,Yellow Mosaic Virus,7096
C:\Users\Fame IT\Videos\rwn\438\Dataset\Dataset\Yellow Mosaic Virus\IMG20250712122926.jpg,Yellow Mosaic Virus,7098
C:\Users\Fame IT\Videos\rwn\438\Dataset\Dataset\Yellow Mosaic Virus\IMG20250712122934.jpg,Yellow Mosaic Virus,7100
C:\Users\Fame IT\Videos\rwn\438\Dataset\Dataset\Yellow Mosaic Virus\IMG20250712122939.jpg,Yellow Mosaic Virus,7101
C:\Users\Fame IT\Videos\rwn\438\Dataset\Dataset\Yellow Mosaic Virus\IMG20250712122943.jpg,Yellow Mosaic Virus,7102
C:\Users\Fame IT\Videos\rwn\438\Dataset\Dataset\Yellow Mosaic Virus\IMG20250712122957.jpg,Yellow Mosaic Virus,7104
C:\Users\Fame IT\Videos\rwn\438\Dataset\Dataset\Yellow Mosaic Virus\IMG20250712123040.jpg,Yellow Mosaic Virus,7107
C:\Users\Fame IT\Videos\rwn\438\Dataset\Dataset\Yellow Mosaic Virus\IMG20250712123047.jpg,Yellow Mosaic Virus,7108
C:\Users\Fame IT\Videos\rwn\438\Dataset\Dataset\Yellow Mosaic Virus\IMG20250712123057.jpg,Yellow Mosaic Virus,7109
C:\Users\Fame IT\Videos\rwn\438\Dataset\Dataset\Yellow Mosaic Virus\IMG20250712123130.jpg,Yellow Mosaic Virus,7110
C:\Users\Fame IT\Videos\rwn\438\Dataset\Dataset\Yellow Mosaic Virus\IMG20250712123135.jpg,Yellow Mosaic Virus,7111
C:\Users\Fame IT\Videos\rwn\438\Dataset\Dataset\Yellow Mosaic Virus\IMG20250712123208.jpg,Yellow Mosaic Virus,7114
C:\Users\Fame IT\Videos\rwn\438\Dataset\Dataset\Yellow Mosaic Virus\IMG20250712123212.jpg,Yellow Mosaic Virus,7115
C:\Users\Fame IT\Videos\rwn\438\Dataset\Dataset\Yellow Mosaic Virus\IMG20250712123217.jpg,Yellow Mosaic Virus,7116
C:\Users\Fame IT\Videos\rwn\438\Dataset\Dataset\Yellow Mosaic Virus\IMG20250712123234.jpg,Yellow Mosaic Virus,7117
C:\Users\Fame IT\Videos\rwn\438\Dataset\Dataset\Yellow Mosaic Virus\IMG20250712123239.jpg,Yellow Mosaic Virus,7118
C:\Users\Fame IT\Videos\rwn\438\Dataset\Dataset\Yellow Mosaic Virus\IMG20250712123243.jpg,Yellow Mosaic Virus,7119
C:\Users\Fame IT\Videos\rwn\438\Dataset\Dataset\Yellow Mosaic Virus\IMG20250712123406.jpg,Yellow Mosaic Virus,7120
C:\Users\Fame IT\Videos\rwn\438\Dataset\Dataset\Yellow Mosaic Virus\IMG20250712123427.jpg,Yellow Mosaic Virus,7123
C:\Users\Fame IT\Videos\rwn\438\Dataset\Dataset\Yellow Mosaic Virus\IMG20250712123438.jpg,Yellow Mosaic Virus,7125
C:\Users\Fame IT\Videos\rwn\438\Dataset\Dataset\Yellow Mosaic Virus\IMG20250712123452.jpg,Yellow Mosaic Virus,7126
C:\Users\Fame IT\Videos\rwn\438\Dataset\Dataset\Yellow Mosaic Virus\IMG20250712123502.jpg,Yellow Mosaic Virus,7127
C:\Users\Fame IT\Videos\rwn\438\Dataset\Dataset\Yellow Mosaic Virus\IMG20250712123604.jpg,Yellow Mosaic Virus,7130
C:\Users\Fame IT\Videos\rwn\438\Dataset\Dataset\Yellow Mosaic Virus\IMG20250712123625.jpg,Yellow Mosaic Virus,7131
C:\Users\Fame IT\Videos\rwn\438\Dataset\Dataset\Yellow Mosaic Virus\IMG20250712123631.jpg,Yellow Mosaic Virus,7132
C:\Users\Fame IT\Videos\rwn\438\Dataset\Dataset\Yellow Mosaic Virus\IMG20250712123635.jpg,Yellow Mosaic Virus,7133
C:\Users\Fame IT\Videos\rwn\438\Dataset\Dataset\Yellow Mosaic Virus\IMG20250712123713.jpg,Yellow Mosaic Virus,7137
C:\Users\Fame IT\Videos\rwn\438\Dataset\Dataset\Yellow Mosaic Virus\IMG20250712123734.jpg,Yellow Mosaic Virus,7138
C:\Users\Fame IT\Videos\rwn\438\Dataset\Dataset\Yellow Mosaic Virus\IMG20250712123738.jpg,Yellow Mosaic Virus,7139
C:\Users\Fame IT\Videos\rwn\438\Dataset\Dataset\Yellow Mosaic Virus\IMG20250712123744.jpg,Yellow Mosaic Virus,7140
C:\Users\Fame IT\Videos\rwn\438\Dataset\Dataset\Yellow Mosaic Virus\IMG20250712123750.jpg,Yellow Mosaic Virus,7141
C:\Users\Fame IT\Videos\rwn\438\Dataset\Dataset\Yellow Mosaic Virus\IMG20250712123754.jpg,Yellow Mosaic Virus,7142
C:\Users\Fame IT\Videos\rwn\438\Dataset\Dataset\Yellow Mosaic Virus\IMG20250712123831.jpg,Yellow Mosaic Virus,7143
C:\Users\Fame IT\Videos\rwn\438\Dataset\Dataset\Yellow Mosaic Virus\IMG20250712123838.jpg,Yellow Mosaic Virus,7144
C:\Users\Fame IT\Videos\rwn\438\Dataset\Dataset\Yellow Mosaic Virus\IMG20250712123843.jpg,Yellow Mosaic Virus,7145
C:\Users\Fame IT\Videos\rwn\438\Dataset\Dataset\Yellow Mosaic Virus\IMG20250712123854.jpg,Yellow Mosaic Virus,7146
C:\Users\Fame IT\Videos\rwn\438\Dataset\Dataset\Yellow Mosaic Virus\IMG20250712123945.jpg,Yellow Mosaic Virus,7151
C:\Users\Fame IT\Videos\rwn\438\Dataset\Dataset\Yellow Mosaic Virus\IMG20250712123949.jpg,Yellow Mosaic Virus,7152
C:\Users\Fame IT\Videos\rwn\438\Dataset\Dataset\Yellow Mosaic Virus\IMG20250712123956.jpg,Yellow Mosaic Virus,7153
C:\Users\Fame IT\Videos\rwn\438\Dataset\Dataset\Yellow Mosaic Virus\IMG20250712124016.jpg,Yellow Mosaic Virus,7155
C:\Users\Fame IT\Videos\rwn\438\Dataset\Dataset\Yellow Mosaic Virus\IMG20250712124019.jpg,Yellow Mosaic Virus,7156
C:\Users\Fame IT\Videos\rwn\438\Dataset\Dataset\Yellow Mosaic Virus\IMG20250712124026.jpg,Yellow Mosaic Virus,7158
C:\Users\Fame IT\Videos\rwn\438\Dataset\Dataset\Yellow Mosaic Virus\IMG20250712124029.jpg,Yellow Mosaic Virus,7159
C:\Users\Fame IT\Videos\rwn\438\Dataset\Dataset\Yellow Mosaic Virus\IMG20250712124039.jpg,Yellow Mosaic Virus,7162
C:\Users\Fame IT\Videos\rwn\438\Dataset\Dataset\Yellow Mosaic Virus\IMG20250712124113.jpg,Yellow Mosaic Virus,7163
C:\Users\Fame IT\Videos\rwn\438\Dataset\Dataset\Yellow Mosaic Virus\IMG20250712124118.jpg,Yellow Mosaic Virus,7164
C:\Users\Fame IT\Videos\rwn\438\Dataset\Dataset\Yellow Mosaic Virus\IMG20250712124130.jpg,Yellow Mosaic Virus,7165
C:\Users\Fame IT\Videos\rwn\438\Dataset\Dataset\Yellow Mosaic Virus\IMG20250712124133.jpg,Yellow Mosaic Virus,7166
C:\Users\Fame IT\Videos\rwn\438\Dataset\Dataset\Yellow Mosaic Virus\IMG20250712124137.jpg,Yellow Mosaic Virus,7167
C:\Users\Fame IT\Videos\rwn\438\Dataset\Dataset\Yellow Mosaic Virus\IMG20250712124142.jpg,Yellow Mosaic Virus,7169
C:\Users\Fame IT\Videos\rwn\438\Dataset\Dataset\Yellow Mosaic Virus\IMG20250712124145.jpg,Yellow Mosaic Virus,7170
C:\Users\Fame IT\Videos\rwn\438\Dataset\Dataset\Yellow Mosaic Virus\IMG20250712124158.jpg,Yellow Mosaic Virus,7171
C:\Users\Fame IT\Videos\rwn\438\Dataset\Dataset\Yellow Mosaic Virus\IMG20250712124201.jpg,Yellow Mosaic Virus,7172
C:\Users\Fame IT\Videos\rwn\438\Dataset\Dataset\Yellow Mosaic Virus\IMG20250712124223.jpg,Yellow Mosaic Virus,7174
C:\Users\Fame IT\Videos\rwn\438\Dataset\Dataset\Yellow Mosaic Virus\IMG20250712124230.jpg,Yellow Mosaic Virus,7176
C:\Users\Fame IT\Videos\rwn\438\Dataset\Dataset\Yellow Mosaic Virus\IMG20250712124254.jpg,Yellow Mosaic Virus,7177
C:\Users\Fame IT\Videos\rwn\438\Dataset\Dataset\Yellow Mosaic Virus\IMG20250712124259.jpg,Yellow Mosaic Virus,7178
C:\Users\Fame IT\Videos\rwn\438\Dataset\Dataset\Yellow Mosaic Virus\IMG20250712124317.jpg,Yellow Mosaic Virus,7179
C:\Users\Fame IT\Videos\rwn\438\Dataset\Dataset\Yellow Mosaic Virus\IMG20250712124323.jpg,Yellow Mosaic Virus,7180
C:\Users\Fame IT\Videos\rwn\438\Dataset\Dataset\Yellow Mosaic Virus\IMG20250712124327.jpg,Yellow Mosaic Virus,7181
C:\Users\Fame IT\Videos\rwn\438\Dataset\Dataset\Yellow Mosaic Virus\IMG20250712124333.jpg,Yellow Mosaic Virus,7182
C:\Users\Fame IT\Videos\rwn\438\Dataset\Dataset\Yellow Mosaic Virus\IMG20250712124342.jpg,Yellow Mosaic Virus,7183
C:\Users\Fame IT\Videos\rwn\438\Dataset\Dataset\Yellow Mosaic Virus\IMG20250712124351.jpg,Yellow Mosaic Virus,7184
C:\Users\Fame IT\Videos\rwn\438\Dataset\Dataset\Yellow Mosaic Virus\IMG20250712124422.jpg,Yellow Mosaic Virus,7188
C:\Users\Fame IT\Videos\rwn\438\Dataset\Dataset\Yellow Mosaic Virus\IMG20250712124426.jpg,Yellow Mosaic Virus,7189
C:\Users\Fame IT\Videos\rwn\438\Dataset\Dataset\Yellow Mosaic Virus\IMG20250712124436.jpg,Yellow Mosaic Virus,7192
C:\Users\Fame IT\Videos\rwn\438\Dataset\Dataset\Yellow Mosaic Virus\IMG20250712124443.jpg,Yellow Mosaic Virus,7193
C:\Users\Fame IT\Videos\rwn\438\Dataset\Dataset\Yellow Mosaic Virus\IMG20250712124448.jpg,Yellow Mosaic Virus,7194
C:\Users\Fame IT\Videos\rwn\438\Dataset\Dataset\Yellow Mosaic Virus\IMG20250712124507.jpg,Yellow Mosaic Virus,7196
C:\Users\Fame IT\Videos\rwn\438\Dataset\Dataset\Yellow Mosaic Virus\IMG20250712124528.jpg,Yellow Mosaic Virus,7197
C:\Users\Fame IT\Videos\rwn\438\Dataset\Dataset\Yellow Mosaic Virus\IMG20250712124532.jpg,Yellow Mosaic Virus,7198
C:\Users\Fame IT\Videos\rwn\438\Dataset\Dataset\Yellow Mosaic Virus\IMG20250712124536.jpg,Yellow Mosaic Virus,7199
C:\Users\Fame IT\Videos\rwn\438\Dataset\Dataset\Yellow Mosaic Virus\IMG20250712124539.jpg,Yellow Mosaic Virus,7200
C:\Users\Fame IT\Videos\rwn\438\Dataset\Dataset\Yellow Mosaic Virus\IMG20250712124549.jpg,Yellow Mosaic Virus,7203
C:\Users\Fame IT\Videos\rwn\438\Dataset\Dataset\Yellow Mosaic Virus\IMG20250712124552.jpg,Yellow Mosaic Virus,7204
C:\Users\Fame IT\Videos\rwn\438\Dataset\Dataset\Yellow Mosaic Virus\IMG20250712124644.jpg,Yellow Mosaic Virus,7208
C:\Users\Fame IT\Videos\rwn\438\Dataset\Dataset\Yellow Mosaic Virus\IMG20250712124656.jpg,Yellow Mosaic Virus,7211
C:\Users\Fame IT\Videos\rwn\438\Dataset\Dataset\Yellow Mosaic Virus\IMG20250712124704.jpg,Yellow Mosaic Virus,7212
C:\Users\Fame IT\Videos\rwn\438\Dataset\Dataset\Yellow Mosaic Virus\IMG20250712124709.jpg,Yellow Mosaic Virus,7213
C:\Users\Fame IT\Videos\rwn\438\Dataset\Dataset\Yellow Mosaic Virus\IMG20250712124713.jpg,Yellow Mosaic Virus,7214
C:\Users\Fame IT\Videos\rwn\438\Dataset\Dataset\Yellow Mosaic Virus\IMG20250712124814.jpg,Yellow Mosaic Virus,7218
C:\Users\Fame IT\Videos\rwn\438\Dataset\Dataset\Yellow Mosaic Virus\IMG20250712124822.jpg,Yellow Mosaic Virus,7220
C:\Users\Fame IT\Videos\rwn\438\Dataset\Dataset\Yellow Mosaic Virus\IMG20250712124831.jpg,Yellow Mosaic Virus,7221
C:\Users\Fame IT\Videos\rwn\438\Dataset\Dataset\Yellow Mosaic Virus\IMG20250712124901.jpg,Yellow Mosaic Virus,7223
C:\Users\Fame IT\Videos\rwn\438\Dataset\Dataset\Yellow Mosaic Virus\IMG20250712124932.jpg,Yellow Mosaic Virus,7224
C:\Users\Fame IT\Videos\rwn\438\Dataset\Dataset\Yellow Mosaic Virus\IMG20250712124944.jpg,Yellow Mosaic Virus,7226
C:\Users\Fame IT\Videos\rwn\438\Dataset\Dataset\Yellow Mosaic Virus\IMG20250712124957.jpg,Yellow Mosaic Virus,7227
C:\Users\Fame IT\Videos\rwn\438\Dataset\Dataset\Yellow Mosaic Virus\IMG20250712125002.jpg,Yellow Mosaic Virus,7228
C:\Users\Fame IT\Videos\rwn\438\Dataset\Dataset\Yellow Mosaic Virus\IMG20250712125045.jpg,Yellow Mosaic Virus,7230
C:\Users\Fame IT\Videos\rwn\438\Dataset\Dataset\Yellow Mosaic Virus\IMG20250712125051.jpg,Yellow Mosaic Virus,7231
C:\Users\Fame IT\Videos\rwn\438\Dataset\Dataset\Yellow Mosaic Virus\IMG20250712125100.jpg,Yellow Mosaic Virus,7233
C:\Users\Fame IT\Videos\rwn\438\Dataset\Dataset\Yellow Mosaic Virus\IMG20250712125105.jpg,Yellow Mosaic Virus,7234
C:\Users\Fame IT\Videos\rwn\438\Dataset\Dataset\Yellow Mosaic Virus\IMG20250712125116.jpg,Yellow Mosaic Virus,7236
C:\Users\Fame IT\Videos\rwn\438\Dataset\Dataset\Yellow Mosaic Virus\IMG20250712125121.jpg,Yellow Mosaic Virus,7237
C:\Users\Fame IT\Videos\rwn\438\Dataset\Dataset\Yellow Mosaic Virus\IMG20250712125129.jpg,Yellow Mosaic Virus,7238
C:\Users\Fame IT\Videos\rwn\438\Dataset\Dataset\Yellow Mosaic Virus\IMG20250712125142.jpg,Yellow Mosaic Virus,7240
C:\Users\Fame IT\Videos\rwn\438\Dataset\Dataset\Yellow Mosaic Virus\IMG20250712125152.jpg,Yellow Mosaic Virus,7242
C:\Users\Fame IT\Videos\rwn\438\Dataset\Dataset\Yellow Mosaic Virus\IMG20250712125157.jpg,Yellow Mosaic Virus,7243
C:\Users\Fame IT\Videos\rwn\438\Dataset\Dataset\Yellow Mosaic Virus\IMG20250712125219.jpg,Yellow Mosaic Virus,7244
C:\Users\Fame IT\Videos\rwn\438\Dataset\Dataset\Yellow Mosaic Virus\IMG20250712125226.jpg,Yellow Mosaic Virus,7245
C:\Users\Fame IT\Videos\rwn\438\Dataset\Dataset\Yellow Mosaic Virus\IMG20250712125237.jpg,Yellow Mosaic Virus,7247
C:\Users\Fame IT\Videos\rwn\438\Dataset\Dataset\Yellow Mosaic Virus\IMG20250712125247.jpg,Yellow Mosaic Virus,7249
C:\Users\Fame IT\Videos\rwn\438\Dataset\Dataset\Yellow Mosaic Virus\IMG20250712125252.jpg,Yellow Mosaic Virus,7250
C:\Users\Fame IT\Videos\rwn\438\Dataset\Dataset\Yellow Mosaic Virus\IMG20250712125300.jpg,Yellow Mosaic Virus,7252
C:\Users\Fame IT\Videos\rwn\438\Dataset\Dataset\Yellow Mosaic Virus\IMG20250712125310.jpg,Yellow Mosaic Virus,7254
C:\Users\Fame IT\Videos\rwn\438\Dataset\Dataset\Yellow Mosaic Virus\IMG20250712125357.jpg,Yellow Mosaic Virus,7256
C:\Users\Fame IT\Videos\rwn\438\Dataset\Dataset\Yellow Mosaic Virus\IMG20250712125401.jpg,Yellow Mosaic Virus,7257
C:\Users\Fame IT\Videos\rwn\438\Dataset\Dataset\Yellow Mosaic Virus\IMG20250712125404.jpg,Yellow Mosaic Virus,7258
C:\Users\Fame IT\Videos\rwn\438\Dataset\Dataset\Yellow Mosaic Virus\IMG20250712125411.jpg,Yellow Mosaic Virus,7260
C:\Users\Fame IT\Videos\rwn\438\Dataset\Dataset\Yellow Mosaic Virus\IMG20250712125414.jpg,Yellow Mosaic Virus,7261
C:\Users\Fame IT\Videos\rwn\438\Dataset\Dataset\Yellow Mosaic Virus\IMG20250712125421.jpg,Yellow Mosaic Virus,7263
C:\Users\Fame IT\Videos\rwn\438\Dataset\Dataset\Yellow Mosaic Virus\IMG20250712125452.jpg,Yellow Mosaic Virus,7264
C:\Users\Fame IT\Videos\rwn\438\Dataset\Dataset\Yellow Mosaic Virus\IMG20250712125502.jpg,Yellow Mosaic Virus,7265
C:\Users\Fame IT\Videos\rwn\438\Dataset\Dataset\Yellow Mosaic Virus\IMG20250712125514.jpg,Yellow Mosaic Virus,7266
C:\Users\Fame IT\Videos\rwn\438\Dataset\Dataset\Yellow Mosaic Virus\IMG20250712125519.jpg,Yellow Mosaic Virus,7267
C:\Users\Fame IT\Videos\rwn\438\Dataset\Dataset\Yellow Mosaic Virus\IMG20250712125522.jpg,Yellow Mosaic Virus,7268
C:\Users\Fame IT\Videos\rwn\438\Dataset\Dataset\Yellow Mosaic Virus\IMG20250712125526.jpg,Yellow Mosaic Virus,7269
C:\Users\Fame IT\Videos\rwn\438\Dataset\Dataset\Yellow Mosaic Virus\IMG20250712125530.jpg,Yellow Mosaic Virus,7270
C:\Users\Fame IT\Videos\rwn\438\Dataset\Dataset\Yellow Mosaic Virus\IMG20250712125535.jpg,Yellow Mosaic Virus,7271
C:\Users\Fame IT\Videos\rwn\438\Dataset\Dataset\Yellow Mosaic Virus\IMG20250712125538.jpg,Yellow Mosaic Virus,7272
C:\Users\Fame IT\Videos\rwn\438\Dataset\Dataset\Yellow Mosaic Virus\IMG20250712125549.jpg,Yellow Mosaic Virus,7273
C:\Users\Fame IT\Videos\rwn\438\Dataset\Dataset\Yellow Mosaic Virus\IMG20250712125554.jpg,Yellow Mosaic Virus,7274
C:\Users\Fame IT\Videos\rwn\438\Dataset\Dataset\Yellow Mosaic Virus\IMG20250712125602.jpg,Yellow Mosaic Virus,7275
C:\Users\Fame IT\Videos\rwn\438\Dataset\Dataset\Yellow Mosaic Virus\IMG20250712125613.jpg,Yellow Mosaic Virus,7277
C:\Users\Fame IT\Videos\rwn\438\Dataset\Dataset\Yellow Mosaic Virus\IMG20250712125627.jpg,Yellow Mosaic Virus,7278
C:\Users\Fame IT\Videos\rwn\438\Dataset\Dataset\Yellow Mosaic Virus\IMG20250712125631.jpg,Yellow Mosaic Virus,7279
C:\Users\Fame IT\Videos\rwn\438\Dataset\Dataset\Yellow Mosaic Virus\IMG20250712125639.jpg,Yellow Mosaic Virus,7281
C:\Users\Fame IT\Videos\rwn\438\Dataset\Dataset\Yellow Mosaic Virus\IMG20250712125656.jpg,Yellow Mosaic Virus,7284
C:\Users\Fame IT\Videos\rwn\438\Dataset\Dataset\Yellow Mosaic Virus\IMG20250712125701.jpg,Yellow Mosaic Virus,7285
C:\Users\Fame IT\Videos\rwn\438\Dataset\Dataset\Yellow Mosaic Virus\IMG20250712125709.jpg,Yellow Mosaic Virus,7286
C:\Users\Fame IT\Videos\rwn\438\Dataset\Dataset\Yellow Mosaic Virus\IMG20250712125722.jpg,Yellow Mosaic Virus,7288
C:\Users\Fame IT\Videos\rwn\438\Dataset\Dataset\Yellow Mosaic Virus\IMG20250712125928.jpg,Yellow Mosaic Virus,7289
C:\Users\Fame IT\Videos\rwn\438\Dataset\Dataset\Yellow Mosaic Virus\IMG20250712125937.jpg,Yellow Mosaic Virus,7290
C:\Users\Fame IT\Videos\rwn\438\Dataset\Dataset\Yellow Mosaic Virus\IMG20250712125947.jpg,Yellow Mosaic Virus,7292
C:\Users\Fame IT\Videos\rwn\438\Dataset\Dataset\Yellow Mosaic Virus\IMG20250712125956.jpg,Yellow Mosaic Virus,7294
C:\Users\Fame IT\Videos\rwn\438\Dataset\Dataset\Yellow Mosaic Virus\IMG20250712130010.jpg,Yellow Mosaic Virus,7295
C:\Users\Fame IT\Videos\rwn\438\Dataset\Dataset\Yellow Mosaic Virus\IMG20250712130015.jpg,Yellow Mosaic Virus,7296
C:\Users\Fame IT\Videos\rwn\438\Dataset\Dataset\Yellow Mosaic Virus\IMG20250712130020.jpg,Yellow Mosaic Virus,7297
C:\Users\Fame IT\Videos\rwn\438\Dataset\Dataset\Yellow Mosaic Virus\IMG20250712130028.jpg,Yellow Mosaic Virus,7298
C:\Users\Fame IT\Videos\rwn\438\Dataset\Dataset\Yellow Mosaic Virus\IMG20250712130054.jpg,Yellow Mosaic Virus,7304
C:\Users\Fame IT\Videos\rwn\438\Dataset\Dataset\Yellow Mosaic Virus\IMG20250712130107.jpg,Yellow Mosaic Virus,7305
C:\Users\Fame IT\Videos\rwn\438\Dataset\Dataset\Yellow Mosaic Virus\IMG20250712130119.jpg,Yellow Mosaic Virus,7307
C:\Users\Fame IT\Videos\rwn\438\Dataset\Dataset\Yellow Mosaic Virus\IMG20250712130149.jpg,Yellow Mosaic Virus,7309
C:\Users\Fame IT\Videos\rwn\438\Dataset\Dataset\Yellow Mosaic Virus\IMG20250712130153.jpg,Yellow Mosaic Virus,7310
C:\Users\Fame IT\Videos\rwn\438\Dataset\Dataset\Yellow Mosaic Virus\IMG20250712130200.jpg,Yellow Mosaic Virus,7312
C:\Users\Fame IT\Videos\rwn\438\Dataset\Dataset\Yellow Mosaic Virus\IMG20250712130240.jpg,Yellow Mosaic Virus,7313
C:\Users\Fame IT\Videos\rwn\438\Dataset\Dataset\Yellow Mosaic Virus\IMG20250712130243.jpg,Yellow Mosaic Virus,7314
C:\Users\Fame IT\Videos\rwn\438\Dataset\Dataset\Yellow Mosaic Virus\IMG20250712130247.jpg,Yellow Mosaic Virus,7315
C:\Users\Fame IT\Videos\rwn\438\Dataset\Dataset\Yellow Mosaic Virus\IMG20250712130250.jpg,Yellow Mosaic Virus,7316
C:\Users\Fame IT\Videos\rwn\438\Dataset\Dataset\Yellow Mosaic Virus\IMG20250712130255.jpg,Yellow Mosaic Virus,7317
C:\Users\Fame IT\Videos\rwn\438\Dataset\Dataset\Yellow Mosaic Virus\IMG20250712130259.jpg,Yellow Mosaic Virus,7318
C:\Users\Fame IT\Videos\rwn\438\Dataset\Dataset\Yellow Mosaic Virus\IMG20250712130302.jpg,Yellow Mosaic Virus,7319
C:\Users\Fame IT\Videos\rwn\438\Dataset\Dataset\Yellow Mosaic Virus\IMG20250712130306.jpg,Yellow Mosaic Virus,7320
C:\Users\Fame IT\Videos\rwn\438\Dataset\Dataset\Yellow Mosaic Virus\IMG20250712130310.jpg,Yellow Mosaic Virus,7321
C:\Users\Fame IT\Videos\rwn\438\Dataset\Dataset\Yellow Mosaic Virus\IMG20250712130328.jpg,Yellow Mosaic Virus,7322
C:\Users\Fame IT\Videos\rwn\438\Dataset\Dataset\Yellow Mosaic Virus\IMG20250712130338.jpg,Yellow Mosaic Virus,7324
C:\Users\Fame IT\Videos\rwn\438\Dataset\Dataset\Yellow Mosaic Virus\IMG20250712130342.jpg,Yellow Mosaic Virus,7325
C:\Users\Fame IT\Videos\rwn\438\Dataset\Dataset\Yellow Mosaic Virus\IMG20250712130346.jpg,Yellow Mosaic Virus,7326
C:\Users\Fame IT\Videos\rwn\438\Dataset\Dataset\Yellow Mosaic Virus\IMG20250712130352.jpg,Yellow Mosaic Virus,7327
C:\Users\Fame IT\Videos\rwn\438\Dataset\Dataset\Yellow Mosaic Virus\IMG20250712130355.jpg,Yellow Mosaic Virus,7328
C:\Users\Fame IT\Videos\rwn\438\Dataset\Dataset\Yellow Mosaic Virus\IMG20250712130359.jpg,Yellow Mosaic Virus,7329
C:\Users\Fame IT\Videos\rwn\438\Dataset\Dataset\Yellow Mosaic Virus\IMG20250712130441.jpg,Yellow Mosaic Virus,7330
C:\Users\Fame IT\Videos\rwn\438\Dataset\Dataset\Yellow Mosaic Virus\IMG20250712130445.jpg,Yellow Mosaic Virus,7331
C:\Users\Fame IT\Videos\rwn\438\Dataset\Dataset\Yellow Mosaic Virus\IMG20250712130453.jpg,Yellow Mosaic Virus,7333
C:\Users\Fame IT\Videos\rwn\438\Dataset\Dataset\Yellow Mosaic Virus\IMG20250712130456.jpg,Yellow Mosaic Virus,7334
C:\Users\Fame IT\Videos\rwn\438\Dataset\Dataset\Yellow Mosaic Virus\IMG20250712130500.jpg,Yellow Mosaic Virus,7335
C:\Users\Fame IT\Videos\rwn\438\Dataset\Dataset\Yellow Mosaic Virus\IMG20250712130541.jpg,Yellow Mosaic Virus,7337
C:\Users\Fame IT\Videos\rwn\438\Dataset\Dataset\Yellow Mosaic Virus\IMG20250712130545.jpg,Yellow Mosaic Virus,7338
C:\Users\Fame IT\Videos\rwn\438\Dataset\Dataset\Yellow Mosaic Virus\IMG20250712130549.jpg,Yellow Mosaic Virus,7339
C:\Users\Fame IT\Videos\rwn\438\Dataset\Dataset\Yellow Mosaic Virus\IMG20250712130554.jpg,Yellow Mosaic Virus,7340
C:\Users\Fame IT\Videos\rwn\438\Dataset\Dataset\Yellow Mosaic Virus\IMG20250712130558.jpg,Yellow Mosaic Virus,7341
C:\Users\Fame IT\Videos\rwn\438\Dataset\Dataset\Yellow Mosaic Virus\IMG20250712130621.jpg,Yellow Mosaic Virus,7342
C:\Users\Fame IT\Videos\rwn\438\Dataset\Dataset\Yellow Mosaic Virus\IMG20250712130625.jpg,Yellow Mosaic Virus,7343
C:\Users\Fame IT\Videos\rwn\438\Dataset\Dataset\Yellow Mosaic Virus\IMG20250712130630.jpg,Yellow Mosaic Virus,7344
C:\Users\Fame IT\Videos\rwn\438\Dataset\Dataset\Yellow Mosaic Virus\IMG20250712130643.jpg,Yellow Mosaic Virus,7347
C:\Users\Fame IT\Videos\rwn\438\Dataset\Dataset\Yellow Mosaic Virus\IMG20250712130647.jpg,Yellow Mosaic Virus,7348
C:\Users\Fame IT\Videos\rwn\438\Dataset\Dataset\Yellow Mosaic Virus\IMG20250712130652.jpg,Yellow Mosaic Virus,7349
C:\Users\Fame IT\Videos\rwn\438\Dataset\Dataset\Yellow Mosaic Virus\IMG20250712130700.jpg,Yellow Mosaic Virus,7351
C:\Users\Fame IT\Videos\rwn\438\Dataset\Dataset\Yellow Mosaic Virus\IMG20250712130703.jpg,Yellow Mosaic Virus,7352
C:\Users\Fame IT\Videos\rwn\438\Dataset\Dataset\Yellow Mosaic Virus\IMG20250712130708.jpg,Yellow Mosaic Virus,7353
C:\Users\Fame IT\Videos\rwn\438\Dataset\Dataset\Yellow Mosaic Virus\IMG20250712130712.jpg,Yellow Mosaic Virus,7354
C:\Users\Fame IT\Videos\rwn\438\Dataset\Dataset\Yellow Mosaic Virus\IMG20250712130718.jpg,Yellow Mosaic Virus,7355
C:\Users\Fame IT\Videos\rwn\438\Dataset\Dataset\Yellow Mosaic Virus\IMG20250712130844.jpg,Yellow Mosaic Virus,7358
C:\Users\Fame IT\Videos\rwn\438\Dataset\Dataset\Yellow Mosaic Virus\IMG20250712130851.jpg,Yellow Mosaic Virus,7359
C:\Users\Fame IT\Videos\rwn\438\Dataset\Dataset\Yellow Mosaic Virus\IMG20250712130854.jpg,Yellow Mosaic Virus,7360
C:\Users\Fame IT\Videos\rwn\438\Dataset\Dataset\Yellow Mosaic Virus\IMG20250712130901.jpg,Yellow Mosaic Virus,7362
C:\Users\Fame IT\Videos\rwn\438\Dataset\Dataset\Yellow Mosaic Virus\IMG20250712130904.jpg,Yellow Mosaic Virus,7363
C:\Users\Fame IT\Videos\rwn\438\Dataset\Dataset\Yellow Mosaic Virus\IMG20250712130910.jpg,Yellow Mosaic Virus,7364
C:\Users\Fame IT\Videos\rwn\438\Dataset\Dataset\Yellow Mosaic Virus\IMG20250712130923.jpg,Yellow Mosaic Virus,7366
C:\Users\Fame IT\Videos\rwn\438\Dataset\Dataset\Yellow Mosaic Virus\IMG20250712130929.jpg,Yellow Mosaic Virus,7367
C:\Users\Fame IT\Videos\rwn\438\Dataset\Dataset\Yellow Mosaic Virus\IMG20250712130936.jpg,Yellow Mosaic Virus,7369
C:\Users\Fame IT\Videos\rwn\438\Dataset\Dataset\Yellow Mosaic Virus\IMG20250712130946.jpg,Yellow Mosaic Virus,7372
C:\Users\Fame IT\Videos\rwn\438\Dataset\Dataset\Yellow Mosaic Virus\IMG20250712130954.jpg,Yellow Mosaic Virus,7373
C:\Users\Fame IT\Videos\rwn\438\Dataset\Dataset\Yellow Mosaic Virus\IMG20250712131009.jpg,Yellow Mosaic Virus,7376
C:\Users\Fame IT\Videos\rwn\438\Dataset\Dataset\Yellow Mosaic Virus\IMG20250712131013.jpg,Yellow Mosaic Virus,7377
C:\Users\Fame IT\Videos\rwn\438\Dataset\Dataset\Yellow Mosaic Virus\IMG20250712131042.jpg,Yellow Mosaic Virus,7380
C:\Users\Fame IT\Videos\rwn\438\Dataset\Dataset\Yellow Mosaic Virus\IMG20250712131046.jpg,Yellow Mosaic Virus,7381
C:\Users\Fame IT\Videos\rwn\438\Dataset\Dataset\Yellow Mosaic Virus\IMG20250712131107.jpg,Yellow Mosaic Virus,7382
C:\Users\Fame IT\Videos\rwn\438\Dataset\Dataset\Yellow Mosaic Virus\IMG20250712131114.jpg,Yellow Mosaic Virus,7384
C:\Users\Fame IT\Videos\rwn\438\Dataset\Dataset\Yellow Mosaic Virus\IMG20250712131129.jpg,Yellow Mosaic Virus,7388
C:\Users\Fame IT\Videos\rwn\438\Dataset\Dataset\Yellow Mosaic Virus\IMG20250712131144.jpg,Yellow Mosaic Virus,7389
C:\Users\Fame IT\Videos\rwn\438\Dataset\Dataset\Yellow Mosaic Virus\IMG20250712131148.jpg,Yellow Mosaic Virus,7390
C:\Users\Fame IT\Videos\rwn\438\Dataset\Dataset\Yellow Mosaic Virus\IMG20250712131151.jpg,Yellow Mosaic Virus,7391
C:\Users\Fame IT\Videos\rwn\438\Dataset\Dataset\Yellow Mosaic Virus\IMG20250712131158.jpg,Yellow Mosaic Virus,7393
C:\Users\Fame IT\Videos\rwn\438\Dataset\Dataset\Yellow Mosaic Virus\IMG20250712131214.jpg,Yellow Mosaic Virus,7394
C:\Users\Fame IT\Videos\rwn\438\Dataset\Dataset\Yellow Mosaic Virus\IMG20250712131234.jpg,Yellow Mosaic Virus,7399
C:\Users\Fame IT\Videos\rwn\438\Dataset\Dataset\Yellow Mosaic Virus\IMG20250712131239.jpg,Yellow Mosaic Virus,7400
C:\Users\Fame IT\Videos\rwn\438\Dataset\Dataset\Yellow Mosaic Virus\IMG20250712131243.jpg,Yellow Mosaic Virus,7401
C:\Users\Fame IT\Videos\rwn\438\Dataset\Dataset\Yellow Mosaic Virus\IMG20250712131247.jpg,Yellow Mosaic Virus,7402
C:\Users\Fame IT\Videos\rwn\438\Dataset\Dataset\Yellow Mosaic Virus\IMG20250712131313.jpg,Yellow Mosaic Virus,7404
C:\Users\Fame IT\Videos\rwn\438\Dataset\Dataset\Yellow Mosaic Virus\IMG20250712131318.jpg,Yellow Mosaic Virus,7405
C:\Users\Fame IT\Videos\rwn\438\Dataset\Dataset\Yellow Mosaic Virus\IMG20250712131321.jpg,Yellow Mosaic Virus,7406
C:\Users\Fame IT\Videos\rwn\438\Dataset\Dataset\Yellow Mosaic Virus\IMG20250712131326.jpg,Yellow Mosaic Virus,7407
C:\Users\Fame IT\Videos\rwn\438\Dataset\Dataset\Yellow Mosaic Virus\IMG20250712131334.jpg,Yellow Mosaic Virus,7408
C:\Users\Fame IT\Videos\rwn\438\Dataset\Dataset\Yellow Mosaic Virus\IMG20250712131338.jpg,Yellow Mosaic Virus,7409
C:\Users\Fame IT\Videos\rwn\438\Dataset\Dataset\Yellow Mosaic Virus\IMG20250712131349.jpg,Yellow Mosaic Virus,7410
C:\Users\Fame IT\Videos\rwn\438\Dataset\Dataset\Yellow Mosaic Virus\IMG20250712131352.jpg,Yellow Mosaic Virus,7411
C:\Users\Fame IT\Videos\rwn\438\Dataset\Dataset\Yellow Mosaic Virus\IMG20250712131357.jpg,Yellow Mosaic Virus,7412
C:\Users\Fame IT\Videos\rwn\438\Dataset\Dataset\Yellow Mosaic Virus\IMG20250712131401.jpg,Yellow Mosaic Virus,7413
C:\Users\Fame IT\Videos\rwn\438\Dataset\Dataset\Yellow Mosaic Virus\IMG20250712131415.jpg,Yellow Mosaic Virus,7416
C:\Users\Fame IT\Videos\rwn\438\Dataset\Dataset\Yellow Mosaic Virus\IMG20250712131441.jpg,Yellow Mosaic Virus,7417
C:\Users\Fame IT\Videos\rwn\438\Dataset\Dataset\Yellow Mosaic Virus\IMG20250712131445.jpg,Yellow Mosaic Virus,7418
C:\Users\Fame IT\Videos\rwn\438\Dataset\Dataset\Yellow Mosaic Virus\IMG20250712131502.jpg,Yellow Mosaic Virus,7421
C:\Users\Fame IT\Videos\rwn\438\Dataset\Dataset\Yellow Mosaic Virus\IMG20250712131506.jpg,Yellow Mosaic Virus,7422
C:\Users\Fame IT\Videos\rwn\438\Dataset\Dataset\Yellow Mosaic Virus\IMG20250712131520.jpg,Yellow Mosaic Virus,7423
C:\Users\Fame IT\Videos\rwn\438\Dataset\Dataset\Yellow Mosaic Virus\IMG20250712131524.jpg,Yellow Mosaic Virus,7424
C:\Users\Fame IT\Videos\rwn\438\Dataset\Dataset\Yellow Mosaic Virus\IMG20250712131537.jpg,Yellow Mosaic Virus,7425
C:\Users\Fame IT\Videos\rwn\438\Dataset\Dataset\Yellow Mosaic Virus\IMG20250712131551.jpg,Yellow Mosaic Virus,7426
C:\Users\Fame IT\Videos\rwn\438\Dataset\Dataset\Yellow Mosaic Virus\IMG20250712131555.jpg,Yellow Mosaic Virus,7427
C:\Users\Fame IT\Videos\rwn\438\Dataset\Dataset\Yellow Mosaic Virus\IMG20250712131610.jpg,Yellow Mosaic Virus,7429
C:\Users\Fame IT\Videos\rwn\438\Dataset\Dataset\Yellow Mosaic Virus\IMG20250712131622.jpg,Yellow Mosaic Virus,7432
C:\Users\Fame IT\Videos\rwn\438\Dataset\Dataset\Yellow Mosaic Virus\IMG20250712131625.jpg,Yellow Mosaic Virus,7433
C:\Users\Fame IT\Videos\rwn\438\Dataset\Dataset\Yellow Mosaic Virus\IMG20250712131630.jpg,Yellow Mosaic Virus,7434
C:\Users\Fame IT\Videos\rwn\438\Dataset\Dataset\Yellow Mosaic Virus\IMG20250712131634.jpg,Yellow Mosaic Virus,7435
C:\Users\Fame IT\Videos\rwn\438\Dataset\Dataset\Yellow Mosaic Virus\IMG20250712131657.jpg,Yellow Mosaic Virus,7438
C:\Users\Fame IT\Videos\rwn\438\Dataset\Dataset\Yellow Mosaic Virus\IMG20250712131720.jpg,Yellow Mosaic Virus,7440
C:\Users\Fame IT\Videos\rwn\438\Dataset\Dataset\Yellow Mosaic Virus\IMG20250712131724.jpg,Yellow Mosaic Virus,7441
C:\Users\Fame IT\Videos\rwn\438\Dataset\Dataset\Yellow Mosaic Virus\IMG20250712131732.jpg,Yellow Mosaic Virus,7443
C:\Users\Fame IT\Videos\rwn\438\Dataset\Dataset\Yellow Mosaic Virus\IMG20250712131739.jpg,Yellow Mosaic Virus,7444
C:\Users\Fame IT\Videos\rwn\438\Dataset\Dataset\Yellow Mosaic Virus\IMG20250712131742.jpg,Yellow Mosaic Virus,7445
C:\Users\Fame IT\Videos\rwn\438\Dataset\Dataset\Yellow Mosaic Virus\IMG20250712131747.jpg,Yellow Mosaic Virus,7446
C:\Users\Fame IT\Videos\rwn\438\Dataset\Dataset\Yellow Mosaic Virus\IMG20250712131810.jpg,Yellow Mosaic Virus,7447
C:\Users\Fame IT\Videos\rwn\438\Dataset\Dataset\Yellow Mosaic Virus\IMG20250712131820.jpg,Yellow Mosaic Virus,7449
C:\Users\Fame IT\Videos\rwn\438\Dataset\Dataset\Yellow Mosaic Virus\IMG20250712131824.jpg,Yellow Mosaic Virus,7450
C:\Users\Fame IT\Videos\rwn\438\Dataset\Dataset\Yellow Mosaic Virus\IMG20250712131829.jpg,Yellow Mosaic Virus,7451
C:\Users\Fame IT\Videos\rwn\438\Dataset\Dataset\Yellow Mosaic Virus\IMG20250712131842.jpg,Yellow Mosaic Virus,7454
C:\Users\Fame IT\Videos\rwn\438\Dataset\Dataset\Yellow Mosaic Virus\IMG20250712131848.jpg,Yellow Mosaic Virus,7455
C:\Users\Fame IT\Videos\rwn\438\Dataset\Dataset\Yellow Mosaic Virus\IMG20250712131853.jpg,Yellow Mosaic Virus,7456
C:\Users\Fame IT\Videos\rwn\438\Dataset\Dataset\Yellow Mosaic Virus\IMG20250712131920.jpg,Yellow Mosaic Virus,7457
C:\Users\Fame IT\Videos\rwn\438\Dataset\Dataset\Yellow Mosaic Virus\IMG20250712131924.jpg,Yellow Mosaic Virus,7458
C:\Users\Fame IT\Videos\rwn\438\Dataset\Dataset\Yellow Mosaic Virus\IMG20250712131941.jpg,Yellow Mosaic Virus,7459
C:\Users\Fame IT\Videos\rwn\438\Dataset\Dataset\Yellow Mosaic Virus\IMG20250712131953.jpg,Yellow Mosaic Virus,7460
C:\Users\Fame IT\Videos\rwn\438\Dataset\Dataset\Yellow Mosaic Virus\IMG20250712131959.jpg,Yellow Mosaic Virus,7461
C:\Users\Fame IT\Videos\rwn\438\Dataset\Dataset\Yellow Mosaic Virus\IMG20250712132046.jpg,Yellow Mosaic Virus,7464
C:\Users\Fame IT\Videos\rwn\438\Dataset\Dataset\Yellow Mosaic Virus\IMG20250712132057.jpg,Yellow Mosaic Virus,7466
C:\Users\Fame IT\Videos\rwn\438\Dataset\Dataset\Yellow Mosaic Virus\IMG20250712132107.jpg,Yellow Mosaic Virus,7468
C:\Users\Fame IT\Videos\rwn\438\Dataset\Dataset\Yellow Mosaic Virus\IMG20250712132118.jpg,Yellow Mosaic Virus,7469
C:\Users\Fame IT\Videos\rwn\438\Dataset\Dataset\Yellow Mosaic Virus\IMG20250712132154.jpg,Yellow Mosaic Virus,7472
C:\Users\Fame IT\Videos\rwn\438\Dataset\Dataset\Yellow Mosaic Virus\IMG20250712132207.jpg,Yellow Mosaic Virus,7474
C:\Users\Fame IT\Videos\rwn\438\Dataset\Dataset\Yellow Mosaic Virus\IMG20250712132211.jpg,Yellow Mosaic Virus,7475
C:\Users\Fame IT\Videos\rwn\438\Dataset\Dataset\Yellow Mosaic Virus\IMG20250712132215.jpg,Yellow Mosaic Virus,7476
C:\Users\Fame IT\Videos\rwn\438\Dataset\Dataset\Yellow Mosaic Virus\IMG20250712132223.jpg,Yellow Mosaic Virus,7478
C:\Users\Fame IT\Videos\rwn\438\Dataset\Dataset\Yellow Mosaic Virus\IMG20250712132227.jpg,Yellow Mosaic Virus,7479
C:\Users\Fame IT\Videos\rwn\438\Dataset\Dataset\Yellow Mosaic Virus\IMG20250712132231.jpg,Yellow Mosaic Virus,7480
C:\Users\Fame IT\Videos\rwn\438\Dataset\Dataset\Yellow Mosaic Virus\IMG20250712132342.jpg,Yellow Mosaic Virus,7484
C:\Users\Fame IT\Videos\rwn\438\Dataset\Dataset\Yellow Mosaic Virus\IMG20250712132347.jpg,Yellow Mosaic Virus,7485
C:\Users\Fame IT\Videos\rwn\438\Dataset\Dataset\Yellow Mosaic Virus\IMG20250712132414.jpg,Yellow Mosaic Virus,7491
C:\Users\Fame IT\Videos\rwn\438\Dataset\Dataset\Yellow Mosaic Virus\IMG20250712132419.jpg,Yellow Mosaic Virus,7492
C:\Users\Fame IT\Videos\rwn\438\Dataset\Dataset\Yellow Mosaic Virus\IMG20250712132432.jpg,Yellow Mosaic Virus,7495
C:\Users\Fame IT\Videos\rwn\438\Dataset\Dataset\Yellow Mosaic Virus\IMG20250712132437.jpg,Yellow Mosaic Virus,7496
C:\Users\Fame IT\Videos\rwn\438\Dataset\Dataset\Yellow Mosaic Virus\IMG20250712132441.jpg,Yellow Mosaic Virus,7497
C:\Users\Fame IT\Videos\rwn\438\Dataset\Dataset\Yellow Mosaic Virus\IMG20250712132445.jpg,Yellow Mosaic Virus,7498
C:\Users\Fame IT\Videos\rwn\438\Dataset\Dataset\Yellow Mosaic Virus\IMG20250712132449.jpg,Yellow Mosaic Virus,7499
C:\Users\Fame IT\Videos\rwn\438\Dataset\Dataset\Yellow Mosaic Virus\IMG20250712132455.jpg,Yellow Mosaic Virus,7500
C:\Users\Fame IT\Videos\rwn\438\Dataset\Dataset\Yellow Mosaic Virus\IMG20250712132524.jpg,Yellow Mosaic Virus,7501
C:\Users\Fame IT\Videos\rwn\438\Dataset\Dataset\Yellow Mosaic Virus\IMG20250712132536.jpg,Yellow Mosaic Virus,7503
C:\Users\Fame IT\Videos\rwn\438\Dataset\Dataset\Yellow Mosaic Virus\IMG20250712132550.jpg,Yellow Mosaic Virus,7506
C:\Users\Fame IT\Videos\rwn\438\Dataset\Dataset\Yellow Mosaic Virus\IMG20250712132554.jpg,Yellow Mosaic Virus,7507
C:\Users\Fame IT\Videos\rwn\438\Dataset\Dataset\Yellow Mosaic Virus\IMG20250712132558.jpg,Yellow Mosaic Virus,7508
C:\Users\Fame IT\Videos\rwn\438\Dataset\Dataset\Yellow Mosaic Virus\IMG20250712132611.jpg,Yellow Mosaic Virus,7510
C:\Users\Fame IT\Videos\rwn\438\Dataset\Dataset\Yellow Mosaic Virus\IMG20250712132614.jpg,Yellow Mosaic Virus,7511
C:\Users\Fame IT\Videos\rwn\438\Dataset\Dataset\Yellow Mosaic Virus\IMG20250712132706.jpg,Yellow Mosaic Virus,7517
C:\Users\Fame IT\Videos\rwn\438\Dataset\Dataset\Yellow Mosaic Virus\IMG20250712132747.jpg,Yellow Mosaic Virus,7520
C:\Users\Fame IT\Videos\rwn\438\Dataset\Dataset\Yellow Mosaic Virus\IMG20250712132751.jpg,Yellow Mosaic Virus,7521
C:\Users\Fame IT\Videos\rwn\438\Dataset\Dataset\Yellow Mosaic Virus\IMG20250712132801.jpg,Yellow Mosaic Virus,7524
C:\Users\Fame IT\Videos\rwn\438\Dataset\Dataset\Yellow Mosaic Virus\IMG20250712132805.jpg,Yellow Mosaic Virus,7525
C:\Users\Fame IT\Videos\rwn\438\Dataset\Dataset\Yellow Mosaic Virus\IMG20250712132815.jpg,Yellow Mosaic Virus,7526
C:\Users\Fame IT\Videos\rwn\438\Dataset\Dataset\Yellow Mosaic Virus\IMG20250712132821.jpg,Yellow Mosaic Virus,7527
C:\Users\Fame IT\Videos\rwn\438\Dataset\Dataset\Yellow Mosaic Virus\IMG20250712132829.jpg,Yellow Mosaic Virus,7529
C:\Users\Fame IT\Videos\rwn\438\Dataset\Dataset\Yellow Mosaic Virus\IMG20250712132834.jpg,Yellow Mosaic Virus,7530
C:\Users\Fame IT\Videos\rwn\438\Dataset\Dataset\Yellow Mosaic Virus\IMG20250712132837.jpg,Yellow Mosaic Virus,7531
C:\Users\Fame IT\Videos\rwn\438\Dataset\Dataset\Yellow Mosaic Virus\IMG20250712132856.jpg,Yellow Mosaic Virus,7532
C:\Users\Fame IT\Videos\rwn\438\Dataset\Dataset\Yellow Mosaic Virus\IMG20250712132859.jpg,Yellow Mosaic Virus,7533
C:\Users\Fame IT\Videos\rwn\438\Dataset\Dataset\Yellow Mosaic Virus\IMG20250712132907.jpg,Yellow Mosaic Virus,7535
C:\Users\Fame IT\Videos\rwn\438\Dataset\Dataset\Yellow Mosaic Virus\IMG20250712132910.jpg,Yellow Mosaic Virus,7536
C:\Users\Fame IT\Videos\rwn\438\Dataset\Dataset\Yellow Mosaic Virus\IMG20250712132931.jpg,Yellow Mosaic Virus,7541
C:\Users\Fame IT\Videos\rwn\438\Dataset\Dataset\Yellow Mosaic Virus\IMG20250712132939.jpg,Yellow Mosaic Virus,7542
C:\Users\Fame IT\Videos\rwn\438\Dataset\Dataset\Yellow Mosaic Virus\IMG20250712132942.jpg,Yellow Mosaic Virus,7543
C:\Users\Fame IT\Videos\rwn\438\Dataset\Dataset\Yellow Mosaic Virus\IMG20250712132946.jpg,Yellow Mosaic Virus,7544
C:\Users\Fame IT\Videos\rwn\438\Dataset\Dataset\Yellow Mosaic Virus\IMG20250712132950.jpg,Yellow Mosaic Virus,7545
C:\Users\Fame IT\Videos\rwn\438\Dataset\Dataset\Yellow Mosaic Virus\IMG20250712132956.jpg,Yellow Mosaic Virus,7546
C:\Users\Fame IT\Videos\rwn\438\Dataset\Dataset\Yellow Mosaic Virus\IMG20250712133000.jpg,Yellow Mosaic Virus,7547
C:\Users\Fame IT\Videos\rwn\438\Dataset\Dataset\Yellow Mosaic Virus\IMG20250712133004.jpg,Yellow Mosaic Virus,7548
C:\Users\Fame IT\Videos\rwn\438\Dataset\Dataset\Yellow Mosaic Virus\IMG20250712133038.jpg,Yellow Mosaic Virus,7550
C:\Users\Fame IT\Videos\rwn\438\Dataset\Dataset\Yellow Mosaic Virus\IMG20250712133041.jpg,Yellow Mosaic Virus,7551
C:\Users\Fame IT\Videos\rwn\438\Dataset\Dataset\Yellow Mosaic Virus\IMG20250712133046.jpg,Yellow Mosaic Virus,7552
C:\Users\Fame IT\Videos\rwn\438\Dataset\Dataset\Yellow Mosaic Virus\IMG20250712133100.jpg,Yellow Mosaic Virus,7555
C:\Users\Fame IT\Videos\rwn\438\Dataset\Dataset\Yellow Mosaic Virus\IMG20250712133136.jpg,Yellow Mosaic Virus,7557
C:\Users\Fame IT\Videos\rwn\438\Dataset\Dataset\Yellow Mosaic Virus\IMG20250712133149.jpg,Yellow Mosaic Virus,7558
C:\Users\Fame IT\Videos\rwn\438\Dataset\Dataset\Yellow Mosaic Virus\IMG20250712133154.jpg,Yellow Mosaic Virus,7559
C:\Users\Fame IT\Videos\rwn\438\Dataset\Dataset\Yellow Mosaic Virus\IMG20250712133159.jpg,Yellow Mosaic Virus,7560
C:\Users\Fame IT\Videos\rwn\438\Dataset\Dataset\Yellow Mosaic Virus\IMG20250712133206.jpg,Yellow Mosaic Virus,7562
C:\Users\Fame IT\Videos\rwn\438\Dataset\Dataset\Yellow Mosaic Virus\IMG20250712133209.jpg,Yellow Mosaic Virus,7563
C:\Users\Fame IT\Videos\rwn\438\Dataset\Dataset\Yellow Mosaic Virus\IMG20250712133215.jpg,Yellow Mosaic Virus,7564
C:\Users\Fame IT\Videos\rwn\438\Dataset\Dataset\Yellow Mosaic Virus\IMG20250712133225.jpg,Yellow Mosaic Virus,7566
C:\Users\Fame IT\Videos\rwn\438\Dataset\Dataset\Yellow Mosaic Virus\IMG20250712133236.jpg,Yellow Mosaic Virus,7567
C:\Users\Fame IT\Videos\rwn\438\Dataset\Dataset\Yellow Mosaic Virus\IMG20250712133249.jpg,Yellow Mosaic Virus,7570
C:\Users\Fame IT\Videos\rwn\438\Dataset\Dataset\Yellow Mosaic Virus\IMG20250712133259.jpg,Yellow Mosaic Virus,7572
C:\Users\Fame IT\Videos\rwn\438\Dataset\Dataset\Yellow Mosaic Virus\IMG20250712133317.jpg,Yellow Mosaic Virus,7573
C:\Users\Fame IT\Videos\rwn\438\Dataset\Dataset\Yellow Mosaic Virus\IMG20250712133330.jpg,Yellow Mosaic Virus,7575
C:\Users\Fame IT\Videos\rwn\438\Dataset\Dataset\Yellow Mosaic Virus\IMG20250712133334.jpg,Yellow Mosaic Virus,7576
C:\Users\Fame IT\Videos\rwn\438\Dataset\Dataset\Yellow Mosaic Virus\IMG20250712133337.jpg,Yellow Mosaic Virus,7577
C:\Users\Fame IT\Videos\rwn\438\Dataset\Dataset\Yellow Mosaic Virus\IMG20250712133340.jpg,Yellow Mosaic Virus,7578
C:\Users\Fame IT\Videos\rwn\438\Dataset\Dataset\Yellow Mosaic Virus\IMG20250712133357.jpg,Yellow Mosaic Virus,7581
C:\Users\Fame IT\Videos\rwn\438\Dataset\Dataset\Yellow Mosaic Virus\IMG20250712133403.jpg,Yellow Mosaic Virus,7582
C:\Users\Fame IT\Videos\rwn\438\Dataset\Dataset\Yellow Mosaic Virus\IMG20250712133407.jpg,Yellow Mosaic Virus,7583
C:\Users\Fame IT\Videos\rwn\438\Dataset\Dataset\Yellow Mosaic Virus\IMG20250712133410.jpg,Yellow Mosaic Virus,7584
C:\Users\Fame IT\Videos\rwn\438\Dataset\Dataset\Yellow Mosaic Virus\IMG20250712133413.jpg,Yellow Mosaic Virus,7585
C:\Users\Fame IT\Videos\rwn\438\Dataset\Dataset\Yellow Mosaic Virus\IMG20250712133416.jpg,Yellow Mosaic Virus,7586
C:\Users\Fame IT\Videos\rwn\438\Dataset\Dataset\Yellow Mosaic Virus\IMG20250712133419.jpg,Yellow Mosaic Virus,7587
C:\Users\Fame IT\Videos\rwn\438\Dataset\Dataset\Yellow Mosaic Virus\IMG20250712133422.jpg,Yellow Mosaic Virus,7588
C:\Users\Fame IT\Videos\rwn\438\Dataset\Dataset\Yellow Mosaic Virus\IMG20250712133444.jpg,Yellow Mosaic Virus,7590
C:\Users\Fame IT\Videos\rwn\438\Dataset\Dataset\Yellow Mosaic Virus\IMG20250712133447.jpg,Yellow Mosaic Virus,7591
C:\Users\Fame IT\Videos\rwn\438\Dataset\Dataset\Yellow Mosaic Virus\IMG20250712133450.jpg,Yellow Mosaic Virus,7592
C:\Users\Fame IT\Videos\rwn\438\Dataset\Dataset\Yellow Mosaic Virus\IMG20250712133527.jpg,Yellow Mosaic Virus,7593
C:\Users\Fame IT\Videos\rwn\438\Dataset\Dataset\Yellow Mosaic Virus\IMG20250712133531.jpg,Yellow Mosaic Virus,7594
C:\Users\Fame IT\Videos\rwn\438\Dataset\Dataset\Yellow Mosaic Virus\IMG20250712133534.jpg,Yellow Mosaic Virus,7595
C:\Users\Fame IT\Videos\rwn\438\Dataset\Dataset\Yellow Mosaic Virus\IMG20250712133551.jpg,Yellow Mosaic Virus,7597
C:\Users\Fame IT\Videos\rwn\438\Dataset\Dataset\Yellow Mosaic Virus\IMG20250712133559.jpg,Yellow Mosaic Virus,7599
C:\Users\Fame IT\Videos\rwn\438\Dataset\Dataset\Yellow Mosaic Virus\IMG20250712133604.jpg,Yellow Mosaic Virus,7600
C:\Users\Fame IT\Videos\rwn\438\Dataset\Dataset\Yellow Mosaic Virus\IMG20250712133611.jpg,Yellow Mosaic Virus,7602
C:\Users\Fame IT\Videos\rwn\438\Dataset\Dataset\Yellow Mosaic Virus\IMG20250712133624.jpg,Yellow Mosaic Virus,7603
C:\Users\Fame IT\Videos\rwn\438\Dataset\Dataset\Yellow Mosaic Virus\IMG20250712133627.jpg,Yellow Mosaic Virus,7604
C:\Users\Fame IT\Videos\rwn\438\Dataset\Dataset\Yellow Mosaic Virus\IMG20250712133632.jpg,Yellow Mosaic Virus,7605
C:\Users\Fame IT\Videos\rwn\438\Dataset\Dataset\Yellow Mosaic Virus\IMG20250712133635.jpg,Yellow Mosaic Virus,7606
C:\Users\Fame IT\Videos\rwn\438\Dataset\Dataset\Yellow Mosaic Virus\IMG20250712133639.jpg,Yellow Mosaic Virus,7607
C:\Users\Fame IT\Videos\rwn\438\Dataset\Dataset\Yellow Mosaic Virus\IMG20250712133646.jpg,Yellow Mosaic Virus,7609
C:\Users\Fame IT\Videos\rwn\438\Dataset\Dataset\Yellow Mosaic Virus\IMG20250712133649.jpg,Yellow Mosaic Virus,7610
C:\Users\Fame IT\Videos\rwn\438\Dataset\Dataset\Yellow Mosaic Virus\IMG20250712133701.jpg,Yellow Mosaic Virus,7611
C:\Users\Fame IT\Videos\rwn\438\Dataset\Dataset\Yellow Mosaic Virus\IMG20250712133727.jpg,Yellow Mosaic Virus,7612
C:\Users\Fame IT\Videos\rwn\438\Dataset\Dataset\Yellow Mosaic Virus\IMG20250712133732.jpg,Yellow Mosaic Virus,7613
C:\Users\Fame IT\Videos\rwn\438\Dataset\Dataset\Yellow Mosaic Virus\IMG20250712133736.jpg,Yellow Mosaic Virus,7614
C:\Users\Fame IT\Videos\rwn\438\Dataset\Dataset\Yellow Mosaic Virus\IMG20250712133854.jpg,Yellow Mosaic Virus,7617
C:\Users\Fame IT\Videos\rwn\438\Dataset\Dataset\Yellow Mosaic Virus\IMG20250712133858.jpg,Yellow Mosaic Virus,7618
C:\Users\Fame IT\Videos\rwn\438\Dataset\Dataset\Yellow Mosaic Virus\IMG20250712133903.jpg,Yellow Mosaic Virus,7619
C:\Users\Fame IT\Videos\rwn\438\Dataset\Dataset\Yellow Mosaic Virus\IMG20250712133911.jpg,Yellow Mosaic Virus,7621
C:\Users\Fame IT\Videos\rwn\438\Dataset\Dataset\Yellow Mosaic Virus\IMG20250712133920.jpg,Yellow Mosaic Virus,7622
C:\Users\Fame IT\Videos\rwn\438\Dataset\Dataset\Yellow Mosaic Virus\IMG20250712133923.jpg,Yellow Mosaic Virus,7623
C:\Users\Fame IT\Videos\rwn\438\Dataset\Dataset\Yellow Mosaic Virus\IMG20250712133938.jpg,Yellow Mosaic Virus,7625
C:\Users\Fame IT\Videos\rwn\438\Dataset\Dataset\Yellow Mosaic Virus\IMG20250712133942.jpg,Yellow Mosaic Virus,7626
C:\Users\Fame IT\Videos\rwn\438\Dataset\Dataset\Yellow Mosaic Virus\IMG20250712133948.jpg,Yellow Mosaic Virus,7628
C:\Users\Fame IT\Videos\rwn\438\Dataset\Dataset\Yellow Mosaic Virus\IMG20250712133957.jpg,Yellow Mosaic Virus,7631
C:\Users\Fame IT\Videos\rwn\438\Dataset\Dataset\Yellow Mosaic Virus\IMG20250712134000.jpg,Yellow Mosaic Virus,7632
C:\Users\Fame IT\Videos\rwn\438\Dataset\Dataset\Yellow Mosaic Virus\IMG20250712134004.jpg,Yellow Mosaic Virus,7633
C:\Users\Fame IT\Videos\rwn\438\Dataset\Dataset\Yellow Mosaic Virus\IMG20250712134007.jpg,Yellow Mosaic Virus,7634
C:\Users\Fame IT\Videos\rwn\438\Dataset\Dataset\Yellow Mosaic Virus\IMG20250712134044.jpg,Yellow Mosaic Virus,7636
C:\Users\Fame IT\Videos\rwn\438\Dataset\Dataset\Yellow Mosaic Virus\IMG20250712134048.jpg,Yellow Mosaic Virus,7637
C:\Users\Fame IT\Videos\rwn\438\Dataset\Dataset\Yellow Mosaic Virus\IMG20250712134121.jpg,Yellow Mosaic Virus,7641
C:\Users\Fame IT\Videos\rwn\438\Dataset\Dataset\Yellow Mosaic Virus\IMG20250712134130.jpg,Yellow Mosaic Virus,7643
C:\Users\Fame IT\Videos\rwn\438\Dataset\Dataset\Yellow Mosaic Virus\IMG20250712134147.jpg,Yellow Mosaic Virus,7646
C:\Users\Fame IT\Videos\rwn\438\Dataset\Dataset\Yellow Mosaic Virus\IMG20250712134213.jpg,Yellow Mosaic Virus,7647
C:\Users\Fame IT\Videos\rwn\438\Dataset\Dataset\Yellow Mosaic Virus\IMG20250712134217.jpg,Yellow Mosaic Virus,7648
C:\Users\Fame IT\Videos\rwn\438\Dataset\Dataset\Yellow Mosaic Virus\IMG20250712134220.jpg,Yellow Mosaic Virus,7649
C:\Users\Fame IT\Videos\rwn\438\Dataset\Dataset\Yellow Mosaic Virus\IMG20250712134226.jpg,Yellow Mosaic Virus,7651
C:\Users\Fame IT\Videos\rwn\438\Dataset\Dataset\Yellow Mosaic Virus\IMG20250712134229.jpg,Yellow Mosaic Virus,7652
C:\Users\Fame IT\Videos\rwn\438\Dataset\Dataset\Yellow Mosaic Virus\IMG20250712134233.jpg,Yellow Mosaic Virus,7653
C:\Users\Fame IT\Videos\rwn\438\Dataset\Dataset\Yellow Mosaic Virus\IMG20250712134239.jpg,Yellow Mosaic Virus,7655
C:\Users\Fame IT\Videos\rwn\438\Dataset\Dataset\Yellow Mosaic Virus\IMG20250712134308.jpg,Yellow Mosaic Virus,7657
C:\Users\Fame IT\Videos\rwn\438\Dataset\Dataset\Yellow Mosaic Virus\IMG20250712134311.jpg,Yellow Mosaic Virus,7658
C:\Users\Fame IT\Videos\rwn\438\Dataset\Dataset\Yellow Mosaic Virus\IMG20250712134314.jpg,Yellow Mosaic Virus,7659
C:\Users\Fame IT\Videos\rwn\438\Dataset\Dataset\Yellow Mosaic Virus\IMG20250712134355.jpg,Yellow Mosaic Virus,7660
C:\Users\Fame IT\Videos\rwn\438\Dataset\Dataset\Yellow Mosaic Virus\IMG20250712134359.jpg,Yellow Mosaic Virus,7661
C:\Users\Fame IT\Videos\rwn\438\Dataset\Dataset\Yellow Mosaic Virus\IMG20250712134405.jpg,Yellow Mosaic Virus,7662
C:\Users\Fame IT\Videos\rwn\438\Dataset\Dataset\Yellow Mosaic Virus\IMG20250712134408.jpg,Yellow Mosaic Virus,7663
C:\Users\Fame IT\Videos\rwn\438\Dataset\Dataset\Yellow Mosaic Virus\IMG20250712134412.jpg,Yellow Mosaic Virus,7664
C:\Users\Fame IT\Videos\rwn\438\Dataset\Dataset\Yellow Mosaic Virus\IMG20250712134418.jpg,Yellow Mosaic Virus,7665
C:\Users\Fame IT\Videos\rwn\438\Dataset\Dataset\Yellow Mosaic Virus\IMG20250712134422.jpg,Yellow Mosaic Virus,7666
C:\Users\Fame IT\Videos\rwn\438\Dataset\Dataset\Yellow Mosaic Virus\IMG20250712134425.jpg,Yellow Mosaic Virus,7667
C:\Users\Fame IT\Videos\rwn\438\Dataset\Dataset\Yellow Mosaic Virus\IMG20250712134430.jpg,Yellow Mosaic Virus,7668
C:\Users\Fame IT\Videos\rwn\438\Dataset\Dataset\Yellow Mosaic Virus\IMG20250712134438.jpg,Yellow Mosaic Virus,7670
C:\Users\Fame IT\Videos\rwn\438\Dataset\Dataset\Yellow Mosaic Virus\IMG20250712134446.jpg,Yellow Mosaic Virus,7671
C:\Users\Fame IT\Videos\rwn\438\Dataset\Dataset\Yellow Mosaic Virus\IMG20250712134502.jpg,Yellow Mosaic Virus,7673
C:\Users\Fame IT\Videos\rwn\438\Dataset\Dataset\Yellow Mosaic Virus\IMG20250712134506.jpg,Yellow Mosaic Virus,7674
C:\Users\Fame IT\Videos\rwn\438\Dataset\Dataset\Yellow Mosaic Virus\IMG20250712134508.jpg,Yellow Mosaic Virus,7675
C:\Users\Fame IT\Videos\rwn\438\Dataset\Dataset\Yellow Mosaic Virus\IMG20250712134515.jpg,Yellow Mosaic Virus,7676
C:\Users\Fame IT\Videos\rwn\438\Dataset\Dataset\Yellow Mosaic Virus\IMG20250712134523.jpg,Yellow Mosaic Virus,7677
C:\Users\Fame IT\Videos\rwn\438\Dataset\Dataset\Yellow Mosaic Virus\IMG20250712134526.jpg,Yellow Mosaic Virus,7678
C:\Users\Fame IT\Videos\rwn\438\Dataset\Dataset\Yellow Mosaic Virus\IMG20250712134542.jpg,Yellow Mosaic Virus,7681
C:\Users\Fame IT\Videos\rwn\438\Dataset\Dataset\Yellow Mosaic Virus\IMG20250712134553.jpg,Yellow Mosaic Virus,7682
C:\Users\Fame IT\Videos\rwn\438\Dataset\Dataset\Yellow Mosaic Virus\IMG20250712134557.jpg,Yellow Mosaic Virus,7683
C:\Users\Fame IT\Videos\rwn\438\Dataset\Dataset\Yellow Mosaic Virus\IMG20250712134600.jpg,Yellow Mosaic Virus,7684
C:\Users\Fame IT\Videos\rwn\438\Dataset\Dataset\Yellow Mosaic Virus\IMG20250712134603.jpg,Yellow Mosaic Virus,7685
C:\Users\Fame IT\Videos\rwn\438\Dataset\Dataset\Yellow Mosaic Virus\IMG20250712134606.jpg,Yellow Mosaic Virus,7686
C:\Users\Fame IT\Videos\rwn\438\Dataset\Dataset\Yellow Mosaic Virus\IMG20250712134632.jpg,Yellow Mosaic Virus,7687
C:\Users\Fame IT\Videos\rwn\438\Dataset\Dataset\Yellow Mosaic Virus\IMG20250712134643.jpg,Yellow Mosaic Virus,7689
C:\Users\Fame IT\Videos\rwn\438\Dataset\Dataset\Yellow Mosaic Virus\IMG20250712134655.jpg,Yellow Mosaic Virus,7690
C:\Users\Fame IT\Videos\rwn\438\Dataset\Dataset\Yellow Mosaic Virus\IMG20250712134702.jpg,Yellow Mosaic Virus,7691
C:\Users\Fame IT\Videos\rwn\438\Dataset\Dataset\Yellow Mosaic Virus\IMG20250712134720.jpg,Yellow Mosaic Virus,7692
C:\Users\Fame IT\Videos\rwn\438\Dataset\Dataset\Yellow Mosaic Virus\IMG20250712134724.jpg,Yellow Mosaic Virus,7693
C:\Users\Fame IT\Videos\rwn\438\Dataset\Dataset\Yellow Mosaic Virus\IMG20250712134745.jpg,Yellow Mosaic Virus,7695
C:\Users\Fame IT\Videos\rwn\438\Dataset\Dataset\Yellow Mosaic Virus\IMG20250712134755.jpg,Yellow Mosaic Virus,7696
C:\Users\Fame IT\Videos\rwn\438\Dataset\Dataset\Yellow Mosaic Virus\IMG20250712134820.jpg,Yellow Mosaic Virus,7700
C:\Users\Fame IT\Videos\rwn\438\Dataset\Dataset\Yellow Mosaic Virus\IMG20250712134824.jpg,Yellow Mosaic Virus,7701
C:\Users\Fame IT\Videos\rwn\438\Dataset\Dataset\Yellow Mosaic Virus\IMG20250712134828.jpg,Yellow Mosaic Virus,7702
C:\Users\Fame IT\Videos\rwn\438\Dataset\Dataset\Yellow Mosaic Virus\IMG20250712134831.jpg,Yellow Mosaic Virus,7703
C:\Users\Fame IT\Videos\rwn\438\Dataset\Dataset\Yellow Mosaic Virus\IMG20250712134835.jpg,Yellow Mosaic Virus,7704
C:\Users\Fame IT\Videos\rwn\438\Dataset\Dataset\Yellow Mosaic Virus\IMG20250712134844.jpg,Yellow Mosaic Virus,7706
C:\Users\Fame IT\Videos\rwn\438\Dataset\Dataset\Yellow Mosaic Virus\IMG20250712134932.jpg,Yellow Mosaic Virus,7708
C:\Users\Fame IT\Videos\rwn\438\Dataset\Dataset\Yellow Mosaic Virus\IMG20250712134935.jpg,Yellow Mosaic Virus,7709
C:\Users\Fame IT\Videos\rwn\438\Dataset\Dataset\Yellow Mosaic Virus\IMG20250712134939.jpg,Yellow Mosaic Virus,7710
C:\Users\Fame IT\Videos\rwn\438\Dataset\Dataset\Yellow Mosaic Virus\IMG20250712134942.jpg,Yellow Mosaic Virus,7711
C:\Users\Fame IT\Videos\rwn\438\Dataset\Dataset\Yellow Mosaic Virus\IMG20250712134945.jpg,Yellow Mosaic Virus,7712
C:\Users\Fame IT\Videos\rwn\438\Dataset\Dataset\Yellow Mosaic Virus\IMG20250712134948.jpg,Yellow Mosaic Virus,7713
C:\Users\Fame IT\Videos\rwn\438\Dataset\Dataset\Yellow Mosaic Virus\IMG20250712134951.jpg,Yellow Mosaic Virus,7714
C:\Users\Fame IT\Videos\rwn\438\Dataset\Dataset\Yellow Mosaic Virus\IMG20250712135002.jpg,Yellow Mosaic Virus,7717
C:\Users\Fame IT\Videos\rwn\438\Dataset\Dataset\Yellow Mosaic Virus\IMG20250712135016.jpg,Yellow Mosaic Virus,7718
C:\Users\Fame IT\Videos\rwn\438\Dataset\Dataset\Yellow Mosaic Virus\IMG20250712135021.jpg,Yellow Mosaic Virus,7719
C:\Users\Fame IT\Videos\rwn\438\Dataset\Dataset\Yellow Mosaic Virus\IMG20250712135026.jpg,Yellow Mosaic Virus,7720
C:\Users\Fame IT\Videos\rwn\438\Dataset\Dataset\Yellow Mosaic Virus\IMG20250712135029.jpg,Yellow Mosaic Virus,7721
C:\Users\Fame IT\Videos\rwn\438\Dataset\Dataset\Yellow Mosaic Virus\IMG20250712135033.jpg,Yellow Mosaic Virus,7722
C:\Users\Fame IT\Videos\rwn\438\Dataset\Dataset\Yellow Mosaic Virus\IMG20250712135037.jpg,Yellow Mosaic Virus,7723
C:\Users\Fame IT\Videos\rwn\438\Dataset\Dataset\Yellow Mosaic Virus\IMG20250712135049.jpg,Yellow Mosaic Virus,7726
C:\Users\Fame IT\Videos\rwn\438\Dataset\Dataset\Yellow Mosaic Virus\IMG20250712135052.jpg,Yellow Mosaic Virus,7727
C:\Users\Fame IT\Videos\rwn\438\Dataset\Dataset\Yellow Mosaic Virus\IMG20250712135058.jpg,Yellow Mosaic Virus,7728
C:\Users\Fame IT\Videos\rwn\438\Dataset\Dataset\Yellow Mosaic Virus\IMG20250712135102.jpg,Yellow Mosaic Virus,7729
C:\Users\Fame IT\Videos\rwn\438\Dataset\Dataset\Yellow Mosaic Virus\IMG20250712135107.jpg,Yellow Mosaic Virus,7730
C:\Users\Fame IT\Videos\rwn\438\Dataset\Dataset\Yellow Mosaic Virus\IMG20250712135115.jpg,Yellow Mosaic Virus,7732
C:\Users\Fame IT\Videos\rwn\438\Dataset\Dataset\Yellow Mosaic Virus\IMG20250712135134.jpg,Yellow Mosaic Virus,7734
C:\Users\Fame IT\Videos\rwn\438\Dataset\Dataset\Yellow Mosaic Virus\IMG20250712135138.jpg,Yellow Mosaic Virus,7735
C:\Users\Fame IT\Videos\rwn\438\Dataset\Dataset\Yellow Mosaic Virus\IMG20250712135142.jpg,Yellow Mosaic Virus,7736
C:\Users\Fame IT\Videos\rwn\438\Dataset\Dataset\Yellow Mosaic Virus\IMG20250712135145.jpg,Yellow Mosaic Virus,7737
C:\Users\Fame IT\Videos\rwn\438\Dataset\Dataset\Yellow Mosaic Virus\IMG20250712135150.jpg,Yellow Mosaic Virus,7738
C:\Users\Fame IT\Videos\rwn\438\Dataset\Dataset\Yellow Mosaic Virus\IMG20250712135156.jpg,Yellow Mosaic Virus,7740
C:\Users\Fame IT\Videos\rwn\438\Dataset\Dataset\Yellow Mosaic Virus\IMG20250712135211.jpg,Yellow Mosaic Virus,7741
C:\Users\Fame IT\Videos\rwn\438\Dataset\Dataset\Yellow Mosaic Virus\IMG20250712135518.jpg,Yellow Mosaic Virus,7742
C:\Users\Fame IT\Videos\rwn\438\Dataset\Dataset\Yellow Mosaic Virus\IMG20250712135522.jpg,Yellow Mosaic Virus,7743
C:\Users\Fame IT\Videos\rwn\438\Dataset\Dataset\Yellow Mosaic Virus\IMG20250712135525.jpg,Yellow Mosaic Virus,7744
C:\Users\Fame IT\Videos\rwn\438\Dataset\Dataset\Yellow Mosaic Virus\IMG20250712135532.jpg,Yellow Mosaic Virus,7746
C:\Users\Fame IT\Videos\rwn\438\Dataset\Dataset\Yellow Mosaic Virus\IMG20250712135539.jpg,Yellow Mosaic Virus,7748
C:\Users\Fame IT\Videos\rwn\438\Dataset\Dataset\Yellow Mosaic Virus\IMG20250712135550.jpg,Yellow Mosaic Virus,7750
C:\Users\Fame IT\Videos\rwn\438\Dataset\Dataset\Yellow Mosaic Virus\IMG20250712135559.jpg,Yellow Mosaic Virus,7752
C:\Users\Fame IT\Videos\rwn\438\Dataset\Dataset\Yellow Mosaic Virus\IMG20250712135602.jpg,Yellow Mosaic Virus,7753
C:\Users\Fame IT\Videos\rwn\438\Dataset\Dataset\Yellow Mosaic Virus\IMG20250712135606.jpg,Yellow Mosaic Virus,7754
C:\Users\Fame IT\Videos\rwn\438\Dataset\Dataset\Yellow Mosaic Virus\IMG20250712135623.jpg,Yellow Mosaic Virus,7756
C:\Users\Fame IT\Videos\rwn\438\Dataset\Dataset\Yellow Mosaic Virus\IMG20250712135627.jpg,Yellow Mosaic Virus,7757
C:\Users\Fame IT\Videos\rwn\438\Dataset\Dataset\Yellow Mosaic Virus\IMG20250712135630.jpg,Yellow Mosaic Virus,7758
C:\Users\Fame IT\Videos\rwn\438\Dataset\Dataset\Yellow Mosaic Virus\IMG20250712135643.jpg,Yellow Mosaic Virus,7760
C:\Users\Fame IT\Videos\rwn\438\Dataset\Dataset\Yellow Mosaic Virus\IMG20250712135649.jpg,Yellow Mosaic Virus,7762
C:\Users\Fame IT\Videos\rwn\438\Dataset\Dataset\Yellow Mosaic Virus\IMG20250712135652.jpg,Yellow Mosaic Virus,7763
C:\Users\Fame IT\Videos\rwn\438\Dataset\Dataset\Yellow Mosaic Virus\IMG20250712135710.jpg,Yellow Mosaic Virus,7764
C:\Users\Fame IT\Videos\rwn\438\Dataset\Dataset\Yellow Mosaic Virus\IMG20250712135716.jpg,Yellow Mosaic Virus,7766
C:\Users\Fame IT\Videos\rwn\438\Dataset\Dataset\Yellow Mosaic Virus\IMG20250712135723.jpg,Yellow Mosaic Virus,7768
C:\Users\Fame IT\Videos\rwn\438\Dataset\Dataset\Yellow Mosaic Virus\IMG20250712135727.jpg,Yellow Mosaic Virus,7769
C:\Users\Fame IT\Videos\rwn\438\Dataset\Dataset\Yellow Mosaic Virus\IMG20250712135753.jpg,Yellow Mosaic Virus,7772
C:\Users\Fame IT\Videos\rwn\438\Dataset\Dataset\Yellow Mosaic Virus\IMG20250712135805.jpg,Yellow Mosaic Virus,7774
C:\Users\Fame IT\Videos\rwn\438\Dataset\Dataset\Yellow Mosaic Virus\IMG20250712135810.jpg,Yellow Mosaic Virus,7775
C:\Users\Fame IT\Videos\rwn\438\Dataset\Dataset\Yellow Mosaic Virus\IMG20250712135813.jpg,Yellow Mosaic Virus,7776
C:\Users\Fame IT\Videos\rwn\438\Dataset\Dataset\Yellow Mosaic Virus\IMG20250712135819.jpg,Yellow Mosaic Virus,7777
C:\Users\Fame IT\Videos\rwn\438\Dataset\Dataset\Yellow Mosaic Virus\IMG20250712135828.jpg,Yellow Mosaic Virus,7779
C:\Users\Fame IT\Videos\rwn\438\Dataset\Dataset\Yellow Mosaic Virus\IMG20250712135832.jpg,Yellow Mosaic Virus,7780
C:\Users\Fame IT\Videos\rwn\438\Dataset\Dataset\Yellow Mosaic Virus\IMG20250712135840.jpg,Yellow Mosaic Virus,7781
C:\Users\Fame IT\Videos\rwn\438\Dataset\Dataset\Yellow Mosaic Virus\IMG20250712135844.jpg,Yellow Mosaic Virus,7782
C:\Users\Fame IT\Videos\rwn\438\Dataset\Dataset\Yellow Mosaic Virus\IMG20250712135849.jpg,Yellow Mosaic Virus,7783
C:\Users\Fame IT\Videos\rwn\438\Dataset\Dataset\Yellow Mosaic Virus\IMG20250712135855.jpg,Yellow Mosaic Virus,7785
C:\Users\Fame IT\Videos\rwn\438\Dataset\Dataset\Yellow Mosaic Virus\IMG20250712135907.jpg,Yellow Mosaic Virus,7788
C:\Users\Fame IT\Videos\rwn\438\Dataset\Dataset\Yellow Mosaic Virus\IMG20250712135910.jpg,Yellow Mosaic Virus,7789
C:\Users\Fame IT\Videos\rwn\438\Dataset\Dataset\Yellow Mosaic Virus\IMG20250712135913.jpg,Yellow Mosaic Virus,7790
C:\Users\Fame IT\Videos\rwn\438\Dataset\Dataset\Yellow Mosaic Virus\IMG20250712135938.jpg,Yellow Mosaic Virus,7793
C:\Users\Fame IT\Videos\rwn\438\Dataset\Dataset\Yellow Mosaic Virus\IMG20250712135946.jpg,Yellow Mosaic Virus,7795
C:\Users\Fame IT\Videos\rwn\438\Dataset\Dataset\Yellow Mosaic Virus\IMG20250712140008.jpg,Yellow Mosaic Virus,7798
C:\Users\Fame IT\Videos\rwn\438\Dataset\Dataset\Yellow Mosaic Virus\IMG20250712140011.jpg,Yellow Mosaic Virus,7799
C:\Users\Fame IT\Videos\rwn\438\Dataset\Dataset\Yellow Mosaic Virus\IMG20250712140015.jpg,Yellow Mosaic Virus,7800
C:\Users\Fame IT\Videos\rwn\438\Dataset\Dataset\Yellow Mosaic Virus\IMG20250712140021.jpg,Yellow Mosaic Virus,7801
C:\Users\Fame IT\Videos\rwn\438\Dataset\Dataset\Yellow Mosaic Virus\IMG20250712140025.jpg,Yellow Mosaic Virus,7802
C:\Users\Fame IT\Videos\rwn\438\Dataset\Dataset\Yellow Mosaic Virus\IMG20250712140041.jpg,Yellow Mosaic Virus,7805
C:\Users\Fame IT\Videos\rwn\438\Dataset\Dataset\Yellow Mosaic Virus\IMG20250712140225.jpg,Yellow Mosaic Virus,7806
C:\Users\Fame IT\Videos\rwn\438\Dataset\Dataset\Yellow Mosaic Virus\IMG20250712140229.jpg,Yellow Mosaic Virus,7807
C:\Users\Fame IT\Videos\rwn\438\Dataset\Dataset\Yellow Mosaic Virus\IMG20250712140232.jpg,Yellow Mosaic Virus,7808
C:\Users\Fame IT\Videos\rwn\438\Dataset\Dataset\Yellow Mosaic Virus\IMG20250712140240.jpg,Yellow Mosaic Virus,7810
C:\Users\Fame IT\Videos\rwn\438\Dataset\Dataset\Yellow Mosaic Virus\IMG20250712140244.jpg,Yellow Mosaic Virus,7811
C:\Users\Fame IT\Videos\rwn\438\Dataset\Dataset\Yellow Mosaic Virus\IMG20250712140253.jpg,Yellow Mosaic Virus,7812
C:\Users\Fame IT\Videos\rwn\438\Dataset\Dataset\Yellow Mosaic Virus\IMG20250712140314.jpg,Yellow Mosaic Virus,7814
C:\Users\Fame IT\Videos\rwn\438\Dataset\Dataset\Yellow Mosaic Virus\IMG20250712140324.jpg,Yellow Mosaic Virus,7816
C:\Users\Fame IT\Videos\rwn\438\Dataset\Dataset\Yellow Mosaic Virus\IMG20250712140328.jpg,Yellow Mosaic Virus,7817
C:\Users\Fame IT\Videos\rwn\438\Dataset\Dataset\Yellow Mosaic Virus\IMG20250712140337.jpg,Yellow Mosaic Virus,7819
C:\Users\Fame IT\Videos\rwn\438\Dataset\Dataset\Yellow Mosaic Virus\IMG20250712140341.jpg,Yellow Mosaic Virus,7820
C:\Users\Fame IT\Videos\rwn\438\Dataset\Dataset\Yellow Mosaic Virus\IMG20250712140346.jpg,Yellow Mosaic Virus,7821
C:\Users\Fame IT\Videos\rwn\438\Dataset\Dataset\Yellow Mosaic Virus\IMG20250712140429.jpg,Yellow Mosaic Virus,7822
C:\Users\Fame IT\Videos\rwn\438\Dataset\Dataset\Yellow Mosaic Virus\IMG20250712140437.jpg,Yellow Mosaic Virus,7824
C:\Users\Fame IT\Videos\rwn\438\Dataset\Dataset\Yellow Mosaic Virus\IMG20250712140440.jpg,Yellow Mosaic Virus,7825
C:\Users\Fame IT\Videos\rwn\438\Dataset\Dataset\Yellow Mosaic Virus\IMG20250712140446.jpg,Yellow Mosaic Virus,7827
C:\Users\Fame IT\Videos\rwn\438\Dataset\Dataset\Yellow Mosaic Virus\IMG20250712140450.jpg,Yellow Mosaic Virus,7828
C:\Users\Fame IT\Videos\rwn\438\Dataset\Dataset\Yellow Mosaic Virus\IMG20250712140455.jpg,Yellow Mosaic Virus,7829
C:\Users\Fame IT\Videos\rwn\438\Dataset\Dataset\Yellow Mosaic Virus\IMG20250712140500.jpg,Yellow Mosaic Virus,7830
C:\Users\Fame IT\Videos\rwn\438\Dataset\Dataset\Yellow Mosaic Virus\IMG20250712140506.jpg,Yellow Mosaic Virus,7831
C:\Users\Fame IT\Videos\rwn\438\Dataset\Dataset\Yellow Mosaic Virus\IMG20250712140516.jpg,Yellow Mosaic Virus,7832
C:\Users\Fame IT\Videos\rwn\438\Dataset\Dataset\Yellow Mosaic Virus\IMG20250712140532.jpg,Yellow Mosaic Virus,7837
C:\Users\Fame IT\Videos\rwn\438\Dataset\Dataset\Yellow Mosaic Virus\IMG20250712140534.jpg,Yellow Mosaic Virus,7838
C:\Users\Fame IT\Videos\rwn\438\Dataset\Dataset\Yellow Mosaic Virus\IMG20250712140542.jpg,Yellow Mosaic Virus,7839
C:\Users\Fame IT\Videos\rwn\438\Dataset\Dataset\Yellow Mosaic Virus\IMG20250712140548.jpg,Yellow Mosaic Virus,7841
C:\Users\Fame IT\Videos\rwn\438\Dataset\Dataset\Yellow Mosaic Virus\IMG20250712140553.jpg,Yellow Mosaic Virus,7842
C:\Users\Fame IT\Videos\rwn\438\Dataset\Dataset\Yellow Mosaic Virus\IMG20250712140607.jpg,Yellow Mosaic Virus,7844
C:\Users\Fame IT\Videos\rwn\438\Dataset\Dataset\Yellow Mosaic Virus\IMG20250712140610.jpg,Yellow Mosaic Virus,7845
C:\Users\Fame IT\Videos\rwn\438\Dataset\Dataset\Yellow Mosaic Virus\IMG20250712140750.jpg,Yellow Mosaic Virus,7850
C:\Users\Fame IT\Videos\rwn\438\Dataset\Dataset\Yellow Mosaic Virus\IMG20250712140754.jpg,Yellow Mosaic Virus,7851
C:\Users\Fame IT\Videos\rwn\438\Dataset\Dataset\Yellow Mosaic Virus\IMG20250712140757.jpg,Yellow Mosaic Virus,7852
C:\Users\Fame IT\Videos\rwn\438\Dataset\Dataset\Yellow Mosaic Virus\IMG20250712140759.jpg,Yellow Mosaic Virus,7853
C:\Users\Fame IT\Videos\rwn\438\Dataset\Dataset\Yellow Mosaic Virus\IMG20250712140807.jpg,Yellow Mosaic Virus,7855
C:\Users\Fame IT\Videos\rwn\438\Dataset\Dataset\Yellow Mosaic Virus\IMG20250712140810.jpg,Yellow Mosaic Virus,7856
C:\Users\Fame IT\Videos\rwn\438\Dataset\Dataset\Yellow Mosaic Virus\IMG20250712140813.jpg,Yellow Mosaic Virus,7857
C:\Users\Fame IT\Videos\rwn\438\Dataset\Dataset\Yellow Mosaic Virus\IMG20250712140826.jpg,Yellow Mosaic Virus,7858
C:\Users\Fame IT\Videos\rwn\438\Dataset\Dataset\Yellow Mosaic Virus\IMG20250712140834.jpg,Yellow Mosaic Virus,7860
C:\Users\Fame IT\Videos\rwn\438\Dataset\Dataset\Yellow Mosaic Virus\IMG20250712140837.jpg,Yellow Mosaic Virus,7861
C:\Users\Fame IT\Videos\rwn\438\Dataset\Dataset\Yellow Mosaic Virus\IMG20250712140841.jpg,Yellow Mosaic Virus,7862
C:\Users\Fame IT\Videos\rwn\438\Dataset\Dataset\Yellow Mosaic Virus\IMG20250712140852.jpg,Yellow Mosaic Virus,7863
C:\Users\Fame IT\Videos\rwn\438\Dataset\Dataset\Yellow Mosaic Virus\IMG20250712140909.jpg,Yellow Mosaic Virus,7865
C:\Users\Fame IT\Videos\rwn\438\Dataset\Dataset\Yellow Mosaic Virus\IMG20250712140912.jpg,Yellow Mosaic Virus,7866
C:\Users\Fame IT\Videos\rwn\438\Dataset\Dataset\Yellow Mosaic Virus\IMG20250712140919.jpg,Yellow Mosaic Virus,7868
C:\Users\Fame IT\Videos\rwn\438\Dataset\Dataset\Yellow Mosaic Virus\IMG20250712140922.jpg,Yellow Mosaic Virus,7869
C:\Users\Fame IT\Videos\rwn\438\Dataset\Dataset\Yellow Mosaic Virus\IMG20250712140925.jpg,Yellow Mosaic Virus,7870
C:\Users\Fame IT\Videos\rwn\438\Dataset\Dataset\Yellow Mosaic Virus\IMG20250712140930.jpg,Yellow Mosaic Virus,7871
C:\Users\Fame IT\Videos\rwn\438\Dataset\Dataset\Yellow Mosaic Virus\IMG20250712141005.jpg,Yellow Mosaic Virus,7874
C:\Users\Fame IT\Videos\rwn\438\Dataset\Dataset\Yellow Mosaic Virus\IMG20250712141015.jpg,Yellow Mosaic Virus,7877
C:\Users\Fame IT\Videos\rwn\438\Dataset\Dataset\Yellow Mosaic Virus\IMG20250712141017.jpg,Yellow Mosaic Virus,7878
C:\Users\Fame IT\Videos\rwn\438\Dataset\Dataset\Yellow Mosaic Virus\IMG20250712141021.jpg,Yellow Mosaic Virus,7879
C:\Users\Fame IT\Videos\rwn\438\Dataset\Dataset\Yellow Mosaic Virus\IMG20250712141028.jpg,Yellow Mosaic Virus,7880
C:\Users\Fame IT\Videos\rwn\438\Dataset\Dataset\Yellow Mosaic Virus\IMG20250712141032.jpg,Yellow Mosaic Virus,7881
C:\Users\Fame IT\Videos\rwn\438\Dataset\Dataset\Yellow Mosaic Virus\IMG20250712141039.jpg,Yellow Mosaic Virus,7883
C:\Users\Fame IT\Videos\rwn\438\Dataset\Dataset\Yellow Mosaic Virus\IMG20250712141044.jpg,Yellow Mosaic Virus,7884
C:\Users\Fame IT\Videos\rwn\438\Dataset\Dataset\Yellow Mosaic Virus\IMG20250712141048.jpg,Yellow Mosaic Virus,7885
C:\Users\Fame IT\Videos\rwn\438\Dataset\Dataset\Yellow Mosaic Virus\IMG20250712141119.jpg,Yellow Mosaic Virus,7889
C:\Users\Fame IT\Videos\rwn\438\Dataset\Dataset\Yellow Mosaic Virus\IMG20250712141127.jpg,Yellow Mosaic Virus,7891
C:\Users\Fame IT\Videos\rwn\438\Dataset\Dataset\Yellow Mosaic Virus\IMG20250712141132.jpg,Yellow Mosaic Virus,7892
C:\Users\Fame IT\Videos\rwn\438\Dataset\Dataset\Yellow Mosaic Virus\IMG20250712141150.jpg,Yellow Mosaic Virus,7893
C:\Users\Fame IT\Videos\rwn\438\Dataset\Dataset\Yellow Mosaic Virus\IMG20250712141156.jpg,Yellow Mosaic Virus,7895
C:\Users\Fame IT\Videos\rwn\438\Dataset\Dataset\Yellow Mosaic Virus\IMG20250712141203.jpg,Yellow Mosaic Virus,7896
C:\Users\Fame IT\Videos\rwn\438\Dataset\Dataset\Yellow Mosaic Virus\IMG20250712141207.jpg,Yellow Mosaic Virus,7897
C:\Users\Fame IT\Videos\rwn\438\Dataset\Dataset\Yellow Mosaic Virus\IMG20250712141214.jpg,Yellow Mosaic Virus,7899
C:\Users\Fame IT\Videos\rwn\438\Dataset\Dataset\Yellow Mosaic Virus\IMG20250712141218.jpg,Yellow Mosaic Virus,7900
C:\Users\Fame IT\Videos\rwn\438\Dataset\Dataset\Yellow Mosaic Virus\IMG20250712141223.jpg,Yellow Mosaic Virus,7901
C:\Users\Fame IT\Videos\rwn\438\Dataset\Dataset\Yellow Mosaic Virus\IMG20250712141240.jpg,Yellow Mosaic Virus,7903
C:\Users\Fame IT\Videos\rwn\438\Dataset\Dataset\Yellow Mosaic Virus\IMG20250712141244.jpg,Yellow Mosaic Virus,7904
C:\Users\Fame IT\Videos\rwn\438\Dataset\Dataset\Yellow Mosaic Virus\IMG20250712141247.jpg,Yellow Mosaic Virus,7905
C:\Users\Fame IT\Videos\rwn\438\Dataset\Dataset\Yellow Mosaic Virus\IMG20250712141250.jpg,Yellow Mosaic Virus,7906
C:\Users\Fame IT\Videos\rwn\438\Dataset\Dataset\Yellow Mosaic Virus\IMG20250712141253.jpg,Yellow Mosaic Virus,7907
C:\Users\Fame IT\Videos\rwn\438\Dataset\Dataset\Yellow Mosaic Virus\IMG20250712141257.jpg,Yellow Mosaic Virus,7908
C:\Users\Fame IT\Videos\rwn\438\Dataset\Dataset\Yellow Mosaic Virus\IMG20250712141300.jpg,Yellow Mosaic Virus,7909
C:\Users\Fame IT\Videos\rwn\438\Dataset\Dataset\Yellow Mosaic Virus\IMG20250712141319.jpg,Yellow Mosaic Virus,7912
C:\Users\Fame IT\Videos\rwn\438\Dataset\Dataset\Yellow Mosaic Virus\IMG20250712141331.jpg,Yellow Mosaic Virus,7914
C:\Users\Fame IT\Videos\rwn\438\Dataset\Dataset\Yellow Mosaic Virus\IMG20250712141334.jpg,Yellow Mosaic Virus,7915
C:\Users\Fame IT\Videos\rwn\438\Dataset\Dataset\Yellow Mosaic Virus\IMG20250712141338.jpg,Yellow Mosaic Virus,7916
C:\Users\Fame IT\Videos\rwn\438\Dataset\Dataset\Yellow Mosaic Virus\IMG20250712141345.jpg,Yellow Mosaic Virus,7918
C:\Users\Fame IT\Videos\rwn\438\Dataset\Dataset\Yellow Mosaic Virus\IMG20250712141348.jpg,Yellow Mosaic Virus,7919
C:\Users\Fame IT\Videos\rwn\438\Dataset\Dataset\Yellow Mosaic Virus\IMG20250712141352.jpg,Yellow Mosaic Virus,7920
C:\Users\Fame IT\Videos\rwn\438\Dataset\Dataset\Yellow Mosaic Virus\IMG20250712141358.jpg,Yellow Mosaic Virus,7921
C:\Users\Fame IT\Videos\rwn\438\Dataset\Dataset\Yellow Mosaic Virus\IMG20250712141401.jpg,Yellow Mosaic Virus,7922
C:\Users\Fame IT\Videos\rwn\438\Dataset\Dataset\Yellow Mosaic Virus\IMG20250712141403.jpg,Yellow Mosaic Virus,7923
C:\Users\Fame IT\Videos\rwn\438\Dataset\Dataset\Yellow Mosaic Virus\IMG20250712141412.jpg,Yellow Mosaic Virus,7925
C:\Users\Fame IT\Videos\rwn\438\Dataset\Dataset\Yellow Mosaic Virus\IMG20250712141415.jpg,Yellow Mosaic Virus,7926
C:\Users\Fame IT\Videos\rwn\438\Dataset\Dataset\Yellow Mosaic Virus\IMG20250712141418.jpg,Yellow Mosaic Virus,7927
C:\Users\Fame IT\Videos\rwn\438\Dataset\Dataset\Yellow Mosaic Virus\IMG20250712141421.jpg,Yellow Mosaic Virus,7928
C:\Users\Fame IT\Videos\rwn\438\Dataset\Dataset\Yellow Mosaic Virus\IMG20250712141427.jpg,Yellow Mosaic Virus,7930
C:\Users\Fame IT\Videos\rwn\438\Dataset\Dataset\Yellow Mosaic Virus\IMG20250712141435.jpg,Yellow Mosaic Virus,7932
C:\Users\Fame IT\Videos\rwn\438\Dataset\Dataset\Yellow Mosaic Virus\IMG20250712141438.jpg,Yellow Mosaic Virus,7933
C:\Users\Fame IT\Videos\rwn\438\Dataset\Dataset\Yellow Mosaic Virus\IMG20250712141441.jpg,Yellow Mosaic Virus,7934
C:\Users\Fame IT\Videos\rwn\438\Dataset\Dataset\Yellow Mosaic Virus\IMG20250712141444.jpg,Yellow Mosaic Virus,7935
C:\Users\Fame IT\Videos\rwn\438\Dataset\Dataset\Yellow Mosaic Virus\IMG20250712141454.jpg,Yellow Mosaic Virus,7936
C:\Users\Fame IT\Videos\rwn\438\Dataset\Dataset\Yellow Mosaic Virus\IMG20250712141458.jpg,Yellow Mosaic Virus,7937
C:\Users\Fame IT\Videos\rwn\438\Dataset\Dataset\Yellow Mosaic Virus\IMG20250712141502.jpg,Yellow Mosaic Virus,7938
C:\Users\Fame IT\Videos\rwn\438\Dataset\Dataset\Yellow Mosaic Virus\IMG20250712141507.jpg,Yellow Mosaic Virus,7939
C:\Users\Fame IT\Videos\rwn\438\Dataset\Dataset\Yellow Mosaic Virus\IMG20250712141515.jpg,Yellow Mosaic Virus,7941
C:\Users\Fame IT\Videos\rwn\438\Dataset\Dataset\Yellow Mosaic Virus\IMG20250712141519.jpg,Yellow Mosaic Virus,7942
C:\Users\Fame IT\Videos\rwn\438\Dataset\Dataset\Yellow Mosaic Virus\IMG20250712141523.jpg,Yellow Mosaic Virus,7943
C:\Users\Fame IT\Videos\rwn\438\Dataset\Dataset\Yellow Mosaic Virus\IMG20250712141535.jpg,Yellow Mosaic Virus,7946
C:\Users\Fame IT\Videos\rwn\438\Dataset\Dataset\Yellow Mosaic Virus\IMG20250712141543.jpg,Yellow Mosaic Virus,7947
C:\Users\Fame IT\Videos\rwn\438\Dataset\Dataset\Yellow Mosaic Virus\IMG20250712141546.jpg,Yellow Mosaic Virus,7948
C:\Users\Fame IT\Videos\rwn\438\Dataset\Dataset\Yellow Mosaic Virus\IMG20250712141551.jpg,Yellow Mosaic Virus,7949
C:\Users\Fame IT\Videos\rwn\438\Dataset\Dataset\Yellow Mosaic Virus\IMG20250712141554.jpg,Yellow Mosaic Virus,7950
C:\Users\Fame IT\Videos\rwn\438\Dataset\Dataset\Yellow Mosaic Virus\IMG20250712141601.jpg,Yellow Mosaic Virus,7952
C:\Users\Fame IT\Videos\rwn\438\Dataset\Dataset\Yellow Mosaic Virus\IMG20250712141605.jpg,Yellow Mosaic Virus,7953
C:\Users\Fame IT\Videos\rwn\438\Dataset\Dataset\Yellow Mosaic Virus\IMG20250712141609.jpg,Yellow Mosaic Virus,7954
C:\Users\Fame IT\Videos\rwn\438\Dataset\Dataset\Yellow Mosaic Virus\IMG20250712141627.jpg,Yellow Mosaic Virus,7955
C:\Users\Fame IT\Videos\rwn\438\Dataset\Dataset\Yellow Mosaic Virus\IMG20250712141636.jpg,Yellow Mosaic Virus,7957
C:\Users\Fame IT\Videos\rwn\438\Dataset\Dataset\Yellow Mosaic Virus\IMG20250712141641.jpg,Yellow Mosaic Virus,7958
C:\Users\Fame IT\Videos\rwn\438\Dataset\Dataset\Yellow Mosaic Virus\IMG20250712141651.jpg,Yellow Mosaic Virus,7960
C:\Users\Fame IT\Videos\rwn\438\Dataset\Dataset\Yellow Mosaic Virus\IMG20250712141658.jpg,Yellow Mosaic Virus,7961
C:\Users\Fame IT\Videos\rwn\438\Dataset\Dataset\Yellow Mosaic Virus\IMG20250712141709.jpg,Yellow Mosaic Virus,7962
C:\Users\Fame IT\Videos\rwn\438\Dataset\Dataset\Yellow Mosaic Virus\IMG20250712141713.jpg,Yellow Mosaic Virus,7963
C:\Users\Fame IT\Videos\rwn\438\Dataset\Dataset\Yellow Mosaic Virus\IMG20250712141718.jpg,Yellow Mosaic Virus,7964
C:\Users\Fame IT\Videos\rwn\438\Dataset\Dataset\Yellow Mosaic Virus\IMG20250712141722.jpg,Yellow Mosaic Virus,7965
C:\Users\Fame IT\Videos\rwn\438\Dataset\Dataset\Yellow Mosaic Virus\IMG20250712141726.jpg,Yellow Mosaic Virus,7966
C:\Users\Fame IT\Videos\rwn\438\Dataset\Dataset\Yellow Mosaic Virus\IMG20250712141734.jpg,Yellow Mosaic Virus,7967
C:\Users\Fame IT\Videos\rwn\438\Dataset\Dataset\Yellow Mosaic Virus\IMG20250712141753.jpg,Yellow Mosaic Virus,7968
C:\Users\Fame IT\Videos\rwn\438\Dataset\Dataset\Yellow Mosaic Virus\IMG20250712141756.jpg,Yellow Mosaic Virus,7969
C:\Users\Fame IT\Videos\rwn\438\Dataset\Dataset\Yellow Mosaic Virus\IMG20250712141801.jpg,Yellow Mosaic Virus,7970
C:\Users\Fame IT\Videos\rwn\438\Dataset\Dataset\Yellow Mosaic Virus\IMG20250712141804.jpg,Yellow Mosaic Virus,7971
C:\Users\Fame IT\Videos\rwn\438\Dataset\Dataset\Yellow Mosaic Virus\IMG20250712141808.jpg,Yellow Mosaic Virus,7972
C:\Users\Fame IT\Videos\rwn\438\Dataset\Dataset\Yellow Mosaic Virus\IMG20250712141811.jpg,Yellow Mosaic Virus,7973
C:\Users\Fame IT\Videos\rwn\438\Dataset\Dataset\Yellow Mosaic Virus\IMG20250712141820.jpg,Yellow Mosaic Virus,7975
C:\Users\Fame IT\Videos\rwn\438\Dataset\Dataset\Yellow Mosaic Virus\IMG20250712141824.jpg,Yellow Mosaic Virus,7976
C:\Users\Fame IT\Videos\rwn\438\Dataset\Dataset\Yellow Mosaic Virus\IMG20250712141830.jpg,Yellow Mosaic Virus,7978
C:\Users\Fame IT\Videos\rwn\438\Dataset\Dataset\Yellow Mosaic Virus\IMG20250712141846.jpg,Yellow Mosaic Virus,7981
C:\Users\Fame IT\Videos\rwn\438\Dataset\Dataset\Yellow Mosaic Virus\IMG20250712141848.jpg,Yellow Mosaic Virus,7982
C:\Users\Fame IT\Videos\rwn\438\Dataset\Dataset\Yellow Mosaic Virus\IMG20250712141851.jpg,Yellow Mosaic Virus,7983
C:\Users\Fame IT\Videos\rwn\438\Dataset\Dataset\Yellow Mosaic Virus\IMG20250712141855.jpg,Yellow Mosaic Virus,7984
C:\Users\Fame IT\Videos\rwn\438\Dataset\Dataset\Yellow Mosaic Virus\IMG20250712141902.jpg,Yellow Mosaic Virus,7985
C:\Users\Fame IT\Videos\rwn\438\Dataset\Dataset\Yellow Mosaic Virus\IMG20250712141915.jpg,Yellow Mosaic Virus,7986
C:\Users\Fame IT\Videos\rwn\438\Dataset\Dataset\Yellow Mosaic Virus\IMG20250712141924.jpg,Yellow Mosaic Virus,7988
C:\Users\Fame IT\Videos\rwn\438\Dataset\Dataset\Yellow Mosaic Virus\IMG20250712141928.jpg,Yellow Mosaic Virus,7989
C:\Users\Fame IT\Videos\rwn\438\Dataset\Dataset\Yellow Mosaic Virus\IMG20250712141952.jpg,Yellow Mosaic Virus,7990
C:\Users\Fame IT\Videos\rwn\438\Dataset\Dataset\Yellow Mosaic Virus\IMG20250712141955.jpg,Yellow Mosaic Virus,7991
C:\Users\Fame IT\Videos\rwn\438\Dataset\Dataset\Yellow Mosaic Virus\IMG20250712141958.jpg,Yellow Mosaic Virus,7992
C:\Users\Fame IT\Videos\rwn\438\Dataset\Dataset\Yellow Mosaic Virus\IMG20250712142006.jpg,Yellow Mosaic Virus,7993
C:\Users\Fame IT\Videos\rwn\438\Dataset\Dataset\Yellow Mosaic Virus\IMG20250712142009.jpg,Yellow Mosaic Virus,7994
C:\Users\Fame IT\Videos\rwn\438\Dataset\Dataset\Yellow Mosaic Virus\IMG20250712142013.jpg,Yellow Mosaic Virus,7995
C:\Users\Fame IT\Videos\rwn\438\Dataset\Dataset\Yellow Mosaic Virus\IMG20250712142021.jpg,Yellow Mosaic Virus,7996
C:\Users\Fame IT\Videos\rwn\438\Dataset\Dataset\Yellow Mosaic Virus\IMG20250712142025.jpg,Yellow Mosaic Virus,7997
C:\Users\Fame IT\Videos\rwn\438\Dataset\Dataset\Yellow Mosaic Virus\IMG20250712142029.jpg,Yellow Mosaic Virus,7998
C:\Users\Fame IT\Videos\rwn\438\Dataset\Dataset\Yellow Mosaic Virus\IMG20250712142039.jpg,Yellow Mosaic Virus,7999
C:\Users\Fame IT\Videos\rwn\438\Dataset\Dataset\Yellow Mosaic Virus\IMG20250712142042.jpg,Yellow Mosaic Virus,8000
C:\Users\Fame IT\Videos\rwn\438\Dataset\Dataset\Yellow Mosaic Virus\IMG20250712142051.jpg,Yellow Mosaic Virus,8002
C:\Users\Fame IT\Videos\rwn\438\Dataset\Dataset\Yellow Mosaic Virus\IMG20250712142058.jpg,Yellow Mosaic Virus,8004
C:\Users\Fame IT\Videos\rwn\438\Dataset\Dataset\Yellow Mosaic Virus\IMG20250712142107.jpg,Yellow Mosaic Virus,8005
C:\Users\Fame IT\Videos\rwn\438\Dataset\Dataset\Yellow Mosaic Virus\IMG20250712142117.jpg,Yellow Mosaic Virus,8008
C:\Users\Fame IT\Videos\rwn\438\Dataset\Dataset\Yellow Mosaic Virus\IMG20250712142128.jpg,Yellow Mosaic Virus,8009
C:\Users\Fame IT\Videos\rwn\438\Dataset\Dataset\Yellow Mosaic Virus\IMG20250712142130.jpg,Yellow Mosaic Virus,8010
C:\Users\Fame IT\Videos\rwn\438\Dataset\Dataset\Yellow Mosaic Virus\IMG20250712142139.jpg,Yellow Mosaic Virus,8011
C:\Users\Fame IT\Videos\rwn\438\Dataset\Dataset\Yellow Mosaic Virus\IMG20250712142143.jpg,Yellow Mosaic Virus,8012
C:\Users\Fame IT\Videos\rwn\438\Dataset\Dataset\Yellow Mosaic Virus\IMG20250712142149.jpg,Yellow Mosaic Virus,8013
C:\Users\Fame IT\Videos\rwn\438\Dataset\Dataset\Yellow Mosaic Virus\IMG20250712142157.jpg,Yellow Mosaic Virus,8014
C:\Users\Fame IT\Videos\rwn\438\Dataset\Dataset\Yellow Mosaic Virus\IMG20250712142201.jpg,Yellow Mosaic Virus,8015
C:\Users\Fame IT\Videos\rwn\438\Dataset\Dataset\Yellow Mosaic Virus\IMG20250712142204.jpg,Yellow Mosaic Virus,8016
C:\Users\Fame IT\Videos\rwn\438\Dataset\Dataset\Yellow Mosaic Virus\IMG20250712142208.jpg,Yellow Mosaic Virus,8017
C:\Users\Fame IT\Videos\rwn\438\Dataset\Dataset\Yellow Mosaic Virus\IMG20250712142219.jpg,Yellow Mosaic Virus,8019
C:\Users\Fame IT\Videos\rwn\438\Dataset\Dataset\Yellow Mosaic Virus\IMG20250712142226.jpg,Yellow Mosaic Virus,8021
C:\Users\Fame IT\Videos\rwn\438\Dataset\Dataset\Yellow Mosaic Virus\IMG20250712142301.jpg,Yellow Mosaic Virus,8022
C:\Users\Fame IT\Videos\rwn\438\Dataset\Dataset\Yellow Mosaic Virus\IMG20250712142306.jpg,Yellow Mosaic Virus,8023
C:\Users\Fame IT\Videos\rwn\438\Dataset\Dataset\Yellow Mosaic Virus\IMG20250712142309.jpg,Yellow Mosaic Virus,8024
C:\Users\Fame IT\Videos\rwn\438\Dataset\Dataset\Yellow Mosaic Virus\IMG20250712142319.jpg,Yellow Mosaic Virus,8027
C:\Users\Fame IT\Videos\rwn\438\Dataset\Dataset\Yellow Mosaic Virus\IMG20250712142330.jpg,Yellow Mosaic Virus,8028
C:\Users\Fame IT\Videos\rwn\438\Dataset\Dataset\Yellow Mosaic Virus\IMG20250712142333.jpg,Yellow Mosaic Virus,8029
C:\Users\Fame IT\Videos\rwn\438\Dataset\Dataset\Yellow Mosaic Virus\IMG20250712142424.jpg,Yellow Mosaic Virus,8034
C:\Users\Fame IT\Videos\rwn\438\Dataset\Dataset\Yellow Mosaic Virus\IMG20250712142429.jpg,Yellow Mosaic Virus,8035
C:\Users\Fame IT\Videos\rwn\438\Dataset\Dataset\Yellow Mosaic Virus\IMG20250712142432.jpg,Yellow Mosaic Virus,8036
C:\Users\Fame IT\Videos\rwn\438\Dataset\Dataset\Yellow Mosaic Virus\IMG20250712142434.jpg,Yellow Mosaic Virus,8037
C:\Users\Fame IT\Videos\rwn\438\Dataset\Dataset\Yellow Mosaic Virus\IMG20250712142437.jpg,Yellow Mosaic Virus,8038
C:\Users\Fame IT\Videos\rwn\438\Dataset\Dataset\Yellow Mosaic Virus\IMG20250712142524.jpg,Yellow Mosaic Virus,8040
C:\Users\Fame IT\Videos\rwn\438\Dataset\Dataset\Yellow Mosaic Virus\IMG20250712142536.jpg,Yellow Mosaic Virus,8042
C:\Users\Fame IT\Videos\rwn\438\Dataset\Dataset\Yellow Mosaic Virus\IMG20250712142539.jpg,Yellow Mosaic Virus,8043
C:\Users\Fame IT\Videos\rwn\438\Dataset\Dataset\Yellow Mosaic Virus\IMG20250712142543.jpg,Yellow Mosaic Virus,8044
C:\Users\Fame IT\Videos\rwn\438\Dataset\Dataset\Yellow Mosaic Virus\IMG20250712142550.jpg,Yellow Mosaic Virus,8046
C:\Users\Fame IT\Videos\rwn\438\Dataset\Dataset\Yellow Mosaic Virus\IMG20250712142557.jpg,Yellow Mosaic Virus,8047
C:\Users\Fame IT\Videos\rwn\438\Dataset\Dataset\Yellow Mosaic Virus\IMG20250712142559.jpg,Yellow Mosaic Virus,8048
C:\Users\Fame IT\Videos\rwn\438\Dataset\Dataset\Yellow Mosaic Virus\IMG20250712142602.jpg,Yellow Mosaic Virus,8049
C:\Users\Fame IT\Videos\rwn\438\Dataset\Dataset\Yellow Mosaic Virus\IMG20250712142612.jpg,Yellow Mosaic Virus,8052
C:\Users\Fame IT\Videos\rwn\438\Dataset\Dataset\Yellow Mosaic Virus\IMG20250712142624.jpg,Yellow Mosaic Virus,8054
C:\Users\Fame IT\Videos\rwn\438\Dataset\Dataset\Yellow Mosaic Virus\IMG20250712142627.jpg,Yellow Mosaic Virus,8055
C:\Users\Fame IT\Videos\rwn\438\Dataset\Dataset\Yellow Mosaic Virus\IMG20250712142631.jpg,Yellow Mosaic Virus,8056
C:\Users\Fame IT\Videos\rwn\438\Dataset\Dataset\Yellow Mosaic Virus\IMG20250712142637.jpg,Yellow Mosaic Virus,8057
C:\Users\Fame IT\Videos\rwn\438\Dataset\Dataset\Yellow Mosaic Virus\IMG20250712142647.jpg,Yellow Mosaic Virus,8058
C:\Users\Fame IT\Videos\rwn\438\Dataset\Dataset\Yellow Mosaic Virus\IMG20250712142710.jpg,Yellow Mosaic Virus,8059
C:\Users\Fame IT\Videos\rwn\438\Dataset\Dataset\Yellow Mosaic Virus\IMG20250712142721.jpg,Yellow Mosaic Virus,8061
C:\Users\Fame IT\Videos\rwn\438\Dataset\Dataset\Yellow Mosaic Virus\IMG20250712142724.jpg,Yellow Mosaic Virus,8062
C:\Users\Fame IT\Videos\rwn\438\Dataset\Dataset\Yellow Mosaic Virus\IMG20250712142727.jpg,Yellow Mosaic Virus,8063
C:\Users\Fame IT\Videos\rwn\438\Dataset\Dataset\Yellow Mosaic Virus\IMG20250712142734.jpg,Yellow Mosaic Virus,8065
C:\Users\Fame IT\Videos\rwn\438\Dataset\Dataset\Yellow Mosaic Virus\IMG20250712142739.jpg,Yellow Mosaic Virus,8067
